GPS LATITUDE (degrees), GPS LONGITUDE (degrees), GPS ALTITUDE (m), GPS SPEED (Kmh), GPS ACCURACY (m), GPS ORIENTATION (Â°),GPS SATELLITES IN RANGE, TIME SINCE START (ms), DATE (YYYY-MO-DD HH-MI-SS_SSS), ACCELEROMETER X (m/s²) , ACCELEROMETER Y (m/s²), ACCELEROMETER Z (m/s²), GRAVITY X (m/s²), GRAVITY Y (m/s²), GRAVITY Z (m/s²), GYROSCOPE Yaw (rad/s), GYROSCOPE Pitch (rad/s), GYROSCOPE Roll (rad/s), MAGNETIC FIELD X (Î¼T), MAGNETIC FIELD Y (Î¼T), MAGNETIC FIELD Z (Î¼T), ORIENTATION (Yaw) (Â°), ORIENTATION (Pitch) (Â°), ORIENTATION (Roll ) (Â°)
52.40166,-1.50529,147.5,5.57,3,241.65,27 / 28,2922,2019-09-08 10:07:49:546,0.1002,1.539,9.8338,0.0028,0.0048,9.8066,0.0187,-0.0607,-0.0069,-5.87,-26.37,30.31,18.78,-78.2,-153.5
52.40166,-1.50529,147.5,5.57,3,241.65,27 / 28,3022,2019-09-08 10:07:49:646,0.3661,-0.5675,10.2633,0.0112,-0.0054,9.8066,-0.0116,-0.0595,-0.0168,-6,-26.06,29.81,18.42,-78.22,-153.78
52.40166,-1.50529,147.5,5.57,3,241.65,27 / 28,3121,2019-09-08 10:07:49:745,0.0257,0.7192,9.7339,0.0061,-0.0161,9.8065,-0.0143,-0.0524,0.0234,-5.69,-26.06,30.56,17.81,-78.15,-154.56
52.40166,-1.50529,147.5,5.57,3,241.65,27 / 28,3221,2019-09-08 10:07:49:845,0.8207,-0.5999,9.7746,0.0024,0.0023,9.8066,0.0266,-0.0646,0.0316,-5.81,-26.56,29.88,17.45,-78.07,-154.73
52.40166,-1.50529,147.5,5.57,3,241.65,27 / 28,3322,2019-09-08 10:07:49:946,0.6825,0.0965,9.6368,0.0051,-0.0157,9.8066,-0.0198,-0.0267,-0.0104,-5.81,-26.5,29.63,16.93,-77.97,-155.07
52.40166,-1.50529,147.5,5.57,3,241.65,27 / 28,3421,2019-09-08 10:07:50:045,0.3605,0.3625,9.984,-0.0032,-0.0038,9.8066,0.0631,-0.0595,0.0113,-6.56,-26.5,29.81,14.63,-77.84,-155.13
52.40166,-1.50529,147.5,5.57,3,241.65,27 / 28,3522,2019-09-08 10:07:50:146,0.4613,0.6275,9.8064,-0.0005,0.0061,9.8066,0.0105,-0.0116,-0.0019,-5.94,-25.94,29.88,16.93,-77.82,-155.12
52.40166,-1.50529,147.5,5.57,3,241.65,27 / 28,3622,2019-09-08 10:07:50:246,0.2006,1.3535,9.6703,0.0081,0.0096,9.8066,-0.0657,0.0044,-0.0377,-6.31,-27.12,30.38,17.57,-77.86,-154.71
52.40166,-1.50529,147.5,5.57,3,241.65,27 / 28,3722,2019-09-08 10:07:50:346,-0.2899,0.6331,9.6904,-0.015,0.0108,9.8065,-0.0288,0.0374,-0.024,-6.06,-26,29.56,17.81,-78.03,-154.34
52.40166,-1.50529,147.5,5.57,3,241.65,27 / 28,3821,2019-09-08 10:07:50:445,0.3603,1.2992,9.9784,-0.0044,-0.0101,9.8066,-0.114,0.0384,-0.0364,-6.12,-26.44,30.13,18.51,-78.11,-153.74
52.40166,-1.50529,147.5,5.57,3,241.65,27 / 28,3922,2019-09-08 10:07:50:546,-0.4425,0.8494,9.8731,0.0034,-0.0196,9.8066,-0.1402,0.0217,-0.0265,-5.75,-26.5,29.13,18.23,-78.13,-153.69
52.40166,-1.50529,147.5,5.57,3,241.65,27 / 28,4021,2019-09-08 10:07:50:645,-0.3747,2.814,11.3035,-0.0248,0.0196,9.8065,0.0668,0.0058,-0.0597,-6.37,-26.44,29.38,18.46,-78.37,-153.42
52.40166,-1.50529,147.5,5.57,3,241.65,27 / 28,4121,2019-09-08 10:07:50:745,0.5803,0.5597,9.8483,0.0133,0.0257,9.8065,0.0928,-0.0013,-0.0238,-6.5,-26.62,29.94,19.02,-78.42,-153.35
52.40166,-1.50529,147.5,5.57,3,241.65,27 / 28,4221,2019-09-08 10:07:50:845,0.9522,0.9144,10.041,-0.0001,-0.0183,9.8066,-0.0164,-0.0317,0.0413,-6.31,-26.5,30.31,18.59,-78.36,-153.6
52.40166,-1.50529,147.5,5.57,3,241.65,27 / 28,4321,2019-09-08 10:07:50:945,-0.289,0.7632,9.3697,0.0033,-0.0121,9.8066,-0.1155,0.0798,-0.0472,-6.56,-26.12,30.13,16.25,-78.23,-153.7
52.40166,-1.50529,147.5,5.57,3,241.65,27 / 28,4422,2019-09-08 10:07:51:046,2.0907,2.2083,9.6777,0.0075,-0.0039,9.8066,-0.0154,-0.05,0.105,-6.56,-26.06,30.06,16.21,-78.3,-153.71
52.40166,-1.50529,147.5,5.57,3,241.65,27 / 28,4521,2019-09-08 10:07:51:145,0.8095,1.5868,10.249,-0.0229,0.0106,9.8065,0.019,0.1389,-0.0674,-6.56,-26.69,30.56,18,-78.26,-152.7
52.40166,-1.50529,147.5,5.57,3,241.65,27 / 28,4622,2019-09-08 10:07:51:246,-0.2451,1.6643,9.9904,0.0027,0.0187,9.8066,-0.0168,0.0323,-0.0643,-6.81,-26.37,30,17.7,-78.31,-152.49
52.40166,-1.50529,147.5,5.57,3,241.65,27 / 28,4721,2019-09-08 10:07:51:345,-0.2453,1.6826,9.5951,-0.0125,0.0174,9.8065,0.0332,0.1052,-0.0976,-6.87,-26.62,30.44,18.3,-78.47,-152.07
52.40166,-1.50529,147.5,5.57,3,241.65,27 / 28,4822,2019-09-08 10:07:51:446,0.1397,1.1485,9.386,-0.0038,0.0003,9.8066,-0.0296,0.0533,-0.0057,-7.19,-26.31,30.75,18.04,-78.44,-152.5
52.40166,-1.50529,147.5,5.57,3,241.65,27 / 28,4921,2019-09-08 10:07:51:545,0.0658,1.3001,9.9592,-0.0067,0.0083,9.8066,0.0364,0.0553,0.0163,-6.75,-27.44,30.31,17.96,-78.46,-152.35
52.40166,-1.50529,147.5,5.57,3,241.65,27 / 28,5021,2019-09-08 10:07:51:645,0.0691,1.6603,9.818,0.007,-0.0011,9.8066,-0.0488,0.0673,-0.0112,-6.62,-26.69,30.5,18.6,-78.44,-152.14
52.40166,-1.50529,147.5,5.57,3,241.65,27 / 28,5122,2019-09-08 10:07:51:746,0.2818,1.2875,9.7529,0.0029,-0.0033,9.8066,-0.0655,0.041,-0.0135,-6.94,-26.62,29.88,18.07,-78.43,-152.27
52.40166,-1.50529,147.5,5.57,3,241.65,27 / 28,5221,2019-09-08 10:07:51:845,0.4165,1.1707,9.8061,0.0038,-0.007,9.8065,-0.0677,0.0334,-0.0275,-7.06,-26.69,31,18.58,-78.42,-152.17
52.40166,-1.50529,147.5,5.57,3,241.65,27 / 28,5321,2019-09-08 10:07:51:945,-0.1991,1.7212,9.9847,-0.0066,-0.0037,9.8066,-0.0414,0.019,0.0011,-6.62,-26.69,31.13,18.72,-78.44,-152.05
52.40166,-1.50529,147.5,5.57,3,241.65,27 / 28,5421,2019-09-08 10:07:52:045,-0.1869,1.7066,9.4396,-0.0095,0.0168,9.8066,0.042,0.0376,-0.0154,-7,-26.12,30.69,19.7,-78.52,-151.09
52.40166,-1.50529,147.5,5.57,3,241.65,27 / 28,5522,2019-09-08 10:07:52:146,-0.3953,1.2726,9.9741,0.0002,0.0138,9.8066,0.0628,0.0066,-0.0119,-6.87,-25.75,32.06,20.13,-78.52,-151.02
52.40166,-1.50529,147.5,5.57,3,241.65,27 / 28,5621,2019-09-08 10:07:52:245,-0.5458,1.5378,9.97,-0.0028,-0.0015,9.8066,0.0224,0.049,-0.0416,-7.56,-26.75,31.5,18.19,-78.47,-151.05
52.40166,-1.50529,147.5,5.57,3,241.65,27 / 28,5722,2019-09-08 10:07:52:346,0.1189,1.4624,9.7168,-0.0033,-0.003,9.8066,-0.0075,0.0022,-0.0049,-7.06,-27.06,31.25,19.85,-78.55,-151.08
52.40166,-1.50529,147.5,5.57,3,241.65,27 / 28,5822,2019-09-08 10:07:52:446,0.2067,2.3462,10.1442,0.0005,-0.0009,9.8066,0.0115,0.0698,-0.0119,-6.81,-25.44,31.13,19.93,-78.53,-150.77
52.40166,-1.50529,147.5,5.57,3,241.65,27 / 28,5921,2019-09-08 10:07:52:545,-0.3054,1.1901,9.5579,-0.0068,-0.0042,9.8066,0.0337,0.0059,0.0431,-7.19,-26.44,31.31,20.53,-78.52,-150.4
52.40166,-1.50529,147.5,5.57,3,241.65,27 / 28,6022,2019-09-08 10:07:52:646,-0.1416,1.4104,9.5326,-0.0171,-0.0082,9.8066,-0.003,0.0266,0.0343,-7.31,-26.69,31.31,21.49,-78.41,-149.77
52.40166,-1.50529,147.5,5.57,3,241.65,27 / 28,6122,2019-09-08 10:07:52:746,-0.0544,1.546,9.5328,0.0031,0.0079,9.8066,0.0069,0.0373,-0.0139,-7.87,-27.06,31.38,19.92,-78.42,-149.3
52.40166,-1.50529,147.5,5.57,3,241.65,27 / 28,6222,2019-09-08 10:07:52:846,-0.9257,1.6676,10.3216,0.0015,-0.0088,9.8065,0.0248,0.0193,0.0251,-7.12,-27.06,31.06,22.16,-78.52,-149.18
52.40166,-1.50529,147.5,5.57,3,241.65,27 / 28,6322,2019-09-08 10:07:52:946,-0.5155,1.326,9.8827,0.0099,-0.0016,9.8066,0.0531,0.0286,0.0144,-7,-26.81,31,22.34,-78.64,-148.99
52.40166,-1.50529,147.5,5.57,3,241.65,27 / 28,6421,2019-09-08 10:07:53:045,0.1088,1.6868,9.8483,-0.0014,-0.0016,9.8066,0.0227,0.0086,0.0393,-7.31,-25.94,30.94,21.94,-78.68,-149.17
52.40166,-1.50529,147.5,5.57,3,241.65,27 / 28,6522,2019-09-08 10:07:53:146,0.3099,0.9932,9.6978,-0.0035,-0.008,9.8065,0.0459,0.0049,0.0266,-7.56,-25.87,31.81,20.27,-78.69,-149.14
52.40166,-1.50529,147.5,5.57,3,241.65,27 / 28,6622,2019-09-08 10:07:53:246,-0.2505,2.0428,9.5068,-0.0031,0.0028,9.8065,-0.0276,0.0299,0.0036,-7.5,-26.69,31.5,23.06,-78.74,-148.63
52.40166,-1.50529,147.5,5.57,3,241.65,27 / 28,6721,2019-09-08 10:07:53:345,0.0046,1.45,9.7885,-0.0013,0.0015,9.8066,0.0002,-0.0021,-0.0217,-7.62,-26.81,31.69,21.48,-78.86,-148.18
52.40166,-1.50529,147.5,5.57,3,241.65,27 / 28,6821,2019-09-08 10:07:53:445,-0.1125,1.3453,9.8381,-0.009,0.0066,9.8066,0.0505,-0.0009,-0.0014,-7.5,-26.37,31.56,23.92,-78.87,-147.72
52.40166,-1.50529,147.5,5.57,3,241.65,27 / 28,6922,2019-09-08 10:07:53:546,-0.3253,1.4915,10.0593,0.0077,-0.0146,9.8065,-0.0367,0.0338,-0.0083,-7.75,-26.94,31.5,21.53,-78.78,-148.17
52.40166,-1.50529,147.5,5.57,3,241.65,27 / 28,7022,2019-09-08 10:07:53:646,-0.2107,0.9142,9.6648,0.0106,-0.0007,9.8066,0.0042,0.0071,0.0127,-7.56,-26.62,31.25,20.49,-78.87,-148.67
52.40166,-1.50529,147.5,5.57,3,241.65,27 / 28,7121,2019-09-08 10:07:53:745,0.3349,2.1905,9.743,0.0044,-0.0051,9.8066,-0.002,0.0189,0.001,-6.81,-26.5,31.31,22.22,-78.89,-148.86
52.40166,-1.50529,147.5,5.57,3,241.65,27 / 28,7221,2019-09-08 10:07:53:845,-0.3283,2.1472,9.9405,-0.0056,-0.0002,9.8066,0.0281,0.0526,-0.0067,-7.44,-26.06,31.38,22.2,-78.94,-148.86
52.40166,-1.50529,147.5,5.57,3,241.65,27 / 28,7322,2019-09-08 10:07:53:946,0.1982,1.0569,9.8299,-0.0065,0.0029,9.8066,0.0141,0.0045,0.0036,-7.31,-26.19,32,23.01,-78.91,-148.47
52.40166,-1.50529,147.5,5.57,3,241.65,27 / 28,7422,2019-09-08 10:07:54:046,-0.3598,2,10.076,-0.0071,0.0058,9.8065,-0.0013,-0.0031,0.0101,-7.69,-26.75,31.75,21.72,-78.9,-147.97
52.40166,-1.50529,147.5,5.57,3,241.65,27 / 28,7521,2019-09-08 10:07:54:145,-0.186,1.3782,9.8767,0.0002,0.0078,9.8065,0.0136,0.0269,-0.0003,-8.12,-26.56,31.81,21.94,-78.96,-147.76
52.40166,-1.50529,147.5,5.57,3,241.65,27 / 28,7622,2019-09-08 10:07:54:246,-0.3725,1.6443,9.7896,0.0019,0.0068,9.8066,-0.0166,0.0293,-0.012,-7.87,-27.37,31.44,21.43,-79.02,-147.83
52.40166,-1.50529,147.5,5.57,3,241.65,27 / 28,7721,2019-09-08 10:07:54:345,-0.0552,1.3082,9.4465,0.0027,0.006,9.8065,-0.0185,0.0265,-0.024,-7.69,-26.69,31.31,21.37,-79.12,-147.85
52.40166,-1.50529,147.5,5.57,3,241.65,26 / 27,7821,2019-09-08 10:07:54:445,0.0079,1.1675,9.999,0.0037,0.0063,9.8066,-0.0105,0.011,0.0027,-7.75,-26.06,32.06,21.39,-79.2,-148.02
52.40166,-1.50529,147.5,5.57,3,241.65,26 / 27,7922,2019-09-08 10:07:54:546,-0.1963,1.0801,10.0373,0.0052,0.0025,9.8066,-0.0024,0.0141,-0.0019,-7.31,-26.56,31.44,23.06,-79.24,-148.15
52.40166,-1.50529,147.5,5.57,3,241.65,26 / 27,8021,2019-09-08 10:07:54:645,-0.1002,1.0834,9.843,0.0013,0.0039,9.8066,-0.0057,0.029,-0.0113,-7.37,-27,31.81,23.11,-79.3,-148.36
52.40166,-1.50529,147.5,5.57,3,241.65,26 / 27,8121,2019-09-08 10:07:54:745,0.1379,1.176,9.7408,0.0031,0.0064,9.8066,-0.0059,0.0296,-0.0065,-7.5,-27.06,30.81,22.69,-79.35,-148.42
52.40166,-1.50529,147.5,5.57,3,241.65,26 / 27,8222,2019-09-08 10:07:54:846,-0.0807,0.8154,9.8503,-0.0046,0.0088,9.8066,0.0226,0.0172,0.0107,-7.56,-27,31.69,21.21,-79.48,-148.19
52.40166,-1.50529,147.5,5.57,3,241.65,26 / 27,8322,2019-09-08 10:07:54:946,0.0536,0.8557,9.9076,-0.0036,0.0086,9.8066,0.005,0.0377,0.0047,-7.62,-26.56,31.25,20.98,-79.49,-148.03
52.40166,-1.50529,147.5,5.57,3,241.65,26 / 27,8422,2019-09-08 10:07:55:046,-0.1542,0.8258,9.9247,-0.0019,0.0079,9.8066,-0.0005,-0.0035,-0.0021,-7.75,-26.5,31.63,21.56,-79.49,-147.76
52.40166,-1.50529,147.5,5.57,3,241.65,26 / 27,8522,2019-09-08 10:07:55:146,0.0587,0.7137,9.7298,0.0009,0.0095,9.8066,0.0125,0.0208,-0.0017,-8.06,-26.44,31.44,21.25,-79.55,-147.67
52.40166,-1.50529,147.5,5.57,3,241.65,26 / 27,8622,2019-09-08 10:07:55:246,0.0414,0.6016,9.9323,0.0023,0.002,9.8066,0.0061,0.0123,-0.0097,-7.25,-26.12,31,23.43,-79.65,-147.55
52.40166,-1.50529,147.5,5.57,3,241.65,26 / 27,8721,2019-09-08 10:07:55:345,0.1256,0.5247,9.9626,0.0011,0.0014,9.8066,-0.0156,0.0084,-0.0187,-7.62,-26.37,31.44,21.33,-79.69,-147.55
52.40166,-1.50529,147.5,5.57,3,241.65,26 / 27,8821,2019-09-08 10:07:55:445,0.1793,0.6265,9.8452,0.0009,0.0046,9.8066,0.0049,-0.0093,-0.0043,-7.81,-26.37,31.38,21.45,-79.76,-147.42
52.40166,-1.50529,147.5,5.57,3,241.65,26 / 28,8921,2019-09-08 10:07:55:545,0.0848,0.3436,9.9432,-0.0011,0.0049,9.8066,0.0052,-0.0028,0.0029,-7.37,-25.81,31.25,23.66,-79.87,-147.27
52.40166,-1.50529,147.5,5.57,3,241.65,26 / 28,9022,2019-09-08 10:07:55:646,0.1513,0.2498,9.8079,-0.0024,0.0043,9.8066,-0.0149,0.0105,0.0085,-7.44,-25.75,31.31,23.96,-79.91,-146.99
52.40166,-1.50529,147.5,5.57,3,241.65,26 / 28,9121,2019-09-08 10:07:55:745,-0.008,0.6103,9.7786,-0.0012,0.0105,9.8066,-0.0193,-0.0019,-0.0073,-6.75,-26.06,31.44,24.08,-79.97,-146.86
52.40166,-1.50529,147.5,5.57,3,241.65,26 / 28,9223,2019-09-08 10:07:55:847,0.0869,0.216,9.831,0.0001,0.0111,9.8066,-0.0119,0.028,-0.0071,-7.62,-26.37,31.69,22.52,-80.01,-146.76
52.40166,-1.50529,147.5,5.57,3,241.65,26 / 28,9321,2019-09-08 10:07:55:945,0.2465,0.2838,10.0273,-0.001,0.0083,9.8066,-0.0205,0.0176,-0.008,-7.56,-26.5,31.38,22.55,-80.17,-146.33
52.40166,-1.50529,147.5,5.57,3,241.65,26 / 28,9421,2019-09-08 10:07:56:045,0.1395,0.1888,9.8324,0.0004,0.0051,9.8066,-0.0002,0.0062,0.0025,-8.19,-25.56,30.88,22.69,-80.22,-146.19
52.40166,-1.50529,147.5,5.57,3,241.65,26 / 28,9521,2019-09-08 10:07:56:145,0.123,0.2036,9.7444,-0.0008,0.0078,9.8066,0.0018,0.0138,0.0001,-7.69,-25.94,31.5,23.18,-80.27,-146.1
52.40166,-1.50529,147.5,5.57,3,241.65,26 / 28,9622,2019-09-08 10:07:56:246,0.1288,-0.1496,9.8829,-0.001,0.0051,9.8066,-0.0203,-0.0028,-0.0105,-7.31,-26.5,31.13,25.09,-80.35,-145.84
52.40166,-1.50529,147.5,5.57,3,241.65,26 / 28,9721,2019-09-08 10:07:56:345,0.2464,0.0292,9.9039,-0.0013,0.0096,9.8065,-0.0081,0.0193,-0.0067,-7.37,-25.56,31.38,25.3,-80.41,-145.63
52.40166,-1.50529,147.5,5.57,3,241.65,24 / 27,9821,2019-09-08 10:07:56:445,0.0445,0.219,9.9519,0.0011,0.0067,9.8066,-0.0128,0.0177,-0.0174,-7.62,-26.12,31.56,23.93,-80.52,-145.35
52.40166,-1.50529,147.5,5.57,3,241.65,24 / 27,9922,2019-09-08 10:07:56:546,0.0568,0.2046,9.8926,0.0016,0.0029,9.8066,0.0212,0.026,0.0005,-7.44,-25.56,32,26.2,-80.57,-145.07
52.40166,-1.50529,147.5,5.57,3,241.65,24 / 27,10021,2019-09-08 10:07:56:645,0.1348,0.5315,9.9067,-0.0006,0.002,9.8066,-0.0038,0.0003,-0.0023,-7.5,-25.81,32,26.35,-80.63,-144.92
52.40166,-1.50529,147.5,5.57,3,241.65,24 / 27,10121,2019-09-08 10:07:56:745,0.1008,0.1024,9.8561,0.0004,0.0056,9.8066,0.0236,0.0067,0.0057,-7.37,-26.62,31.81,26.78,-80.7,-144.63
52.40166,-1.50529,147.5,5.57,3,241.65,24 / 27,10221,2019-09-08 10:07:56:845,-0.006,-0.0701,9.8252,-0.0017,0.0039,9.8066,0.0087,0.0107,0.0022,-7.31,-25.81,31.69,26.99,-80.79,-144.28
52.40166,-1.50529,147.5,5.57,3,241.65,24 / 27,10322,2019-09-08 10:07:56:946,0.0391,-0.1925,9.8029,0.0017,0.0047,9.8066,-0.0166,-0.0058,-0.0057,-7.81,-25.87,31.25,24.86,-80.84,-144.08
52.40166,-1.50529,147.5,5.57,3,241.65,24 / 27,10421,2019-09-08 10:07:57:045,0.1183,-0.0732,9.8219,0.0004,0.0018,9.8066,0.0263,0.0139,0.0007,-7.5,-26.94,31.56,27.33,-80.92,-144.06
52.40166,-1.50529,147.5,5.57,3,241.65,24 / 27,10521,2019-09-08 10:07:57:145,0.0905,-0.3878,9.7381,0.0017,-0.0001,9.8066,0.0221,0.0057,-0.0015,-7.69,-26.25,32.31,25.13,-80.94,-144.14
52.40166,-1.50529,147.5,5.57,3,241.65,24 / 27,10621,2019-09-08 10:07:57:245,0.1382,-0.4033,9.9348,0.0008,0.0073,9.8066,0.0146,0.0218,-0.0037,-7.81,-26.37,31.75,25.16,-80.99,-144.09
52.40166,-1.50529,147.5,5.57,3,241.65,24 / 27,10721,2019-09-08 10:07:57:345,0.1055,-0.1395,9.9307,0.0002,0.0065,9.8066,-0.0076,-0.0088,-0.0112,-8.06,-26.25,31.63,25.32,-81.07,-143.92
52.40166,-1.50529,147.5,5.57,3,241.65,24 / 27,10822,2019-09-08 10:07:57:446,0.171,-0.4837,9.8396,0.0021,0.008,9.8066,-0.0016,-0.0051,-0.0082,-7.75,-26.37,32.06,25.39,-81.13,-143.83
52.40166,-1.50529,147.5,5.57,3,241.65,25 / 27,10922,2019-09-08 10:07:57:546,0.1806,-0.3408,9.8688,0.001,0.003,9.8066,-0.0114,0.0102,-0.0072,-7.5,-26.12,31.88,27.35,-81.2,-143.79
52.40166,-1.50529,147.5,5.57,3,241.65,25 / 27,11021,2019-09-08 10:07:57:645,0.1877,-0.1268,9.9262,0.0004,0.0058,9.8066,-0.0094,-0.0007,-0.0044,-7.56,-25.75,32.25,25.53,-81.25,-143.66
52.40166,-1.50529,147.5,5.57,3,241.65,25 / 27,11122,2019-09-08 10:07:57:746,0.1366,-0.2787,9.8784,0.0016,-0.0017,9.8066,-0.0242,-0.0087,0.0017,-7.31,-25.81,31.63,27.57,-81.29,-143.56
52.40166,-1.50529,147.5,5.57,3,241.65,25 / 27,11222,2019-09-08 10:07:57:846,0.1323,-0.1713,9.8751,0.0004,0.0027,9.8066,-0.0078,0.0314,0.0044,-7.94,-26.87,32.13,25.82,-81.36,-143.48
52.40166,-1.50529,147.5,5.57,3,241.65,25 / 27,11321,2019-09-08 10:07:57:945,0.1803,0.0062,9.7029,-0.0026,0.0093,9.8065,-0.0445,0.0069,-0.0103,-7.19,-26.19,32,28.2,-81.48,-142.92
52.40166,-1.50529,147.5,5.57,3,241.65,25 / 27,11421,2019-09-08 10:07:58:045,0.0806,-0.3594,9.7474,-0.0009,-0.0088,9.8066,0.0228,-0.0225,0.0058,-7.5,-26.75,31.5,28.4,-81.45,-142.88
52.40166,-1.50529,147.5,5.57,3,241.65,25 / 27,11522,2019-09-08 10:07:58:146,0.3503,-0.4766,9.7967,0.0032,0.0132,9.8066,-0.0336,0.0012,0.0285,-8.06,-25.87,31.94,26.56,-81.59,-142.61
52.40166,-1.50529,147.5,5.57,3,241.65,25 / 27,11621,2019-09-08 10:07:58:245,-0.1851,-0.2158,9.9803,0.0123,0.0275,9.8066,-0.0779,-0.0015,-0.0115,-7.75,-26.5,32.13,26.87,-81.74,-142.27
52.40166,-1.50529,147.5,5.57,3,241.65,25 / 27,11721,2019-09-08 10:07:58:345,-0.2703,-0.3112,10.0148,0.0008,-0.0269,9.8065,0.0527,-0.0255,0.0097,-7,-26.44,31.81,29.15,-82.03,-141.82
52.40166,-1.50529,147.5,5.57,3,241.65,25 / 27,11823,2019-09-08 10:07:58:447,0.1264,0.3619,9.5718,0.0108,0.0152,9.8066,-0.1392,0.0308,0.0059,-7.81,-25.37,31.38,25.38,-81.91,-143.07
52.401546,-1.505601,147.88,0,4,237.99,24 / 27,11922,2019-09-08 10:07:58:546,-0.0191,-0.193,9.8462,0.0109,-0.0511,9.8065,-0.1901,0.0425,-0.0602,-7.37,-26.69,31.63,27.89,-81.84,-143.16
52.401546,-1.505601,147.88,0,4,237.99,24 / 27,12022,2019-09-08 10:07:58:646,-0.1078,-0.5185,10.0943,-0.0167,0.0322,9.8066,0.0162,0.087,0.0345,-7.56,-27.12,31.31,26.12,-82,-142.59
52.401546,-1.505601,147.88,0,4,237.99,24 / 27,12122,2019-09-08 10:07:58:746,0.3709,-0.4049,9.9197,-0.0124,-0.0177,9.8066,0.067,-0.0184,0.0361,-7.31,-26.5,32.75,29.58,-81.84,-141.8
52.401546,-1.505601,147.88,0,4,237.99,24 / 27,12221,2019-09-08 10:07:58:845,0.0779,-0.3971,10.0161,0.003,-0.013,9.8066,0.0568,0.0045,-0.0267,-7.31,-25.94,31.81,28.4,-81.59,-142.7
52.401546,-1.505601,147.88,0,4,237.99,24 / 27,12322,2019-09-08 10:07:58:946,0.039,-0.6655,9.8064,0.0029,-0.0208,9.8066,-0.0249,0.0238,0.0156,-7.25,-26.5,32.25,26.95,-81.64,-143.96
52.401546,-1.505601,147.88,0,4,237.99,24 / 27,12427,2019-09-08 10:07:59:051,0.0097,0.1379,9.8569,-0.0034,0.018,9.8066,0.0798,0.0169,-0.0114,-7.5,-26.69,32.38,27.55,-81.73,-143.51
52.401546,-1.505601,147.88,0,4,237.99,24 / 27,12522,2019-09-08 10:07:59:146,0.0181,0.0363,9.8348,0.0041,-0.0061,9.8066,-0.0428,0.0161,0.0168,-7.62,-26.06,32.5,25.57,-81.71,-143.77
52.401546,-1.505601,147.88,0,4,237.99,24 / 27,12621,2019-09-08 10:07:59:245,0.1678,-0.1475,9.8775,0.0013,0.0031,9.8066,0.0326,0.0139,0.0143,-7.25,-26.06,31.88,27.31,-81.73,-143.6
52.401546,-1.505601,147.88,0,4,237.99,24 / 27,12722,2019-09-08 10:07:59:346,0.1729,-0.3571,9.8574,0.0002,0.0112,9.8066,0.0192,0.006,0.0047,-7.19,-26.62,32.13,27.63,-81.76,-143.42
52.401546,-1.505601,147.88,0,4,237.99,24 / 26,12821,2019-09-08 10:07:59:445,0.0431,-0.6063,9.9354,0.0011,-0.0019,9.8066,-0.0391,0.0197,-0.0025,-7.56,-27.19,31.81,25.7,-81.75,-143.42
52.401546,-1.505601,147.88,0,4,237.99,24 / 26,12921,2019-09-08 10:07:59:545,0.1226,-0.295,9.7533,-0.0003,0.0059,9.8065,0.0074,0.0061,-0.0049,-7.81,-26.37,32.31,25.71,-81.8,-143.28
52.401546,-1.505601,147.88,0,4,237.99,24 / 26,13022,2019-09-08 10:07:59:646,0.175,-0.6462,9.8414,0.0018,-0.0031,9.8066,0.0005,0.0276,-0.0092,-7.5,-26.06,31.5,27.54,-81.8,-143.37
52.401546,-1.505601,147.88,0,4,237.99,24 / 26,13124,2019-09-08 10:07:59:748,0.0867,-0.4308,9.865,0.0005,-0.0022,9.8066,-0.0066,-0.0114,-0.0025,-7.56,-25.56,32.25,25.57,-81.8,-143.4
52.401546,-1.505601,147.88,0,4,237.99,24 / 26,13221,2019-09-08 10:07:59:845,0.098,-0.2473,9.78,-0.0002,0.0047,9.8066,0.0044,0.01,-0.0013,-7.62,-25.69,31.25,25.19,-81.82,-143.39
52.401546,-1.505601,147.88,0,4,237.99,24 / 26,13321,2019-09-08 10:07:59:945,0.0752,-0.3285,9.8492,0.0005,0.0031,9.8066,0.0074,0.0089,0.007,-7.06,-25.5,32.25,27.47,-81.85,-143.3
52.401546,-1.505601,147.88,0,4,237.99,24 / 26,13422,2019-09-08 10:08:00:046,0.0306,-0.3198,9.8538,0.0012,0.0047,9.8066,-0.0029,0.0083,0.005,-7.62,-26.06,31.63,25.77,-81.89,-143.19
52.401546,-1.505601,147.88,0,4,237.99,24 / 26,13521,2019-09-08 10:08:00:145,-0.0012,-0.3144,9.9025,0.0003,0,9.8066,-0.01,0.0158,0.0031,-7.75,-26.87,31.88,25.89,-81.89,-143.19
52.401546,-1.505601,147.88,0,4,237.99,24 / 26,13622,2019-09-08 10:08:00:246,0.0847,-0.411,9.9331,0.0008,-0.001,9.8066,-0.0028,0.0157,0.0005,-7.81,-26.62,31.94,26,-81.92,-143.09
52.401546,-1.505601,147.88,0,4,237.99,24 / 26,13721,2019-09-08 10:08:00:345,0.1435,-0.4388,9.8653,0.0004,-0.0035,9.8066,-0.0118,0.0068,-0.0073,-7.5,-26.31,32.13,27.76,-81.91,-143.13
52.401546,-1.505601,147.88,0,4,237.99,25 / 27,13821,2019-09-08 10:08:00:445,0.0501,-0.3783,9.8442,-0.0011,-0.0004,9.8066,-0.0015,-0.0072,-0.0063,-7.5,-26.19,31.94,27.91,-81.93,-142.99
52.401546,-1.505601,147.88,0,4,237.99,25 / 27,13921,2019-09-08 10:08:00:545,0.0716,-0.2487,9.8579,-0.0011,0.0011,9.8066,0.001,0.0115,-0.012,-7.56,-25.5,31.75,25.9,-81.93,-142.96
52.401546,-1.505601,147.88,0,4,237.99,25 / 27,14022,2019-09-08 10:08:00:646,0.0246,-0.3069,9.9106,0.0004,-0.0003,9.8066,-0.0104,0.0015,-0.0103,-7.87,-25.69,31.44,25.69,-81.94,-142.9
52.401546,-1.505601,147.88,0,4,237.99,25 / 27,14121,2019-09-08 10:08:00:745,0.0856,-0.4347,9.8468,-0.0012,0.0026,9.8066,0.0026,0.0084,-0.0029,-7.37,-26.31,31.56,27.99,-81.96,-142.9
52.401546,-1.505601,147.88,0,4,237.99,25 / 27,14222,2019-09-08 10:08:00:846,0.1244,-0.3989,9.8776,0.0012,-0.0004,9.8065,0.0003,0.0149,0.006,-7.44,-25.56,32.06,27.87,-81.94,-143.01
52.401546,-1.505601,147.88,0,4,237.99,25 / 27,14322,2019-09-08 10:08:00:946,0.0662,-0.5602,9.8858,-0.0005,0.0017,9.8066,0.0056,-0.0018,0.0036,-8.06,-26.31,31.81,25.97,-81.95,-142.99
52.401546,-1.505601,147.88,0,4,237.99,25 / 27,14422,2019-09-08 10:08:01:046,0.1538,-0.4155,9.8208,0.0006,-0.0008,9.8066,-0.0103,-0.004,0.006,-7.94,-26.37,31.88,26.01,-81.94,-142.96
52.401546,-1.505601,147.88,0,4,237.99,25 / 27,14522,2019-09-08 10:08:01:146,0.1575,-0.2812,9.8228,0.0006,-0.0005,9.8066,-0.0014,0.0099,0.0045,-7.94,-26.81,32.31,26.11,-81.95,-142.97
52.401546,-1.505601,147.88,0,4,237.99,25 / 27,14621,2019-09-08 10:08:01:245,0.0432,-0.356,9.8872,0.0009,-0.0002,9.8066,-0.0013,-0.0025,-0.0071,-7.75,-26.81,31.56,26.1,-81.95,-142.98
52.401546,-1.505601,147.88,0,4,237.99,25 / 27,14721,2019-09-08 10:08:01:345,0.1448,-0.3341,9.9123,0.0004,-0.0041,9.8066,-0.0083,0.0021,-0.008,-7.37,-25.94,31.56,27.72,-81.94,-143.15
52.401546,-1.505601,147.88,0,4,237.99,25 / 27,14827,2019-09-08 10:08:01:451,0.1684,-0.4135,9.8665,0.0012,-0.0009,9.8065,-0.0061,0.0101,-0.0094,-7.87,-26,31.88,25.75,-81.93,-143.2
52.401546,-1.505601,147.88,0,4,237.99,23 / 25,14922,2019-09-08 10:08:01:546,0.1324,-0.4638,9.8607,0.0005,-0.001,9.8066,-0.0089,-0.003,-0.0063,-7,-25.37,31.94,27.43,-81.93,-143.3
52.401546,-1.505601,147.88,0,4,237.99,23 / 25,15021,2019-09-08 10:08:01:645,0.0931,-0.4701,9.8029,0.001,-0.0032,9.8066,-0.0143,0.0015,-0.0018,-7.69,-25.94,31.81,25.4,-81.91,-143.52
52.401546,-1.505601,147.88,0,4,237.99,23 / 25,15122,2019-09-08 10:08:01:746,0.1069,-0.2356,9.8473,0.0007,0.0012,9.8065,0.0017,0.0238,0.0039,-7.69,-26.25,31.69,25.38,-81.93,-143.53
52.401546,-1.505601,147.88,0,4,237.99,23 / 25,15221,2019-09-08 10:08:01:845,0.1007,-0.2578,9.9251,0.0006,-0.004,9.8066,-0.0054,0.0086,0.001,-7.62,-26.69,32,25.48,-81.92,-143.55
52.401546,-1.505601,147.88,0,4,237.99,23 / 25,15321,2019-09-08 10:08:01:945,0.1077,-0.3219,9.9682,-0.0005,-0.0008,9.8066,-0.005,0.0025,0.0005,-7.94,-26.69,31.56,25.27,-81.88,-143.75
52.401546,-1.505601,147.88,0,4,237.99,23 / 25,15421,2019-09-08 10:08:02:045,0.0552,-0.4496,9.9303,0.0009,0.0007,9.8066,-0.0018,-0.0042,0.0071,-7.44,-26.94,32,27.13,-81.86,-143.82
52.401546,-1.505601,147.88,0,4,237.99,23 / 25,15522,2019-09-08 10:08:02:146,0.0535,-0.3435,9.9144,-0.0002,-0.0035,9.8066,0.0053,0.0053,0.0095,-8.06,-26.06,31.81,24.99,-81.84,-143.91
52.401546,-1.505601,147.88,0,4,237.99,23 / 25,15621,2019-09-08 10:08:02:245,0.0961,-0.479,9.8901,0.0016,-0.0034,9.8066,0.0013,-0.0018,0.001,-7.94,-25.69,32.25,24.82,-81.81,-144.08
52.401546,-1.505601,147.88,0,4,237.99,23 / 25,15724,2019-09-08 10:08:02:348,0.1029,-0.3703,9.9015,-0.0006,-0.0026,9.8066,0.0001,-0.0097,-0.0038,-8,-25.75,31.5,24.71,-81.78,-144.18
52.401546,-1.505601,147.88,0,4,237.99,25 / 27,15821,2019-09-08 10:08:02:445,0.0922,-0.2946,9.8687,-0.0004,-0.003,9.8066,0.0056,0.0082,0.0012,-7.44,-26.56,32.31,26.65,-81.75,-144.29
52.401546,-1.505601,147.88,0,4,237.99,25 / 27,15921,2019-09-08 10:08:02:545,0.0971,-0.1744,9.9259,0.0002,-0.0025,9.8066,0.0053,-0.0035,0.0019,-7.37,-26.06,31,26.07,-81.7,-144.42
52.401546,-1.505601,147.88,0,4,237.99,25 / 27,16021,2019-09-08 10:08:02:645,0.12,-0.167,9.9461,-0.0002,-0.0036,9.8066,-0.0045,-0.0168,-0.0095,-7.56,-26.12,31.63,24.32,-81.65,-144.58
52.401546,-1.505601,147.88,0,4,237.99,25 / 27,16122,2019-09-08 10:08:02:746,0.0868,-0.2408,9.8884,-0.0002,-0.0012,9.8066,0.0012,0.0038,-0.0053,-8,-26.31,32,24.18,-81.61,-144.72
52.401546,-1.505601,147.88,0,4,237.99,25 / 27,16221,2019-09-08 10:08:02:845,0.0601,-0.3811,9.8903,-0.0007,-0.0006,9.8066,0.0101,0.0009,0.0086,-7.31,-26.12,32.13,26.01,-81.58,-144.82
52.401546,-1.505601,147.88,0,4,237.99,25 / 27,16322,2019-09-08 10:08:02:946,0.1517,-0.4244,9.874,-0.0005,-0.0023,9.8066,0.0035,-0.0018,0.0104,-7.56,-25.87,32.13,24.03,-81.55,-144.87
52.401546,-1.505601,147.88,0,4,237.99,25 / 27,16422,2019-09-08 10:08:03:046,0.1129,-0.468,9.8464,0.0012,-0.0043,9.8066,-0.0079,-0.0038,0.0151,-7.62,-26.31,32.19,23.93,-81.5,-144.98
52.401546,-1.505601,147.88,0,4,237.99,25 / 27,16522,2019-09-08 10:08:03:146,0.0098,-0.2094,9.8347,0.0012,-0.0027,9.8066,-0.0027,0.0076,-0.0004,-6.94,-26.37,32,25.83,-81.47,-145.03
52.401546,-1.505601,147.88,0,4,237.99,25 / 27,16621,2019-09-08 10:08:03:245,0.1392,-0.0473,9.9423,0.0002,-0.0013,9.8066,-0.0034,-0.0055,-0.0117,-7.94,-25.75,31.75,23.7,-81.43,-145.21
52.401546,-1.505601,147.88,0,4,237.99,25 / 27,16722,2019-09-08 10:08:03:346,0.1233,-0.3093,9.8615,0.0006,-0.0045,9.8065,-0.0067,0.0027,-0.012,-7.94,-26.37,32.13,23.42,-81.38,-145.48
52.401546,-1.505601,147.88,0,4,237.99,24 / 27,16821,2019-09-08 10:08:03:445,0.0795,-0.2274,9.905,-0.0016,-0.0018,9.8066,0.0011,0.0029,-0.001,-7.44,-26.56,32.06,25.38,-81.37,-145.58
52.401546,-1.505601,147.88,0,4,237.99,24 / 27,16921,2019-09-08 10:08:03:545,0.0132,-0.396,9.8618,-0.0009,-0.0022,9.8065,0.0017,-0.0123,-0.0102,-7.62,-26.5,32,23.34,-81.33,-145.57
52.401546,-1.505601,147.88,0,4,237.99,24 / 27,17022,2019-09-08 10:08:03:646,-0.0102,-0.3253,9.913,0.0004,-0.0043,9.8066,0.0077,0.0069,0.0048,-7.12,-26.19,31.94,25.12,-81.27,-145.73
52.401546,-1.505601,147.88,0,4,237.99,24 / 27,17121,2019-09-08 10:08:03:745,0.1054,-0.0558,9.8511,0.0005,-0.0046,9.8066,0.0048,0.0105,0.0071,-7.37,-26.37,31.69,24.94,-81.24,-145.9
52.401546,-1.505601,147.88,0,4,237.99,24 / 27,17221,2019-09-08 10:08:03:845,0.021,-0.146,9.8851,-0.0006,-0.0029,9.8066,0.0084,-0.0097,0.0085,-7.06,-26,31.56,24.92,-81.23,-145.93
52.401546,-1.505601,147.88,0,4,237.99,24 / 27,17322,2019-09-08 10:08:03:946,-0.0483,-0.2954,9.9093,-0.0005,-0.0046,9.8066,0.0049,0.0011,0.0059,-7.69,-25.75,31.75,22.98,-81.2,-145.93
52.401546,-1.505601,147.88,0,4,237.99,24 / 27,17422,2019-09-08 10:08:04:046,0.0457,-0.4407,9.8251,0.0001,-0.0028,9.8066,0.001,0.0001,-0.0062,-7.37,-26.19,31.5,24.65,-81.14,-146.2
52.401546,-1.505601,147.88,0,4,237.99,24 / 27,17521,2019-09-08 10:08:04:145,0.1738,-0.3064,9.8596,0.0008,-0.0018,9.8066,0.0065,-0.0168,0,-7.19,-26.25,32.31,24.56,-81.13,-146.29
52.401546,-1.505601,147.88,0,4,237.99,24 / 27,17622,2019-09-08 10:08:04:246,0.0682,-0.2306,9.8409,0.0005,-0.0025,9.8066,0.0006,0.0082,-0.0051,-7.69,-26.5,32.06,22.56,-81.1,-146.34
52.401546,-1.505601,147.88,0,4,237.99,24 / 27,17721,2019-09-08 10:08:04:345,-0.0421,-0.106,9.9001,-0.001,-0.0029,9.8066,-0.0058,0.012,0.0036,-8.06,-26.19,32.06,22.46,-81.08,-146.43
52.401546,-1.505601,147.88,0,4,237.99,25 / 27,17821,2019-09-08 10:08:04:445,0.0251,-0.0967,9.9043,0.0009,-0.0014,9.8066,-0.0076,-0.0013,0.0048,-7.69,-25.94,31.81,22.54,-81.03,-146.38
52.401546,-1.505601,147.88,0,4,237.99,25 / 27,17922,2019-09-08 10:08:04:546,0.08,-0.1635,9.918,-0.0008,-0.0009,9.8066,-0.0057,0.0035,0.0092,-7.75,-25.62,31.88,22.45,-81,-146.47
52.401546,-1.505601,147.88,0,4,237.99,25 / 27,18022,2019-09-08 10:08:04:646,0.0991,-0.301,9.8767,-0.001,-0.0004,9.8066,-0.0084,0.0015,0.0015,-7.44,-26.19,31.88,24.28,-80.97,-146.59
52.401546,-1.505601,147.88,0,4,237.99,25 / 27,18121,2019-09-08 10:08:04:745,0.0611,-0.34,9.8123,0.0008,-0.0018,9.8066,-0.0094,-0.0109,-0.0038,-8,-26.31,31.63,22.25,-80.93,-146.67
52.401546,-1.505601,147.88,0,4,237.99,25 / 27,18221,2019-09-08 10:08:04:845,0.1586,-0.0601,9.87,0.0013,-0.0038,9.8066,0.0197,0.0009,-0.0084,-7.5,-25.69,31.75,24.17,-80.9,-146.71
52.401546,-1.505601,147.88,0,4,237.99,25 / 27,18321,2019-09-08 10:08:04:945,0.0403,0.0192,9.9191,-0.0002,-0.0033,9.8066,0.0061,0.0183,-0.0046,-7.44,-26.31,31.81,23.98,-80.86,-146.89
52.401546,-1.505601,147.88,0,4,237.99,25 / 27,18421,2019-09-08 10:08:05:045,0.094,-0.1001,9.9246,0.0008,-0.0035,9.8066,0.0029,-0.01,-0.0073,-7.81,-26.5,31.75,21.9,-80.82,-147.01
52.401546,-1.505601,147.88,0,4,237.99,25 / 27,18521,2019-09-08 10:08:05:145,0.1474,-0.1391,9.8658,-0.0009,-0.0027,9.8066,0.0054,0.0014,0.0035,-7.81,-26.25,31.69,21.87,-80.8,-147.04
52.401546,-1.505601,147.88,0,4,237.99,25 / 27,18621,2019-09-08 10:08:05:245,0.0814,-0.2348,9.8637,0.0001,-0.0051,9.8066,-0.0058,-0.001,0.0068,-6.94,-26.44,31.81,23.77,-80.77,-147.11
52.401546,-1.505601,147.88,0,4,237.99,25 / 27,18721,2019-09-08 10:08:05:345,0.1151,-0.2721,9.8691,-0.0005,0.0006,9.8066,-0.0029,-0.0057,0.0015,-8,-26.31,31.5,21.79,-80.74,-147.14
52.401546,-1.505601,147.88,0,4,237.99,24 / 26,18822,2019-09-08 10:08:05:446,0.1026,-0.139,9.8529,-0.0001,-0.0031,9.8066,0.0031,0.0115,0.0114,-7.25,-26.19,31.81,23.69,-80.7,-147.21
52.401546,-1.505601,147.88,0,4,237.99,24 / 26,18921,2019-09-08 10:08:05:545,0.1127,-0.0311,9.858,-0.0005,0,9.8066,0.0017,0.0038,-0.0009,-7.19,-26.44,31.69,23.69,-80.7,-147.21
52.401546,-1.505601,147.88,0,4,237.99,24 / 26,19022,2019-09-08 10:08:05:646,0.1323,-0.011,9.9535,0.0012,-0.001,9.8066,-0.0137,-0.0025,-0.0103,-7.31,-25.56,31.19,23.19,-80.66,-147.37
52.401546,-1.505601,147.88,0,4,237.99,24 / 26,19122,2019-09-08 10:08:05:746,0.1237,-0.0733,9.9436,-0.0007,-0.0029,9.8066,-0.0141,0.0075,-0.0073,-7.69,-26.31,32.13,21.42,-80.63,-147.5
52.401546,-1.505601,147.88,0,4,237.99,24 / 26,19222,2019-09-08 10:08:05:846,0.1901,-0.2474,9.8644,0.0004,-0.0032,9.8066,-0.0077,-0.0073,-0.0141,-7.62,-26.19,32.06,21.42,-80.6,-147.51
52.401546,-1.505601,147.88,0,4,237.99,24 / 26,19321,2019-09-08 10:08:05:945,0.1255,-0.1288,9.8348,-0.0008,-0.0014,9.8066,-0.0035,-0.0081,0.0031,-7.37,-26.25,31.81,23.43,-80.56,-147.49
52.401546,-1.505601,147.88,0,4,237.99,24 / 26,19421,2019-09-08 10:08:06:045,0.0253,0.0847,9.9067,-0.001,-0.0003,9.8066,0.0013,0.0124,0.0056,-7.69,-26,31.81,21.36,-80.52,-147.58
52.401546,-1.505601,147.88,0,4,237.99,24 / 26,19521,2019-09-08 10:08:06:145,0.1309,-0.0444,9.9355,0.0017,-0.0035,9.8066,-0.0174,-0.007,-0.0034,-7.19,-25.56,31.5,23.2,-80.49,-147.71
52.401546,-1.505601,147.88,0,4,237.99,24 / 26,19621,2019-09-08 10:08:06:245,0.2071,-0.1257,9.908,-0.0003,-0.0001,9.8066,-0.0023,0.0102,-0.001,-7.44,-25.94,32,23.17,-80.47,-147.75
52.401546,-1.505601,147.88,0,4,237.99,24 / 26,19721,2019-09-08 10:08:06:345,0.075,-0.269,9.8557,-0.0011,-0.0043,9.8066,-0.0045,0.0079,-0.0084,-7.75,-26.19,32.06,21.17,-80.44,-147.77
52.401546,-1.505601,147.88,0,4,237.99,23 / 27,19821,2019-09-08 10:08:06:445,0.0416,-0.0189,9.8868,0.0012,-0.0035,9.8066,0.006,-0.0029,-0.0053,-7.37,-26.5,32,23.2,-80.42,-147.74
52.401546,-1.505601,147.88,0,4,237.99,23 / 27,19922,2019-09-08 10:08:06:546,0.1151,0.1145,9.9155,-0.001,-0.0036,9.8066,0.0024,0.0137,0.0039,-7.56,-26,31.88,21.12,-80.38,-147.84
52.401546,-1.505601,147.88,0,4,237.99,23 / 27,20021,2019-09-08 10:08:06:645,0.0597,-0.0848,9.9469,0.0005,-0.0005,9.8066,-0.0074,-0.0068,-0.0013,-7.75,-26.12,32.06,21.03,-80.37,-147.92
52.401546,-1.505601,147.88,0,4,237.99,23 / 27,20121,2019-09-08 10:08:06:745,0.1422,-0.1312,9.896,0.0002,-0.001,9.8066,0.007,-0.0087,0.0045,-7.37,-26.69,31.88,23.11,-80.35,-147.96
52.401546,-1.505601,147.88,0,4,237.99,23 / 27,20221,2019-09-08 10:08:06:845,0.1047,-0.1512,9.8709,-0.0011,-0.0019,9.8066,-0.008,0.0092,0.0038,-7.94,-26.19,31.56,20.93,-80.33,-148.02
52.401546,-1.505601,147.88,0,4,237.99,23 / 27,20321,2019-09-08 10:08:06:945,0.0607,-0.0276,9.8679,0.0008,-0.001,9.8066,-0.0067,-0.0026,-0.0079,-7.56,-26.06,31.25,20.5,-80.31,-148.04
52.401546,-1.505601,147.88,0,4,237.99,23 / 27,20422,2019-09-08 10:08:07:046,0.0801,0.1953,9.9372,0,-0.0004,9.8066,-0.0178,0.0074,-0.0051,-7.69,-26.19,31.44,20.49,-80.29,-148.06
52.401546,-1.505601,147.88,0,4,237.99,23 / 27,20522,2019-09-08 10:08:07:146,0.0302,-0.0677,9.9312,-0.0001,-0.002,9.8066,-0.0005,0.0151,-0.0045,-7.44,-26.12,31.69,22.84,-80.26,-148.11
52.401546,-1.505601,147.88,0,4,237.99,23 / 27,20622,2019-09-08 10:08:07:246,0.0644,-0.1292,9.9235,0.0001,-0.0009,9.8066,-0.0041,-0.0123,0.0011,-8.06,-26.12,31.81,20.77,-80.23,-148.19
52.401546,-1.505601,147.88,0,4,237.99,23 / 27,20722,2019-09-08 10:08:07:346,0.095,-0.1025,9.8813,0.001,-0.0035,9.8066,-0.006,0.0064,0.0055,-7.56,-26.25,32.06,20.63,-80.19,-148.32
52.401546,-1.505601,147.88,0,4,237.99,26 / 28,20822,2019-09-08 10:08:07:446,0.055,0.0838,9.8477,0.0001,0.0001,9.8066,0.0061,-0.0056,0.0046,-7.87,-26.06,32,20.6,-80.19,-148.35
52.401546,-1.505601,147.88,0,4,237.99,26 / 28,20921,2019-09-08 10:08:07:545,0.0037,0.0405,9.9566,-0.0009,-0.0012,9.8066,-0.0126,-0.003,-0.0007,-7.31,-26.75,31.88,22.68,-80.16,-148.4
52.401546,-1.505601,147.88,0,4,237.99,26 / 28,21021,2019-09-08 10:08:07:645,0.135,-0.046,9.9521,-0.0008,0.0008,9.8066,0.0024,0.0069,-0.0078,-7.62,-26.25,31.63,20.65,-80.14,-148.33
52.401546,-1.505601,147.88,0,4,237.99,26 / 28,21122,2019-09-08 10:08:07:746,0.1124,-0.2194,9.8678,0.0002,-0.0028,9.8065,-0.0064,-0.0119,-0.0064,-7.44,-25.75,31.56,22.67,-80.13,-148.31
52.401546,-1.505601,147.88,0,4,237.99,26 / 28,21221,2019-09-08 10:08:07:845,0.107,0.0566,9.841,0.0001,0.0016,9.8066,0.0168,0.0096,0.0044,-7.94,-26.12,31.69,20.57,-80.12,-148.41
52.401546,-1.505601,147.88,0,4,237.99,26 / 28,21321,2019-09-08 10:08:07:945,0.0895,0.1347,9.9508,0.0007,-0.0016,9.8066,0.0123,-0.0002,0.001,-7.81,-26.37,31.88,20.52,-80.09,-148.45
52.401546,-1.505601,147.88,0,4,237.99,26 / 28,21422,2019-09-08 10:08:08:046,0.0712,-0.0182,9.9443,0.0001,-0.0022,9.8066,0.0092,-0.0033,0.0056,-7.12,-26.37,31.56,22.33,-80.06,-148.63
52.401546,-1.505601,147.88,0,4,237.99,26 / 28,21522,2019-09-08 10:08:08:146,0.0599,-0.1141,9.9166,-0.0008,0.0006,9.8066,0.0049,0.0087,0.0016,-7.37,-26.56,31.94,22.47,-80.04,-148.63
52.401546,-1.505601,147.88,0,4,237.99,26 / 28,21621,2019-09-08 10:08:08:245,0.0748,-0.1119,9.8885,-0.0004,-0.0003,9.8066,0.0015,-0.019,-0.0065,-7.31,-26.25,32.19,22.35,-80.02,-148.62
52.401546,-1.505601,147.88,0,4,237.99,26 / 28,21721,2019-09-08 10:08:08:345,0.0894,0.1634,9.8794,0.0003,0.0009,9.8066,-0.0021,-0.0019,0.0019,-7.5,-26.87,32.13,22.43,-80,-148.67
52.401546,-1.505601,147.88,0,4,237.99,23 / 25,21822,2019-09-08 10:08:08:446,-0.0126,0.0429,9.8724,-0.0015,-0.0039,9.8065,-0.0142,-0.0037,-0.0071,-7.56,-25.94,31.94,20.28,-79.99,-148.7
52.401546,-1.505601,147.88,0,4,237.99,23 / 25,21921,2019-09-08 10:08:08:545,0.0704,0.1065,9.9932,-0.0005,0,9.8065,0.0013,0.0183,-0.005,-7.69,-25.62,31.63,20.3,-79.95,-148.69
52.401546,-1.505601,147.88,0,4,237.99,23 / 25,22021,2019-09-08 10:08:08:645,0.0311,-0.1041,9.8935,0.0006,-0.0027,9.8066,-0.0019,-0.0031,-0.0113,-7.37,-25.87,31.25,21.98,-79.92,-148.68
52.401546,-1.505601,147.88,0,4,237.99,23 / 25,22122,2019-09-08 10:08:08:746,0.0794,-0.0263,9.8555,0.0003,0,9.8066,0.0124,0.0108,0.0025,-7.69,-26,31.44,19.84,-79.92,-148.75
52.401546,-1.505601,147.88,0,4,237.99,23 / 25,22222,2019-09-08 10:08:08:846,0.1161,0.2132,9.8854,0.0007,-0.0006,9.8066,0.0117,0.0138,0.0115,-7.62,-25.94,31.31,19.83,-79.91,-148.76
52.401546,-1.505601,147.88,0,4,237.99,23 / 25,22322,2019-09-08 10:08:08:946,0.0299,0.1362,9.9614,-0.0002,-0.0027,9.8066,0.0005,-0.0027,0.0067,-7.87,-26.06,32.13,20.19,-79.88,-148.81
52.401546,-1.505601,147.88,0,4,237.99,23 / 25,22421,2019-09-08 10:08:09:045,-0.02,-0.0343,9.8999,0.0001,0.0029,9.8066,0.0103,0.0093,0.0055,-7.75,-26.12,31.5,20.1,-79.87,-148.89
52.401546,-1.505601,147.88,0,4,237.99,23 / 25,22522,2019-09-08 10:08:09:146,0.0886,-0.1635,9.879,0.0002,0.0003,9.8065,0.0066,-0.0063,-0.0062,-7.5,-26.12,31.75,22.11,-79.85,-148.88
52.401546,-1.505601,147.88,0,4,237.99,23 / 25,22621,2019-09-08 10:08:09:245,0.1378,0.0932,9.8211,-0.0013,0.0037,9.8066,0.0074,-0.0092,-0.0055,-8,-25.19,31.75,20.04,-79.86,-148.83
52.401546,-1.505601,147.88,0,4,237.99,23 / 25,22722,2019-09-08 10:08:09:346,-0.0081,0.1569,9.8611,-0.0003,0.002,9.8066,0.007,-0.0007,-0.0019,-7.19,-25.37,31.38,21.73,-79.85,-148.81
52.401546,-1.505601,147.88,0,4,237.99,23 / 25,22822,2019-09-08 10:08:09:446,-0.0175,0.1166,10.0155,-0.001,-0.003,9.8066,0.003,-0.0061,0.0052,-7.25,-25.81,32,22.17,-79.85,-148.84
52.401546,-1.505601,147.88,0,4,237.99,23 / 25,22921,2019-09-08 10:08:09:545,0.0406,-0.0621,9.9076,0.0005,-0.0021,9.8066,0.0058,0.0029,0.0133,-7.87,-26,31.75,20.16,-79.84,-148.85
52.401546,-1.505601,147.88,0,4,237.99,23 / 25,23022,2019-09-08 10:08:09:646,0.1231,-0.1186,9.8349,0.0016,0.0015,9.8066,-0.0018,0.0046,0.0088,-7.31,-26,31.81,22.15,-79.82,-148.86
52.401546,-1.505601,147.88,0,4,237.99,23 / 25,23121,2019-09-08 10:08:09:745,0.0026,0.1928,9.8992,-0.0011,-0.004,9.8066,-0.0168,-0.0062,-0.0032,-7.56,-26,31.25,19.68,-79.81,-148.91
52.401546,-1.505601,147.88,0,4,237.99,23 / 25,23221,2019-09-08 10:08:09:845,-0.0001,0.0663,9.9322,0.001,-0.0021,9.8066,-0.0107,0.0076,-0.0074,-7.69,-26.37,31.69,20.11,-79.81,-148.9
52.401546,-1.505601,147.88,0,4,237.99,23 / 25,23321,2019-09-08 10:08:09:945,0.0446,0.0036,9.8991,-0.0002,-0.0007,9.8066,-0.0099,-0.0053,-0.0091,-8.19,-27.19,31.38,19.86,-79.81,-148.87
52.401546,-1.505601,147.88,0,4,237.99,23 / 25,23421,2019-09-08 10:08:10:045,0.0565,-0.1062,9.9165,0.0002,-0.0027,9.8066,-0.0046,0.007,0.0029,-7.5,-25.94,31.13,21.72,-79.81,-148.94
52.401546,-1.505601,147.88,0,4,237.99,23 / 25,23522,2019-09-08 10:08:10:146,0.0963,-0.184,9.8615,0.0007,0.0015,9.8066,0.0134,0.0001,0.0105,-7.12,-25.25,32.06,21.85,-79.8,-149.01
52.401546,-1.505601,147.88,0,4,237.99,23 / 25,23622,2019-09-08 10:08:10:246,0.0499,0.0326,9.8002,0,-0.0022,9.8066,-0.0125,-0.0085,0.0035,-7,-25.69,31.69,21.94,-79.78,-149.06
52.401546,-1.505601,147.88,0,4,237.99,23 / 25,23722,2019-09-08 10:08:10:346,0.0088,0.114,9.9312,-0.0003,0.0013,9.8066,0.0047,0.0076,0.0007,-7.25,-25.44,31.94,21.78,-79.78,-149.08
52.401546,-1.505601,147.88,0,4,237.99,25 / 27,23822,2019-09-08 10:08:10:446,-0.0123,-0.0312,9.9018,0.0006,-0.0004,9.8066,-0.0052,0.0073,-0.0062,-7.62,-26.31,32,19.91,-79.77,-149.08
52.401546,-1.505601,147.88,0,4,237.99,25 / 27,23922,2019-09-08 10:08:10:546,0.1162,-0.1104,9.8501,0.0011,-0.0013,9.8066,-0.014,-0.0096,-0.0067,-7.87,-26.06,31.94,19.8,-79.75,-149.19
52.401546,-1.505601,147.88,0,4,237.99,25 / 27,24021,2019-09-08 10:08:10:645,0.077,-0.0442,9.8239,0.0011,0.0026,9.8066,0.0201,0.0022,-0.0012,-7.44,-26.81,31.63,21.93,-79.76,-149.19
52.401546,-1.505601,147.88,0,4,237.99,25 / 27,24122,2019-09-08 10:08:10:746,0.0419,0.0899,9.8415,0.0002,0.0003,9.8066,0.0011,-0.0052,0.0032,-7.37,-26.37,32.19,21.71,-79.76,-149.26
52.401546,-1.505601,147.88,0,4,237.99,25 / 27,24221,2019-09-08 10:08:10:845,-0.0081,0.1427,9.9205,-0.0011,-0.0011,9.8065,0.0059,-0.0132,0.008,-7.81,-26.12,31.81,19.68,-79.75,-149.28
52.401546,-1.505601,147.88,0,4,237.99,25 / 27,24321,2019-09-08 10:08:10:945,0.0681,0.0039,9.8942,0.0015,-0.0002,9.8065,0.0022,0.0066,0.0038,-8.12,-26,32.25,19.64,-79.75,-149.32
52.401546,-1.505601,147.88,0,4,237.99,25 / 27,24422,2019-09-08 10:08:11:046,0.0932,-0.126,9.8391,0.0007,-0.0002,9.8066,-0.0039,-0.0101,-0.0062,-7.56,-25.75,31.56,19.62,-79.74,-149.34
52.401546,-1.505601,147.88,0,4,237.99,25 / 27,24521,2019-09-08 10:08:11:145,0.0527,-0.0549,9.7902,0.0013,-0.0021,9.8066,-0.0081,0.0153,-0.0068,-7.81,-25.81,32.13,19.49,-79.73,-149.45
52.401546,-1.505601,147.88,0,4,237.99,25 / 27,24621,2019-09-08 10:08:11:245,-0.0292,0.1648,9.8692,0.0005,-0.0008,9.8066,-0.0012,0.0052,-0.0017,-8,-25.81,31.81,19.54,-79.73,-149.41
52.401546,-1.505601,147.88,0,4,237.99,25 / 27,24722,2019-09-08 10:08:11:346,0.0193,0.2352,9.9783,0.0002,-0.001,9.8066,-0.011,-0.0033,-0.0006,-7.62,-26.12,31.88,19.44,-79.73,-149.49
52.401546,-1.505601,147.88,0,4,237.99,23 / 25,24821,2019-09-08 10:08:11:445,0.0957,-0.0345,9.8745,0.0013,-0.0037,9.8066,-0.0032,0.0066,0.0077,-7.5,-26.62,32,21.51,-79.74,-149.56
52.401546,-1.505601,147.88,0,4,237.99,23 / 25,24922,2019-09-08 10:08:11:546,0.0642,-0.0822,9.8468,0.0003,-0.0008,9.8066,-0.0058,-0.0006,-0.0026,-7.44,-26.81,31.94,21.42,-79.72,-149.65
52.401546,-1.505601,147.88,0,4,237.99,23 / 25,25022,2019-09-08 10:08:11:646,0.002,0.0214,9.8583,-0.0009,0.001,9.8065,-0.012,-0.0019,-0.0072,-7.06,-25.5,31.94,21.1,-79.73,-149.69
52.401546,-1.505601,147.88,0,4,237.99,23 / 25,25122,2019-09-08 10:08:11:746,0.0549,0.2435,9.8659,0.0004,0.0016,9.8066,0.0075,0.0098,-0.0082,-7.81,-26,31.5,19.3,-79.74,-149.62
52.401546,-1.505601,147.88,0,4,237.99,23 / 25,25221,2019-09-08 10:08:11:845,0.0711,0.1651,9.9064,0,-0.0004,9.8066,0.002,0.0004,-0.0052,-8,-26.62,31.88,19.38,-79.72,-149.65
52.401546,-1.505601,147.88,0,4,237.99,23 / 25,25321,2019-09-08 10:08:11:945,0.116,0.2004,9.9584,-0.0002,0.0001,9.8065,-0.0023,0.0032,-0.0065,-8.37,-26.19,31.56,19.24,-79.71,-149.68
52.401546,-1.505601,147.88,0,4,237.99,23 / 25,25422,2019-09-08 10:08:12:046,0.0947,0.0347,9.8857,0.0006,0.0018,9.8066,0.0079,0.0086,0.0075,-7.81,-26.5,31.75,19.17,-79.71,-149.74
52.401546,-1.505601,147.88,0,4,237.99,23 / 25,25522,2019-09-08 10:08:12:146,0.0255,-0.0521,9.8301,-0.0012,0.0003,9.8066,-0.0021,-0.005,0.0057,-7.31,-26.75,32.13,21.34,-79.7,-149.71
52.401546,-1.505601,147.88,0,4,237.99,23 / 25,25622,2019-09-08 10:08:12:246,0.0741,0.1966,9.8392,-0.0007,-0.0001,9.8066,0.0059,-0.0066,0.0021,-7.56,-25.94,31.94,19.18,-79.7,-149.73
52.401546,-1.505601,147.88,0,4,237.99,23 / 25,25722,2019-09-08 10:08:12:346,0.0775,0.1596,9.8784,0.0011,0.0003,9.8066,0.0033,-0.0009,0.0014,-7.5,-25.81,31.75,21.17,-79.7,-149.74
52.401546,-1.505601,147.88,0,4,237.99,23 / 25,25822,2019-09-08 10:08:12:446,0.0364,0.063,9.9271,0.0001,-0.0004,9.8066,-0.0103,-0.013,-0.0063,-7.75,-25.81,31.5,19.16,-79.68,-149.75
52.401546,-1.505601,147.88,0,4,237.99,23 / 26,25922,2019-09-08 10:08:12:546,0.0893,-0.0156,9.8982,0.0006,-0.0007,9.8065,-0.0053,0.0084,-0.0022,-7.56,-25.62,31.5,19.11,-79.69,-149.79
52.401546,-1.505601,147.88,0,4,237.99,23 / 26,26022,2019-09-08 10:08:12:646,0.1357,-0.0012,9.8183,0.0018,-0.0008,9.8066,0.0077,-0.0022,0,-8.06,-26,31.81,19.09,-79.68,-149.81
52.401546,-1.505601,147.88,0,4,237.99,23 / 26,26121,2019-09-08 10:08:12:745,0.0346,0.1407,9.8479,0.001,-0.0022,9.8066,-0.0111,0.0115,0.0097,-7.44,-25.81,31.63,20.94,-79.68,-149.95
52.401546,-1.505601,147.88,0,4,237.99,23 / 26,26221,2019-09-08 10:08:12:845,0.0998,0.0836,9.927,0.0008,0.0007,9.8066,-0.0002,0.0006,0.0074,-7.44,-26.31,31.5,20.91,-79.67,-149.98
52.401546,-1.505601,147.88,0,4,237.99,23 / 26,26322,2019-09-08 10:08:12:946,0.1044,-0.0361,9.8441,-0.0001,-0.0032,9.8066,-0.0234,-0.0041,-0.0134,-7.62,-26.56,31.69,19,-79.66,-149.99
52.401546,-1.505601,147.88,0,4,237.99,23 / 26,26422,2019-09-08 10:08:13:046,-0.0346,0.0017,9.7838,0.0017,-0.0021,9.8066,-0.0014,0.0122,-0.0026,-7.25,-26.12,31.81,20.82,-79.68,-150.05
52.401546,-1.505601,147.88,0,4,237.99,23 / 26,26522,2019-09-08 10:08:13:146,0.0144,0.1322,9.8972,-0.0001,0,9.8066,-0.0106,-0.0101,-0.0013,-7.69,-26.12,32.13,18.76,-79.68,-150.09
52.401546,-1.505601,147.88,0,4,237.99,23 / 26,26622,2019-09-08 10:08:13:246,0.1022,0.1075,9.8792,0.001,-0.0025,9.8066,-0.0005,0.0043,0.0036,-7.75,-25.69,31.38,18.4,-79.7,-150.04
52.401546,-1.505601,147.88,0,4,237.99,23 / 26,26721,2019-09-08 10:08:13:345,0.0921,-0.0856,9.8367,0.0009,0.0003,9.8066,-0.0029,-0.0007,0.0029,-7.25,-25.56,31.69,20.75,-79.68,-150.11
52.401546,-1.505601,147.88,0,4,237.99,24 / 27,26824,2019-09-08 10:08:13:448,-0.0282,0.0012,9.7781,-0.0011,-0.0025,9.8066,-0.01,-0.0004,-0.0064,-7.81,-25.87,31.75,18.76,-79.7,-150.09
52.401546,-1.505601,147.88,0,4,237.99,24 / 27,26921,2019-09-08 10:08:13:545,0.0572,0.1817,9.869,0.001,-0.001,9.8066,-0.0014,0.0076,-0.0025,-7.44,-25.69,31.94,20.72,-79.68,-150.14
52.401546,-1.505601,147.88,0,4,237.99,24 / 27,27022,2019-09-08 10:08:13:646,0.0272,0.1015,9.951,0.0005,-0.0019,9.8066,-0.0043,-0.0012,-0.006,-7.56,-26.25,32.13,18.62,-79.66,-150.22
52.401546,-1.505601,147.88,0,4,237.99,24 / 27,27121,2019-09-08 10:08:13:745,0.059,-0.0933,9.8095,0.0009,0.0014,9.8066,0.0125,0.009,0.0112,-7.81,-26.81,31.75,18.71,-79.68,-150.24
52.401546,-1.505601,147.88,0,4,237.99,24 / 27,27222,2019-09-08 10:08:13:846,-0.0221,-0.0817,9.7663,-0.0005,0.0011,9.8065,0.0098,-0.0096,0.0009,-7.5,-26.62,31.75,20.71,-79.67,-150.26
52.401546,-1.505601,147.88,0,4,237.99,24 / 27,27322,2019-09-08 10:08:13:946,0.0047,0.14,9.9221,0.0003,0.0003,9.8066,0.0045,0.0045,0.0021,-7.56,-26.44,31.19,18.11,-79.67,-150.29
52.401546,-1.505601,147.88,0,4,237.99,24 / 27,27421,2019-09-08 10:08:14:045,0.0535,0.0152,9.8935,0.0008,0.0016,9.8066,-0.001,0.0041,0.0002,-7.5,-25.69,31.69,20.55,-79.66,-150.29
52.401546,-1.505601,147.88,0,4,237.99,24 / 27,27521,2019-09-08 10:08:14:145,0.0981,-0.1468,9.8017,-0.0006,0.001,9.8066,-0.0099,0.0051,-0.0035,-7.31,-25.62,31.94,20.55,-79.67,-150.29
52.401546,-1.505601,147.88,0,4,237.99,24 / 27,27622,2019-09-08 10:08:14:246,0.0173,0.1895,9.8326,0.001,0.0011,9.8066,0.0115,0.0085,0.0004,-7.31,-26,31.69,20.55,-79.68,-150.28
52.401546,-1.505601,147.88,0,4,237.99,24 / 27,27722,2019-09-08 10:08:14:346,0.009,0.1479,9.8846,-0.0014,0.0009,9.8066,0.0065,-0.0162,-0.0034,-7.31,-26.12,31.94,20.54,-79.67,-150.29
52.401546,-1.505601,147.88,0,4,237.99,24 / 26,27821,2019-09-08 10:08:14:445,0.0414,0.1078,9.9285,-0.0005,0.0002,9.8066,-0.0055,0.0019,0.0021,-7.87,-26.75,31.94,18.58,-79.67,-150.35
52.401546,-1.505601,147.88,0,4,237.99,24 / 26,27922,2019-09-08 10:08:14:546,0.0788,-0.126,9.8545,-0.0006,-0.0005,9.8066,0.0066,-0.0051,-0.0066,-7.75,-26.62,32,18.64,-79.67,-150.3
52.401546,-1.505601,147.88,0,4,237.99,24 / 26,28021,2019-09-08 10:08:14:645,0.0679,0.0725,9.7943,-0.0013,0.0017,9.8066,0.001,-0.0097,-0.0069,-7.81,-26.44,31.81,18.46,-79.66,-150.36
52.401546,-1.505601,147.88,0,4,237.99,24 / 26,28122,2019-09-08 10:08:14:746,-0.0144,0.1539,9.8216,0.0016,0.0007,9.8066,0.0072,0.0027,0.0019,-7.25,-25.56,32.25,20.48,-79.67,-150.35
52.401546,-1.505601,147.88,0,4,237.99,24 / 26,28222,2019-09-08 10:08:14:846,0.0394,0.1245,9.9456,0.0008,0.0012,9.8066,0.0094,-0.0102,0.004,-8.25,-25.87,31.31,17.94,-79.67,-150.44
52.401546,-1.505601,147.88,0,4,237.99,24 / 26,28322,2019-09-08 10:08:14:946,0.0432,-0.0247,9.8971,0.0012,-0.002,9.8066,-0.0103,0.0103,0.0095,-7.56,-25.75,31.69,18.27,-79.66,-150.51
52.401546,-1.505601,147.88,0,4,237.99,24 / 26,28422,2019-09-08 10:08:15:046,0.0742,-0.0683,9.8043,0.0003,-0.0011,9.8065,0.0015,0.004,0.0057,-7.75,-25.62,31.63,18.37,-79.67,-150.43
52.401546,-1.505601,147.88,0,4,237.99,24 / 26,28522,2019-09-08 10:08:15:146,0.0411,0.2531,9.8636,-0.0008,-0.0028,9.8065,-0.0158,0.0054,-0.0079,-7.56,-25.94,31.31,17.94,-79.65,-150.45
52.401546,-1.505601,147.88,0,4,237.99,24 / 26,28621,2019-09-08 10:08:15:245,-0.0288,0.1745,9.9005,0.002,-0.0018,9.8066,-0.012,0.0145,-0.0063,-7.75,-26,31.94,18.26,-79.67,-150.53
52.401546,-1.505601,147.88,0,4,237.99,24 / 26,28721,2019-09-08 10:08:15:345,0.0211,0.004,9.8944,-0.0005,0.0003,9.8066,-0.0018,-0.0109,-0.0039,-8.12,-26.31,32.31,18.28,-79.68,-150.51
52.401546,-1.505601,147.88,0,4,237.99,24 / 26,28821,2019-09-08 10:08:15:445,-0.0349,-0.0982,9.8859,0.0019,-0.003,9.8066,-0.0183,-0.0067,0.0047,-7.69,-26.69,31.69,18.3,-79.69,-150.58
52.401546,-1.505601,147.88,0,4,237.99,25 / 26,28921,2019-09-08 10:08:15:545,0.0212,0.0351,9.8524,-0.0007,-0.0001,9.8065,-0.0027,-0.0063,-0.0121,-7.19,-26.12,32.31,20.14,-79.68,-150.63
52.401546,-1.505601,147.88,0,4,237.99,25 / 26,29022,2019-09-08 10:08:15:646,0.0237,-0.0947,9.825,0.0022,-0.0001,9.8066,-0.0022,-0.0007,-0.001,-7.25,-25.94,31.63,20.08,-79.69,-150.68
52.401546,-1.505601,147.88,0,4,237.99,25 / 26,29122,2019-09-08 10:08:15:746,0.1137,0.0806,9.8489,0.0011,-0.0003,9.8065,0,0.0019,-0.0029,-7.44,-25.87,32.13,20.03,-79.69,-150.72
52.401546,-1.505601,147.88,0,4,237.99,25 / 26,29222,2019-09-08 10:08:15:846,0.044,0.258,9.8679,-0.0003,-0.0012,9.8066,-0.0072,-0.0018,0.0062,-7.5,-26.31,31.63,19.91,-79.69,-150.83
52.401546,-1.505601,147.88,0,4,237.99,25 / 26,29321,2019-09-08 10:08:15:945,0.0994,0.2034,9.9505,0.0009,-0.0017,9.8066,0.0023,0.0107,0.0108,-7.44,-25.75,32.31,19.92,-79.7,-150.82
52.401546,-1.505601,147.88,0,4,237.99,25 / 26,29421,2019-09-08 10:08:16:045,0.0645,0.0731,9.944,-0.0008,-0.002,9.8066,-0.0126,-0.0091,-0.0029,-7.37,-26.31,31.69,19.91,-79.69,-150.83
52.401546,-1.505601,147.88,0,4,237.99,25 / 26,29522,2019-09-08 10:08:16:146,0.0408,-0.1037,9.8099,0.0001,-0.0031,9.8066,-0.0116,0.0046,-0.0027,-7.25,-25.69,31,19.49,-79.69,-150.89
52.401546,-1.505601,147.88,0,4,237.99,25 / 26,29622,2019-09-08 10:08:16:246,0.0767,0.1291,9.7937,0,0.0006,9.8066,0.0077,-0.0034,-0.0063,-7.19,-26.06,31.75,19.85,-79.69,-150.88
52.401546,-1.505601,147.88,0,4,237.99,25 / 26,29722,2019-09-08 10:08:16:346,0.0468,0.2018,9.9538,-0.0012,0.001,9.8066,-0.0022,-0.0075,0.0021,-7.75,-26.31,31.56,17.76,-79.69,-150.94
52.401546,-1.505601,147.88,0,4,237.99,25 / 27,29821,2019-09-08 10:08:16:445,0.0393,-0.0025,9.909,0.0011,0.0029,9.8066,0.0133,0.0076,0.004,-7.19,-25.56,32,19.79,-79.71,-150.93
52.401546,-1.505601,147.88,0,4,237.99,25 / 27,29922,2019-09-08 10:08:16:546,0.0695,-0.1505,9.7924,0.0002,-0.0018,9.8066,-0.0094,-0.0129,0.0001,-7.5,-26,31.75,19.72,-79.7,-150.98
52.401546,-1.505601,147.88,0,4,237.99,25 / 27,30022,2019-09-08 10:08:16:646,0.0838,0.1173,9.7833,-0.0015,0.0012,9.8066,-0.0037,0.0093,-0.0047,-7.44,-26.19,31.44,19.37,-79.69,-150.98
52.401546,-1.505601,147.88,0,4,237.99,25 / 27,30121,2019-09-08 10:08:16:745,-0.0422,0.1622,9.8931,-0.0007,0.0011,9.8066,0.0052,-0.0052,-0.0072,-7.56,-25.81,31.5,17.81,-79.69,-150.9
52.401546,-1.505601,147.88,0,4,237.99,25 / 27,30222,2019-09-08 10:08:16:846,0.0385,0.2622,9.9046,-0.0004,0.0006,9.8066,0.0086,-0.0008,0.0014,-7.5,-26.25,32.19,19.77,-79.69,-150.94
52.401546,-1.505601,147.88,0,4,237.99,25 / 27,30321,2019-09-08 10:08:16:945,0.0469,0.249,9.9673,0,0.0018,9.8066,0.0154,0.0033,0.0088,-7.87,-26.5,31.44,17.31,-79.68,-150.97
52.401546,-1.505601,147.88,0,4,237.99,25 / 27,30421,2019-09-08 10:08:17:045,0.116,0.0966,9.8957,0.0004,0.0005,9.8066,0.0033,-0.0071,0.005,-7.75,-26.19,32.31,17.66,-79.68,-151.03
52.401546,-1.505601,147.88,0,4,237.99,25 / 27,30522,2019-09-08 10:08:17:146,0.0783,0.1045,9.8042,0.0003,0.0005,9.8065,-0.0013,0.0093,0.0044,-7.44,-25.81,32.06,19.63,-79.69,-151.06
52.401546,-1.505601,147.88,0,4,237.99,25 / 27,30622,2019-09-08 10:08:17:246,0.0619,0.2652,9.8921,-0.0003,-0.0009,9.8066,-0.0047,-0.0086,-0.008,-7.19,-25.81,31.88,19.62,-79.67,-151.08
52.401546,-1.505601,147.88,0,4,237.99,25 / 27,30722,2019-09-08 10:08:17:346,-0.0124,0.2368,9.9745,-0.0011,0.003,9.8066,0.009,-0.0001,-0.0101,-8,-25.94,31.69,17.6,-79.68,-151.08
52.401546,-1.505601,147.88,0,4,237.99,23 / 25,30822,2019-09-08 10:08:17:446,-0.0665,0.0082,9.7657,0.0007,0.0024,9.8066,0.0159,-0.0171,0.0003,-7.44,-26.31,32.13,19.55,-79.68,-151.14
52.401546,-1.505601,147.88,0,4,237.99,23 / 25,30922,2019-09-08 10:08:17:546,0.0389,0.1859,9.833,-0.0004,0.0014,9.8066,0.0071,-0.0071,0.0019,-7.12,-25.81,32,19.5,-79.69,-151.17
52.401546,-1.505601,147.88,0,4,237.99,23 / 25,31022,2019-09-08 10:08:17:646,0.0416,0.1488,9.9012,0.0009,-0.0004,9.8066,0.0028,-0.0045,0.008,-7.12,-26.25,31.75,19.49,-79.69,-151.18
52.401546,-1.505601,147.88,0,4,237.99,23 / 25,31121,2019-09-08 10:08:17:745,0.0056,-0.0666,9.8473,-0.0008,-0.0007,9.8066,-0.0071,-0.0035,-0.0051,-7,-26,31.81,19.59,-79.69,-151.1
52.401546,-1.505601,147.88,0,4,237.99,23 / 25,31221,2019-09-08 10:08:17:845,-0.0003,-0.1692,9.7062,-0.0002,0.0006,9.8066,0.0092,-0.001,0.0047,-7.75,-26.06,31.81,17.63,-79.69,-151.06
52.401546,-1.505601,147.88,0,4,237.99,23 / 25,31322,2019-09-08 10:08:17:946,0.0607,0.2439,9.8423,0.0012,0.0018,9.8066,0.0066,-0.0132,0.0031,-7.75,-25.87,31.19,17.13,-79.69,-151.12
52.401546,-1.505601,147.88,0,4,237.99,23 / 25,31422,2019-09-08 10:08:18:046,-0.0171,0.1205,9.9679,0.0004,-0.0011,9.8066,0.0034,0.0034,0.007,-7.31,-26.06,31.44,19.16,-79.69,-151.16
52.401546,-1.505601,147.88,0,4,237.99,23 / 25,31522,2019-09-08 10:08:18:146,0.036,0.0909,9.8984,-0.0002,0.0007,9.8066,-0.0022,-0.0082,-0.0138,-7.62,-26,31.13,17.11,-79.66,-151.14
52.401546,-1.505601,147.88,0,4,237.99,23 / 25,31622,2019-09-08 10:08:18:246,0.0743,-0.0327,9.8503,0.0018,-0.0015,9.8066,-0.0085,0.0106,-0.0091,-7.81,-25.94,31.31,17.06,-79.68,-151.18
52.401546,-1.505601,147.88,0,4,237.99,23 / 25,31721,2019-09-08 10:08:18:345,0.1339,-0.0158,9.8124,0.0012,0.0014,9.8066,0.0123,-0.0056,0.0036,-7.56,-26,31.5,17.51,-79.68,-151.15
52.401546,-1.505601,147.88,0,4,237.99,24 / 25,31822,2019-09-08 10:08:18:446,0.0371,-0.0585,9.8908,-0.0013,-0.0017,9.8066,-0.0036,0.0008,0.0082,-7.56,-26.19,32.19,17.47,-79.69,-151.19
52.401546,-1.505601,147.88,0,4,237.99,24 / 25,31921,2019-09-08 10:08:18:545,0.0489,0.0812,9.8264,0.0018,-0.0037,9.8066,-0.0053,0.0083,0.0108,-7.25,-26.37,32.13,19.44,-79.69,-151.22
52.401546,-1.505601,147.88,0,4,237.99,24 / 25,32022,2019-09-08 10:08:18:646,0.0157,0.3214,9.9264,-0.0002,-0.002,9.8066,-0.0163,-0.002,-0.0035,-7.69,-26.25,32.38,17.34,-79.66,-151.31
52.401546,-1.505601,147.88,0,4,237.99,24 / 25,32122,2019-09-08 10:08:18:746,0.0849,0.1217,9.9875,-0.0008,-0.0014,9.8066,-0.0133,0.0171,-0.0095,-7.62,-26.06,31.69,17.33,-79.66,-151.31
52.401546,-1.505601,147.88,0,4,237.99,24 / 25,32222,2019-09-08 10:08:18:846,0.0615,0.1158,9.8946,-0.0005,0.0012,9.8066,-0.0043,-0.001,-0.0084,-7.62,-26.06,32.06,17.36,-79.66,-151.29
52.401546,-1.505601,147.88,0,4,237.99,24 / 25,32322,2019-09-08 10:08:18:946,0.0055,0.1916,9.8429,0.0006,-0.003,9.8066,-0.0097,-0.0022,0.0006,-7.81,-26.06,31.94,17.31,-79.66,-151.33
52.401546,-1.505601,147.88,0,4,237.99,24 / 25,32422,2019-09-08 10:08:19:046,0.0769,0.1791,9.9637,-0.0001,0.0019,9.8066,0.0073,-0.0137,0.005,-7.37,-26.06,31.31,19,-79.67,-151.3
52.401546,-1.505601,147.88,0,4,237.99,24 / 25,32522,2019-09-08 10:08:19:146,0.0405,0.0464,9.8716,-0.0006,-0.0014,9.8066,-0.0168,0.0111,-0.0054,-7.25,-25.69,31.75,19.36,-79.68,-151.29
52.401546,-1.505601,147.88,0,4,237.99,24 / 25,32621,2019-09-08 10:08:19:245,-0.0141,0.0662,9.7953,0.0007,0.0027,9.8066,0.0015,0,0.004,-7.62,-26.25,32.06,17.42,-79.69,-151.23
52.401546,-1.505601,147.88,0,4,237.99,24 / 25,32721,2019-09-08 10:08:19:345,0.0587,0.1847,9.9581,-0.001,0.002,9.8066,-0.0096,-0.0062,-0.0031,-7.5,-26.44,31.94,19.43,-79.68,-151.24
52.401546,-1.505601,147.88,0,4,237.99,26 / 28,32821,2019-09-08 10:08:19:445,0.0692,0.0648,9.9157,0.0007,0.0036,9.8066,0.0185,0.0007,-0.0003,-7.31,-25.75,31.63,19.47,-79.71,-151.19
52.401546,-1.505601,147.88,0,4,237.99,26 / 28,32921,2019-09-08 10:08:19:545,-0.014,-0.1181,9.7307,-0.0004,0.0002,9.8066,-0.0172,-0.0021,-0.0078,-7.75,-26.06,32.19,17.39,-79.71,-151.26
52.401546,-1.505601,147.88,0,4,237.99,26 / 28,33021,2019-09-08 10:08:19:645,-0.0523,0.1562,9.8167,0.0005,0.0025,9.8066,0.0117,0.0065,-0.0006,-7.81,-26.44,31.13,17.05,-79.73,-151.18
52.401546,-1.505601,147.88,0,4,237.99,26 / 28,33122,2019-09-08 10:08:19:746,0.0453,0.1177,9.9245,-0.0006,0.002,9.8066,-0.0036,-0.0117,-0.0094,-7.5,-25.94,31.75,19.41,-79.71,-151.24
52.401546,-1.505601,147.88,0,4,237.99,26 / 28,33221,2019-09-08 10:08:19:845,0.035,-0.0459,9.8312,0.0008,0.0024,9.8065,0.0147,0.004,0.0023,-7.5,-26.06,31.75,19.45,-79.75,-151.2
52.401546,-1.505601,147.88,0,4,237.99,26 / 28,33322,2019-09-08 10:08:19:946,0.0024,-0.1026,9.7387,0,0.0039,9.8066,0.0127,-0.0052,0.0038,-8.06,-26.44,32.25,17.42,-79.76,-151.21
52.401546,-1.505601,147.88,0,4,237.99,26 / 28,33422,2019-09-08 10:08:20:046,-0.0167,0.0323,9.8668,-0.0001,-0.0003,9.8066,-0.0043,0.011,0.0023,-7.69,-27.06,31.5,17.5,-79.76,-151.24
52.401546,-1.505601,147.88,0,4,237.99,26 / 28,33522,2019-09-08 10:08:20:146,0.0047,-0.0033,9.8693,0.0013,0.0016,9.8066,-0.0004,0.013,0.0006,-7.19,-26.31,31.44,19.1,-79.76,-151.19
52.401546,-1.505601,147.88,0,4,237.99,26 / 28,33622,2019-09-08 10:08:20:246,0.0266,0.0781,9.8416,-0.0005,0.0018,9.8066,-0.0015,-0.0015,-0.0091,-7.44,-26,32.06,19.42,-79.78,-151.21
52.401546,-1.505601,147.88,0,4,237.99,26 / 28,33721,2019-09-08 10:08:20:345,-0.0065,0.002,9.7445,0.0011,0.0022,9.8066,0.0062,0.0108,-0.0007,-7.69,-25.81,32,17.43,-79.79,-151.2
52.401546,-1.505601,147.88,0,4,237.99,25 / 26,33822,2019-09-08 10:08:20:446,-0.0721,0.274,9.8143,-0.0003,0.0019,9.8065,0.0039,-0.0147,0.0006,-7.62,-26.12,31.94,17.43,-79.79,-151.2
52.401546,-1.505601,147.88,0,4,237.99,25 / 26,33921,2019-09-08 10:08:20:545,0.0566,-0.017,9.8152,-0.0015,-0.0005,9.8066,0.0044,-0.0063,0.0009,-7.25,-26.25,31.38,19.08,-79.79,-151.2
52.401546,-1.505601,147.88,0,4,237.99,25 / 26,34021,2019-09-08 10:08:20:645,0.0561,0.1425,9.9074,0.0014,-0.0018,9.8066,0.0023,0.0029,0.0009,-8.19,-25.62,32,17.34,-79.79,-151.27
52.401546,-1.505601,147.88,0,4,237.99,25 / 26,34122,2019-09-08 10:08:20:746,0.1115,-0.0901,9.9008,-0.0009,0.0013,9.8066,0.0005,-0.0175,-0.008,-7.94,-26.81,32,17.41,-79.78,-151.31
52.401546,-1.505601,147.88,0,4,237.99,25 / 26,34221,2019-09-08 10:08:20:845,0.0401,-0.2898,9.7558,0.0013,-0.0001,9.8066,0.0071,0.0046,0.0004,-7.12,-26.94,32.25,19.39,-79.79,-151.34
52.401546,-1.505601,147.88,0,4,237.99,25 / 26,34321,2019-09-08 10:08:20:945,0.044,0.0907,9.8073,0.0002,0.0025,9.8066,0.007,-0.0146,0.0008,-8.12,-26.81,32.63,17.75,-79.79,-151.35
52.401546,-1.505601,147.88,0,4,237.99,25 / 26,34421,2019-09-08 10:08:21:045,-0.0365,0.2187,9.9273,0.0022,-0.002,9.8066,0.0018,0.0059,0.0091,-7.69,-26.12,31.94,17.16,-79.81,-151.43
52.401546,-1.505601,147.88,0,4,237.99,25 / 26,34521,2019-09-08 10:08:21:145,-0.0036,-0.0249,9.8066,0.0001,0.0019,9.8066,-0.0057,-0.0061,-0.0019,-7.19,-26.37,31.94,19.16,-79.81,-151.43
52.401546,-1.505601,147.88,0,4,237.99,25 / 26,34622,2019-09-08 10:08:21:246,0.0232,-0.1099,9.7353,0.0007,-0.0015,9.8066,-0.0145,0.0106,-0.0031,-7.87,-26.37,31.75,17.13,-79.82,-151.44
52.401546,-1.505601,147.88,0,4,237.99,25 / 26,34721,2019-09-08 10:08:21:345,0.0751,0.0487,9.8062,0.0013,0.0029,9.8066,0.0092,0.0019,0.0032,-7.75,-25.56,31.94,17.17,-79.82,-151.41
52.401546,-1.505601,147.88,0,4,237.99,24 / 25,34824,2019-09-08 10:08:21:448,0.0006,0.1366,9.9356,0.0006,0.0013,9.8066,-0.0087,0.0025,0.0034,-7.5,-25.94,31.69,19.17,-79.82,-151.42
52.401546,-1.505601,147.88,0,4,237.99,24 / 25,34921,2019-09-08 10:08:21:545,0.0021,-0.174,9.8239,0.0004,0.0025,9.8066,0.0006,0.0044,0.0041,-7.69,-26.69,32.38,17.22,-79.84,-151.45
52.401546,-1.505601,147.88,0,4,237.99,24 / 25,35022,2019-09-08 10:08:21:646,-0.0041,0.1461,9.7878,-0.0004,0.0022,9.8066,-0.0131,0.0066,-0.0071,-7.69,-26,32.25,17.09,-79.85,-151.47
52.401546,-1.505601,147.88,0,4,237.99,24 / 25,35122,2019-09-08 10:08:21:746,-0.0145,0.1031,9.8992,-0.0019,0.0016,9.8066,-0.0059,0.0102,0.0011,-7.69,-26.37,32.06,17.21,-79.86,-151.37
52.401546,-1.505601,147.88,0,4,237.99,24 / 25,35222,2019-09-08 10:08:21:846,0.0033,0.0302,9.926,-0.0006,-0.0011,9.8065,0.0019,-0.015,0.0018,-7.94,-25.75,31.94,17.17,-79.86,-151.39
52.401546,-1.505601,147.88,0,4,237.99,24 / 25,35322,2019-09-08 10:08:21:946,0.0088,0.0134,9.8441,0.0001,0.0007,9.8066,-0.008,0.0033,0.0041,-8.25,-26,32.06,17.2,-79.86,-151.37
52.401546,-1.505601,147.88,0,4,237.99,24 / 25,35422,2019-09-08 10:08:22:046,-0.0327,0.0362,9.7913,0.0001,-0.0014,9.8065,0.0106,-0.014,0.0064,-7.75,-25.87,31.31,16.79,-79.88,-151.36
52.401546,-1.505601,147.88,0,4,237.99,24 / 25,35522,2019-09-08 10:08:22:146,0.0213,0.1386,9.8797,0.0012,0.0007,9.8066,-0.017,-0.01,-0.0037,-7.5,-25.69,32.13,19.19,-79.88,-151.38
52.401546,-1.505601,147.88,0,4,237.99,24 / 25,35622,2019-09-08 10:08:22:246,0.0359,0.1618,9.9476,-0.0008,0.0013,9.8066,0.0059,0.0003,0.0007,-7.5,-25.94,31.38,18.85,-79.88,-151.37
52.401546,-1.505601,147.88,0,4,237.99,24 / 25,35721,2019-09-08 10:08:22:345,-0.0593,-0.1004,9.8946,0.0018,-0.0011,9.8066,-0.0038,-0.0021,-0.011,-7.81,-26.75,31.69,17.25,-79.89,-151.41
52.401546,-1.505601,147.88,0,4,237.99,24 / 25,35821,2019-09-08 10:08:22:445,-0.016,0.0256,9.7906,0.0002,0.0004,9.8066,0.0054,0.0105,0.0072,-7.69,-26.12,31.69,17.15,-79.89,-151.41
52.401546,-1.505601,147.88,0,4,237.99,24 / 26,35921,2019-09-08 10:08:22:545,0.0115,0.2202,9.963,0.0013,-0.0013,9.8066,0.0014,-0.0044,0.0018,-7.75,-25.44,31.81,17,-79.9,-151.44
52.401546,-1.505601,147.88,0,4,237.99,24 / 26,36021,2019-09-08 10:08:22:645,0.0542,0.1034,9.9651,0.0007,0.0018,9.8066,0.001,0.0056,0.0016,-7.81,-26.06,32.63,17.51,-79.91,-151.44
52.401546,-1.505601,147.88,0,4,237.99,24 / 26,36121,2019-09-08 10:08:22:745,-0.0157,-0.1168,9.8777,0.0011,-0.0038,9.8066,-0.0058,0.0096,-0.0004,-7.31,-25.87,31.56,18.99,-79.92,-151.54
52.401546,-1.505601,147.88,0,4,237.99,24 / 26,36221,2019-09-08 10:08:22:845,0.025,0.2333,9.8744,0.0003,0,9.8066,-0.0029,-0.0049,-0.0064,-8.06,-26.06,31.94,17.04,-79.93,-151.49
52.401546,-1.505601,147.88,0,4,237.99,24 / 26,36321,2019-09-08 10:08:22:945,0.042,0.2718,9.9768,-0.0018,-0.0003,9.8066,0.0161,0.0084,0.0081,-7.62,-25.87,31.81,17.09,-79.93,-151.44
52.401546,-1.505601,147.88,0,4,237.99,24 / 26,36422,2019-09-08 10:08:23:046,-0.0072,0.0328,9.9641,0.0004,-0.0017,9.8066,0.0048,-0.0121,0.001,-7.37,-25.81,32.25,19.12,-79.93,-151.42
52.401546,-1.505601,147.88,0,4,237.99,24 / 26,36522,2019-09-08 10:08:23:146,0.0672,-0.075,9.8514,-0.0005,0.0001,9.8066,-0.0052,-0.0056,0.0099,-7.25,-26,32.25,19.15,-79.94,-151.4
52.401546,-1.505601,147.88,0,4,237.99,24 / 26,36622,2019-09-08 10:08:23:246,0.038,0.1062,9.8205,0.0004,0.001,9.8066,-0.0072,0.0012,-0.0065,-7.44,-26.5,31.56,19.09,-79.95,-151.45
52.401546,-1.505601,147.88,0,4,237.99,24 / 26,36722,2019-09-08 10:08:23:346,0.006,0.2334,9.8789,0.0007,0.0026,9.8066,-0.0112,-0.0017,-0.0036,-7.81,-26.31,32.31,17.05,-79.96,-151.47
52.401546,-1.505601,147.88,0,4,237.99,24 / 27,36822,2019-09-08 10:08:23:446,0.001,0.1285,9.9807,0.0008,-0.0005,9.8066,0.0047,-0.0011,-0.0019,-7.5,-26.81,31.88,19.12,-79.95,-151.52
52.401546,-1.505601,147.88,0,4,237.99,24 / 27,36921,2019-09-08 10:08:23:545,-0.0058,0.0646,9.9557,0.0001,0.0005,9.8066,0.0156,-0.0246,-0.0046,-7.44,-25.62,31.63,18.96,-79.95,-151.55
52.401546,-1.505601,147.88,0,4,237.99,24 / 27,37021,2019-09-08 10:08:23:645,-0.0371,-0.1287,9.8501,0.0006,0,9.8066,0.0039,0.002,0.0111,-7.5,-26,31.88,18.87,-79.96,-151.62
52.401546,-1.505601,147.88,0,4,237.99,24 / 27,37122,2019-09-08 10:08:23:746,-0.0014,0.0629,9.7644,0.0014,-0.0007,9.8066,0.0021,-0.0031,0.0002,-7.5,-25.94,32,18.87,-79.97,-151.62
52.401546,-1.505601,147.88,0,4,237.99,24 / 27,37222,2019-09-08 10:08:23:846,0.0322,0.2972,10.0457,0.0004,-0.0016,9.8066,-0.0189,0.0126,0.0031,-7.19,-26.25,32.06,18.88,-79.97,-151.61
52.401546,-1.505601,147.88,0,4,237.99,24 / 27,37321,2019-09-08 10:08:23:945,0.035,0.0745,9.9491,0.0004,0.0009,9.8066,0.0072,-0.0073,-0.0013,-7.62,-26.94,31.56,17,-79.97,-151.6
52.401546,-1.505601,147.88,0,4,237.99,24 / 27,37422,2019-09-08 10:08:24:046,-0.0233,-0.0915,9.7372,0.0004,-0.0013,9.8066,-0.012,0.0103,0.0036,-7.56,-26.37,31.94,16.84,-79.98,-151.64
52.401546,-1.505601,147.88,0,4,237.99,24 / 27,37522,2019-09-08 10:08:24:146,-0.0042,0.127,9.953,-0.0003,0.0011,9.8066,-0.0059,-0.0012,0.0009,-7.69,-25.87,31.69,16.94,-79.99,-151.56
52.401546,-1.505601,147.88,0,4,237.99,24 / 27,37621,2019-09-08 10:08:24:245,0.058,0.1732,9.9564,-0.0001,0.0002,9.8066,-0.0151,0.0084,-0.0054,-7.37,-25.69,31.81,19.02,-80.01,-151.48
52.401546,-1.505601,147.88,0,4,237.99,24 / 27,37722,2019-09-08 10:08:24:346,0.0599,-0.0662,9.8129,0.0007,-0.0002,9.8066,0.006,-0.0024,0.004,-7.56,-26.06,32.13,17.04,-80.03,-151.46
52.401546,-1.505601,147.88,0,4,237.99,24 / 26,37822,2019-09-08 10:08:24:446,-0.0225,0.1821,9.8343,-0.0003,-0.0024,9.8066,-0.0075,0.0022,0.0059,-7.75,-25.62,31.81,17.03,-80.03,-151.47
52.401546,-1.505601,147.88,0,4,237.99,24 / 26,37921,2019-09-08 10:08:24:545,0.0315,0.1249,9.9201,0.0014,-0.0001,9.8066,0.0017,0.0064,0.0077,-7.37,-25.62,32.38,19.12,-80.04,-151.39
52.401546,-1.505601,147.88,0,4,237.99,24 / 26,38022,2019-09-08 10:08:24:646,0.0636,0.0386,9.9124,-0.0015,0.0007,9.8066,-0.0039,-0.0095,-0.005,-8.06,-26.31,31.69,17.15,-80.04,-151.36
52.401546,-1.505601,147.88,0,4,237.99,24 / 26,38122,2019-09-08 10:08:24:746,0.0026,-0.1688,9.8047,0.001,-0.0031,9.8066,-0.0165,0.0066,-0.0013,-8.06,-26.06,31.31,16.7,-80.05,-151.38
52.401546,-1.505601,147.88,0,4,237.99,24 / 26,38222,2019-09-08 10:08:24:846,0.0113,0.0996,9.7618,0.0007,-0.0007,9.8066,-0.0029,-0.0048,-0.0039,-7.5,-25.94,32,19.11,-80.05,-151.4
52.401546,-1.505601,147.88,0,4,237.99,24 / 26,38322,2019-09-08 10:08:24:946,0.0166,0.1669,9.9447,0.0002,-0.0014,9.8066,-0.0084,0.0036,-0.0001,-7.94,-26.19,31.56,17.08,-80.05,-151.42
52.401546,-1.505601,147.88,0,4,237.99,24 / 26,38422,2019-09-08 10:08:25:046,-0.0241,0.0184,9.7824,0,0.0026,9.8065,0.0129,-0.0021,0.0061,-7.81,-25.5,31.5,17.02,-80.07,-151.38
52.401546,-1.505601,147.88,0,4,237.99,24 / 26,38522,2019-09-08 10:08:25:146,-0.0915,-0.1797,9.7622,0.0001,-0.0026,9.8066,-0.0162,-0.0102,-0.0123,-8.31,-26,31.69,17.15,-80.07,-151.35
52.401546,-1.505601,147.88,0,4,237.99,24 / 26,38622,2019-09-08 10:08:25:246,0.0142,0.1277,9.8699,0.0005,0.002,9.8066,0.0037,0.0013,-0.0024,-7.5,-25.94,31.25,18.71,-80.08,-151.42
52.401546,-1.505601,147.88,0,4,237.99,24 / 26,38721,2019-09-08 10:08:25:345,-0.0263,-0.0284,9.9226,-0.0002,-0.0002,9.8066,-0.0113,-0.0067,-0.0024,-7.81,-25.87,32.06,17.02,-80.08,-151.47
52.401546,-1.505601,147.88,0,4,237.99,22 / 25,38821,2019-09-08 10:08:25:445,0.017,-0.09,9.7546,0.0003,0.0023,9.8066,0.0128,0.0017,0.0017,-7.75,-26.12,32.06,17.07,-80.11,-151.41
52.401546,-1.505601,147.88,0,4,237.99,22 / 25,38922,2019-09-08 10:08:25:546,-0.0348,-0.1267,9.758,-0.0011,0.0006,9.8066,-0.0064,-0.0002,-0.0067,-7.69,-26.87,31.88,17.19,-80.11,-151.4
52.401546,-1.505601,147.88,0,4,237.99,22 / 25,39022,2019-09-08 10:08:25:646,0.0056,0.114,9.8431,0.0014,0.0011,9.8066,0.0073,0.0048,0.0091,-7.44,-26.25,31.44,18.69,-80.12,-151.43
52.401546,-1.505601,147.88,0,4,237.99,22 / 25,39122,2019-09-08 10:08:25:746,-0.0072,0.1197,9.9421,-0.001,0.0019,9.8066,-0.0021,-0.0029,-0.0085,-7.5,-26.69,31.75,19.18,-80.11,-151.41
52.401546,-1.505601,147.88,0,4,237.99,22 / 25,39222,2019-09-08 10:08:25:846,0.0091,-0.2486,9.8011,0.0004,0.0027,9.8066,0.0192,0.0094,0.0084,-7.94,-26,31.75,17.13,-80.14,-151.35
52.401546,-1.505601,147.88,0,4,237.99,22 / 25,39322,2019-09-08 10:08:25:946,-0.0515,-0.0659,9.7195,0.001,0.0013,9.8066,0.0066,-0.0055,-0.0005,-7.94,-26.06,31.31,16.73,-80.13,-151.33
52.401546,-1.505601,147.88,0,4,237.99,22 / 25,39422,2019-09-08 10:08:26:046,-0.0729,0.167,9.9183,0.0003,0.0009,9.8065,-0.0017,0.0079,0.0006,-7.75,-25.25,31.5,16.98,-80.14,-151.4
52.401546,-1.505601,147.88,0,4,237.99,22 / 25,39522,2019-09-08 10:08:26:146,-0.0425,-0.1327,9.9017,-0.0014,0.0009,9.8066,-0.0035,0.0062,-0.0042,-7.56,-25.81,31.69,17.18,-80.14,-151.31
52.401546,-1.505601,147.88,0,4,237.99,22 / 25,39622,2019-09-08 10:08:26:246,0.0263,-0.1651,9.7911,0.0001,0.0008,9.8066,-0.0036,0.0043,-0.0044,-7.81,-25.69,32.38,17.15,-80.14,-151.34
52.401546,-1.505601,147.88,0,4,237.99,22 / 25,39722,2019-09-08 10:08:26:346,-0.0547,0.1196,9.7956,0.001,0.001,9.8066,0.0081,0.0091,-0.0013,-7.5,-26.25,31.69,19.18,-80.14,-151.31
52.401546,-1.505601,147.88,0,4,237.99,23 / 26,39822,2019-09-08 10:08:26:446,-0.0618,0.0064,9.9004,-0.0004,0.0001,9.8066,0.0054,-0.0144,0.0022,-7.87,-27,32.31,17.22,-80.14,-151.37
52.401546,-1.505601,147.88,0,4,237.99,23 / 26,39921,2019-09-08 10:08:26:545,-0.0085,-0.0105,9.9048,0,0.0007,9.8066,-0.0054,0.0031,0.0081,-7.69,-26.56,31.69,17.22,-80.15,-151.36
52.401546,-1.505601,147.88,0,4,237.99,23 / 26,40021,2019-09-08 10:08:26:645,-0.0462,-0.0603,9.8206,-0.0005,0.0007,9.8066,0.0023,-0.0119,-0.0037,-7.81,-25.75,32.06,17.13,-80.15,-151.35
52.401546,-1.505601,147.88,0,4,237.99,23 / 26,40122,2019-09-08 10:08:26:746,0.0024,0.1426,9.8727,0.0008,0.0009,9.8066,0.0042,0.0062,0.0022,-7.69,-26.12,31.13,16.66,-80.16,-151.39
52.401546,-1.505601,147.88,0,4,237.99,23 / 26,40222,2019-09-08 10:08:26:846,-0.0178,0.0742,9.9368,0.0002,0.0012,9.8066,0.0107,-0.0161,0.0013,-7.81,-25.75,31.94,17.09,-80.15,-151.39
52.401546,-1.505601,147.88,0,4,237.99,23 / 26,40321,2019-09-08 10:08:26:945,0.0182,-0.0321,9.8905,-0.0005,-0.0011,9.8066,-0.0047,-0.0061,0.0019,-7.75,-25.69,31.56,17.04,-80.14,-151.43
52.401546,-1.505601,147.88,0,4,237.99,23 / 26,40421,2019-09-08 10:08:27:045,-0.0007,-0.0598,9.8381,0.0002,0.0004,9.8066,0.0019,-0.0034,0.002,-7.81,-26.37,31.69,17.07,-80.14,-151.4
52.401546,-1.505601,147.88,0,4,237.99,23 / 26,40522,2019-09-08 10:08:27:146,-0.0248,0.2574,9.8811,-0.0006,0.0014,9.8066,0.0036,-0.0092,-0.012,-7.69,-25.87,31.88,17.09,-80.13,-151.39
52.401546,-1.505601,147.88,0,4,237.99,23 / 26,40622,2019-09-08 10:08:27:246,0.0434,0.1116,9.9783,0.001,-0.0009,9.8066,0.0044,0.0055,0.0026,-7.56,-26.5,32.13,17.08,-80.14,-151.4
52.401546,-1.505601,147.88,0,4,237.99,23 / 26,40722,2019-09-08 10:08:27:346,0.0777,-0.0337,9.8826,-0.0004,0.0018,9.8066,0.0099,-0.0111,0.0001,-7.81,-26.56,31.31,16.75,-80.15,-151.4
52.401546,-1.505601,147.88,0,4,237.99,23 / 26,40822,2019-09-08 10:08:27:446,0.0098,-0.0118,9.8085,0.0012,-0.0002,9.8066,-0.0029,0.0109,0.0094,-7.94,-25.87,31.81,17.01,-80.16,-151.45
52.401546,-1.505601,147.88,0,4,237.99,22 / 25,40922,2019-09-08 10:08:27:546,0.0183,0.0894,9.9358,0.0009,0.0002,9.8066,0.0014,-0.0076,0.0007,-7.81,-25.87,31.69,17.1,-80.15,-151.38
52.401546,-1.505601,147.88,0,4,237.99,22 / 25,41021,2019-09-08 10:08:27:645,0.0394,0.0029,9.9394,0.0013,-0.0025,9.8066,-0.0136,0.0088,-0.0031,-7.94,-26,31.81,17,-80.15,-151.46
52.401546,-1.505601,147.88,0,4,237.99,22 / 25,41121,2019-09-08 10:08:27:745,0.0938,-0.0108,9.8314,0.0013,0.0021,9.8066,0.0113,-0.0019,0.0008,-7.81,-26,31.94,17.06,-80.16,-151.41
52.401546,-1.505601,147.88,0,4,237.99,22 / 25,41222,2019-09-08 10:08:27:846,-0.0174,0.1642,9.8474,0.0001,-0.0026,9.8066,-0.0112,-0.0056,0.0029,-7.37,-25.94,32.06,18.99,-80.18,-151.46
52.401546,-1.505601,147.88,0,4,237.99,22 / 25,41321,2019-09-08 10:08:27:945,-0.0331,0.1032,9.9791,0.0013,-0.0009,9.8066,0.0023,0.0069,-0.0003,-7.37,-25.69,31.88,18.98,-80.2,-151.46
52.401546,-1.505601,147.88,0,4,237.99,22 / 25,41421,2019-09-08 10:08:28:045,0.0353,-0.1869,9.8531,0.0003,-0.0023,9.8066,-0.0285,-0.0047,-0.001,-7.25,-26.25,32.19,18.92,-80.19,-151.52
52.401546,-1.505601,147.88,0,4,237.99,22 / 25,41522,2019-09-08 10:08:28:146,-0.0743,-0.0581,9.6958,0.0004,-0.0011,9.8066,-0.0061,0.0082,-0.0053,-7.19,-26.12,32.25,18.95,-80.21,-151.48
52.401546,-1.505601,147.88,0,4,237.99,22 / 25,41622,2019-09-08 10:08:28:246,-0.0255,0.0607,9.9183,-0.0003,0.0001,9.8065,-0.0028,-0.0041,-0.0038,-7.44,-25.62,31.44,18.54,-80.21,-151.53
52.401546,-1.505601,147.88,0,4,237.99,22 / 25,41722,2019-09-08 10:08:28:346,0.0132,-0.0882,9.9023,0.0008,-0.0007,9.8066,0.003,0.005,0.0033,-7.75,-26.37,31.38,16.53,-80.23,-151.47
52.401546,-1.505601,147.88,0,4,237.99,23 / 25,41822,2019-09-08 10:08:28:446,-0.0236,0.0697,9.7849,-0.0003,-0.0009,9.8065,-0.0163,-0.0078,-0.0057,-8.25,-25.62,31,16.51,-80.23,-151.5
52.401546,-1.505601,147.88,0,4,237.99,23 / 25,41921,2019-09-08 10:08:28:545,-0.004,0.1099,9.9454,0.0001,-0.0012,9.8066,-0.009,0.007,-0.0001,-7.37,-26,31.81,18.95,-80.24,-151.47
52.401546,-1.505601,147.88,0,4,237.99,23 / 25,42021,2019-09-08 10:08:28:645,-0.0856,-0.0123,9.9489,-0.0005,-0.0014,9.8065,-0.0077,0.0012,-0.0039,-7.12,-26.75,32.13,19.09,-80.24,-151.45
52.401546,-1.505601,147.88,0,4,237.99,23 / 25,42121,2019-09-08 10:08:28:745,0.0192,-0.1276,9.8147,-0.0013,-0.0012,9.8066,-0.0031,0.0045,0.0079,-7.44,-26.31,32.13,18.95,-80.27,-151.47
52.401546,-1.505601,147.88,0,4,237.99,23 / 25,42221,2019-09-08 10:08:28:845,0.0113,-0.2686,9.7257,-0.0002,-0.0001,9.8066,0.0062,-0.0113,-0.0026,-7.56,-26.62,31.56,17.17,-80.26,-151.38
52.401546,-1.505601,147.88,0,4,237.99,23 / 25,42321,2019-09-08 10:08:28:945,-0.037,0.0085,9.7767,0.0003,-0.0022,9.8066,-0.0134,-0.0041,-0.0042,-7.5,-26.12,31.81,19.05,-80.26,-151.38
52.401546,-1.505601,147.88,0,4,237.99,23 / 25,42423,2019-09-08 10:08:29:047,-0.0035,0.1369,9.9114,0.0003,0.0015,9.8066,-0.0001,0.0026,-0.0057,-7.69,-25.62,31.38,16.61,-80.27,-151.4
52.401546,-1.505601,147.88,0,4,237.99,23 / 25,42522,2019-09-08 10:08:29:146,-0.0099,0.0949,9.8853,-0.0006,-0.0003,9.8066,-0.0061,-0.0049,-0.0049,-7.5,-25.56,31.31,18.73,-80.27,-151.35
52.401546,-1.505601,147.88,0,4,237.99,23 / 25,42621,2019-09-08 10:08:29:245,-0.0313,0.0621,9.9249,0.0009,0.0013,9.8065,0.0108,0.0102,0.009,-7.69,-25.12,32,16.98,-80.29,-151.35
52.401546,-1.505601,147.88,0,4,237.99,23 / 25,42721,2019-09-08 10:08:29:345,0.0195,-0.1409,9.8484,0.0003,-0.0005,9.8066,-0.0036,-0.0055,0.0016,-7.75,-25.94,31.88,17.09,-80.29,-151.34
52.401546,-1.505601,147.88,0,4,237.99,24 / 27,42822,2019-09-08 10:08:29:446,0.0683,-0.0468,9.7916,-0.0005,0.0016,9.8066,0.0096,0.0069,0.0047,-7.37,-26.5,32.19,19.06,-80.29,-151.37
52.401546,-1.505601,147.88,0,4,237.99,24 / 27,42922,2019-09-08 10:08:29:546,-0.0184,-0.1003,9.8411,-0.0003,0.0019,9.8065,0.0028,0.0018,-0.0053,-7.56,-26.06,31.94,17.08,-80.26,-151.36
52.401546,-1.505601,147.88,0,4,237.99,24 / 27,43022,2019-09-08 10:08:29:646,-0.0023,0.1232,9.8786,0,0.0006,9.8066,-0.0012,0.0008,-0.0009,-7.69,-26.19,31.81,17.07,-80.28,-151.37
52.401546,-1.505601,147.88,0,4,237.99,24 / 27,43121,2019-09-08 10:08:29:745,0.0907,0.1825,10.0149,0.0013,0.0027,9.8066,0.0199,0.0009,0.0127,-7.62,-26.06,31.88,17.08,-80.3,-151.36
52.401546,-1.505601,147.88,0,4,237.99,24 / 27,43221,2019-09-08 10:08:29:845,0.0454,-0.0602,9.9237,-0.0013,-0.0009,9.8066,0.0033,-0.0079,-0.0008,-7.81,-25.81,31.75,17.1,-80.28,-151.34
52.401546,-1.505601,147.88,0,4,237.99,24 / 27,43321,2019-09-08 10:08:29:945,-0.068,0.108,9.8404,-0.0002,0.0019,9.8066,0.0073,0.01,0.0008,-7.5,-25.69,31.56,19.11,-80.27,-151.33
52.401546,-1.505601,147.88,0,4,237.99,24 / 27,43421,2019-09-08 10:08:30:045,0.0177,0.1233,10.0152,-0.0006,0.0012,9.8066,-0.0103,0.0053,-0.0015,-7.81,-26.06,31.88,17.13,-80.28,-151.32
52.401546,-1.505601,147.88,0,4,237.99,24 / 27,43522,2019-09-08 10:08:30:146,0.0176,-0.096,9.9161,0.0006,0.0009,9.8066,0.0137,0.0108,0.0017,-7.62,-25.31,31.25,16.64,-80.29,-151.28
52.401546,-1.505601,147.88,0,4,237.99,24 / 27,43622,2019-09-08 10:08:30:246,-0.094,-0.0508,9.7448,0.0004,0.0017,9.8066,-0.0023,-0.0092,0.0037,-7.44,-26.37,32.25,19.1,-80.29,-151.33
52.401546,-1.505601,147.88,0,4,237.99,24 / 27,43721,2019-09-08 10:08:30:345,-0.0468,0.0615,9.9555,-0.0003,-0.0006,9.8066,0.0006,0.0007,-0.0031,-7.25,-26,31.69,19.15,-80.29,-151.29
52.401546,-1.505601,147.88,0,4,237.99,23 / 26,43822,2019-09-08 10:08:30:446,0.0955,0.1408,9.9939,0,-0.0018,9.8066,-0.0112,0.0046,-0.0147,-8,-26.31,31.88,17.16,-80.27,-151.3
52.401546,-1.505601,147.88,0,4,237.99,23 / 26,43921,2019-09-08 10:08:30:545,0.0354,-0.0247,9.8887,0.0003,0.0034,9.8066,0.0199,0.0087,0.0066,-7.25,-26.25,31.81,19.16,-80.28,-151.29
52.401546,-1.505601,147.88,0,4,237.99,23 / 26,44022,2019-09-08 10:08:30:646,-0.1197,-0.1181,9.7405,-0.0008,0.0012,9.8066,0.0024,-0.0126,0.0065,-7.62,-25.87,31.63,17.13,-80.27,-151.31
52.401546,-1.505601,147.88,0,4,237.99,23 / 26,44122,2019-09-08 10:08:30:746,-0.064,0.0477,9.9152,-0.0003,0.0006,9.8066,-0.0014,0.0098,-0.003,-6.69,-25.62,31.63,19.17,-80.27,-151.28
52.401546,-1.505601,147.88,0,4,237.99,23 / 26,44221,2019-09-08 10:08:30:845,-0.0048,-0.0521,9.9303,-0.0009,0.0016,9.8066,-0.0029,-0.0199,-0.0052,-7.69,-26.06,31.56,17.23,-80.26,-151.23
52.401546,-1.505601,147.88,0,4,237.99,23 / 26,44321,2019-09-08 10:08:30:945,0.016,-0.0528,9.7672,0.0009,0.0015,9.8066,0.0057,0.0008,0.0017,-7.69,-25.75,31.69,17.18,-80.28,-151.27
52.401546,-1.505601,147.88,0,4,237.99,23 / 26,44421,2019-09-08 10:08:31:045,-0.0963,0.0819,9.8474,0,0.0003,9.8066,0.0066,-0.0103,0.0051,-7.94,-26.5,31.81,17.17,-80.28,-151.28
52.401546,-1.505601,147.88,0,4,237.99,23 / 26,44522,2019-09-08 10:08:31:146,-0.0647,-0.0148,9.9456,-0.0005,0.0003,9.8066,0.0084,-0.0011,-0.0034,-7.81,-26.19,31.13,16.71,-80.28,-151.3
52.401546,-1.505601,147.88,0,4,237.99,23 / 26,44622,2019-09-08 10:08:31:246,0.002,-0.0469,9.8467,0.0007,-0.0008,9.8066,-0.0087,-0.0121,-0.0022,-7.62,-26.12,31.5,17.11,-80.26,-151.33
52.401546,-1.505601,147.88,0,4,237.99,23 / 26,44722,2019-09-08 10:08:31:346,-0.0763,0.0756,9.7884,-0.0013,0.0002,9.8066,-0.0084,0.0062,-0.0084,-7.75,-25.81,32.25,17.12,-80.28,-151.33
52.401546,-1.505601,147.88,0,4,237.99,23 / 25,44822,2019-09-08 10:08:31:446,-0.0509,0.045,9.9473,-0.0005,0.0011,9.8066,0.0101,-0.0031,-0.0003,-7.69,-26.44,31.06,16.85,-80.29,-151.18
52.401546,-1.505601,147.88,0,4,237.99,23 / 25,44921,2019-09-08 10:08:31:545,0.0343,0.007,9.9402,-0.0008,0.0022,9.8066,0.0047,-0.0097,0.0059,-7.81,-25.5,31.38,16.83,-80.3,-151.11
52.401546,-1.505601,147.88,0,4,237.99,23 / 25,45022,2019-09-08 10:08:31:646,-0.0092,-0.0566,9.8623,0.0012,-0.0001,9.8066,0.0014,-0.0004,0.0059,-7.75,-25.69,31.44,16.91,-80.3,-151.13
52.401546,-1.505601,147.88,0,4,237.99,23 / 25,45121,2019-09-08 10:08:31:745,0.0095,0.226,9.9738,-0.0017,0.002,9.8066,-0.0088,-0.0029,-0.0148,-7.44,-25.81,31.88,19.34,-80.29,-151.12
52.401546,-1.505601,147.88,0,4,237.99,23 / 25,45222,2019-09-08 10:08:31:846,0.0771,0.0754,10.013,0.0007,0.0013,9.8066,0.0021,-0.0006,-0.0032,-7.37,-26.69,31.5,19.54,-80.31,-151.05
52.401546,-1.505601,147.88,0,4,237.99,23 / 25,45322,2019-09-08 10:08:31:946,-0.0047,-0.1322,9.7607,-0.0015,0.0011,9.8066,-0.002,-0.0008,-0.0048,-7.44,-26.44,31.94,19.41,-80.31,-151.06
52.401546,-1.505601,147.88,0,4,237.99,23 / 25,45422,2019-09-08 10:08:32:046,-0.012,0.1861,9.9429,0.0004,0.0006,9.8065,0.0029,0.0034,-0.0006,-7.56,-25.69,32,17.53,-80.34,-150.95
52.401546,-1.505601,147.88,0,4,237.99,23 / 25,45521,2019-09-08 10:08:32:145,0.0482,0.0144,9.9648,-0.0005,0.0002,9.8066,-0.0054,-0.0053,-0.0031,-7.75,-25.69,31.44,17.1,-80.33,-150.96
52.401546,-1.505601,147.88,0,4,237.99,23 / 25,45621,2019-09-08 10:08:32:245,-0.007,-0.1135,9.8068,0,-0.0002,9.8066,-0.0025,0.0023,0.0031,-7.62,-25.56,31.94,17.54,-80.34,-150.95
52.401546,-1.505601,147.88,0,4,237.99,23 / 25,45721,2019-09-08 10:08:32:345,-0.0237,0.0101,9.8125,-0.0007,0.0008,9.8066,0.0036,-0.0095,-0.0058,-7.81,-25.69,31.56,17.54,-80.34,-150.95
52.401546,-1.505601,147.88,0,4,237.99,23 / 25,45821,2019-09-08 10:08:32:445,-0.0144,-0.0505,9.7941,0.0006,-0.0009,9.8066,-0.0001,0.0073,0.0045,-7.56,-26.31,32.25,17.55,-80.35,-150.93
52.401546,-1.505601,147.88,0,4,237.99,21 / 25,45921,2019-09-08 10:08:32:545,0.0395,0.0718,9.956,0.0003,0.0003,9.8066,0.0017,-0.0117,-0.0052,-7.81,-26.56,32.13,17.63,-80.34,-150.95
52.401546,-1.505601,147.88,0,4,237.99,21 / 25,46021,2019-09-08 10:08:32:645,0.0386,0.0327,9.9503,0.0008,-0.0022,9.8066,-0.0201,0.0099,-0.0036,-7.81,-25.81,31.94,17.48,-80.34,-151
52.401546,-1.505601,147.88,0,4,237.99,21 / 25,46121,2019-09-08 10:08:32:745,0.0769,-0.0963,9.8009,0.0005,0.0008,9.8066,0.0109,-0.0018,0.008,-7.69,-26.06,31.56,17.52,-80.34,-150.96
52.401546,-1.505601,147.88,0,4,237.99,21 / 25,46221,2019-09-08 10:08:32:845,-0.0051,0.0687,9.8806,-0.0007,-0.0008,9.8066,-0.0026,0.0045,0.0027,-8,-26.44,31.44,17.08,-80.34,-150.98
52.401546,-1.505601,147.88,0,4,237.99,21 / 25,46321,2019-09-08 10:08:32:945,0.0741,-0.0026,9.9385,0.0006,-0.0014,9.8066,0.0005,-0.0008,0.0084,-7.62,-25.44,31.81,17.46,-80.35,-150.92
52.401546,-1.505601,147.88,0,4,237.99,21 / 25,46422,2019-09-08 10:08:33:046,0.0432,-0.1243,9.8203,-0.0017,-0.0023,9.8066,-0.0142,-0.0079,-0.0082,-8.37,-25.69,32.06,17.61,-80.32,-150.89
52.401546,-1.505601,147.88,0,4,237.99,21 / 25,46522,2019-09-08 10:08:33:146,-0.1117,-0.0269,9.7737,0.0008,-0.0007,9.8066,-0.006,0.0153,-0.0021,-7.19,-26.31,31.94,19.61,-80.33,-150.88
52.401546,-1.505601,147.88,0,4,237.99,21 / 25,46621,2019-09-08 10:08:33:245,-0.0466,0.0733,9.9581,-0.0002,-0.0014,9.8066,-0.006,-0.0057,0.0032,-7.31,-26.25,31.75,19.61,-80.33,-150.88
52.401546,-1.505601,147.88,0,4,237.99,21 / 25,46721,2019-09-08 10:08:33:345,0.0038,-0.1092,9.8796,0.0008,-0.0031,9.8066,-0.0021,0.008,0.0099,-7.62,-25.87,31.69,17.7,-80.35,-150.8
52.401546,-1.505601,147.88,0,4,237.99,21 / 25,46821,2019-09-08 10:08:33:445,-0.0264,-0.0715,9.7502,-0.0002,-0.0015,9.8066,-0.0149,-0.0038,-0.0015,-7.44,-26.44,32.25,19.7,-80.33,-150.8
52.401546,-1.505601,147.88,0,4,237.99,24 / 26,46922,2019-09-08 10:08:33:546,-0.0751,0.0768,9.9167,-0.0002,-0.0024,9.8066,-0.0094,0.0105,-0.0048,-7.56,-26.25,32.38,17.77,-80.34,-150.74
52.401546,-1.505601,147.88,0,4,237.99,24 / 26,47021,2019-09-08 10:08:33:645,-0.0534,0.0688,9.9996,0,0.0006,9.8065,0.0008,-0.0083,-0.0047,-7.56,-26.44,32.25,17.73,-80.33,-150.78
52.401546,-1.505601,147.88,0,4,237.99,24 / 26,47122,2019-09-08 10:08:33:746,0.0609,-0.1028,9.7753,0.0005,-0.0014,9.8065,0.0027,0.0035,0.0072,-7.56,-25.31,32.19,17.53,-80.33,-150.87
52.401546,-1.505601,147.88,0,4,237.99,24 / 26,47221,2019-09-08 10:08:33:845,-0.0219,0.2022,9.9018,-0.001,0.0003,9.8066,0.0024,-0.0134,0.0006,-7,-25.87,31.44,19.29,-80.33,-150.85
52.401546,-1.505601,147.88,0,4,237.99,24 / 26,47322,2019-09-08 10:08:33:946,-0.0017,-0.0162,9.9958,0.0003,-0.0025,9.8066,-0.0248,0.0083,-0.0031,-7.37,-25.69,31.13,19.26,-80.33,-150.87
52.401546,-1.505601,147.88,0,4,237.99,24 / 26,47422,2019-09-08 10:08:34:046,0.0279,-0.0183,9.8931,0.0006,-0.0003,9.8066,-0.0087,-0.0025,-0.0046,-7.56,-25.06,30.94,17.08,-80.32,-150.89
52.401546,-1.505601,147.88,0,4,237.99,24 / 26,47522,2019-09-08 10:08:34:146,-0.0285,-0.044,9.841,-0.0003,-0.0046,9.8066,-0.0132,-0.004,-0.0056,-7.44,-26.37,31.63,19.66,-80.34,-150.83
52.401546,-1.505601,147.88,0,4,237.99,24 / 26,47621,2019-09-08 10:08:34:245,0.0407,0.1676,10.0123,0.0001,0.0017,9.8066,0.0149,-0.0081,0.0065,-7.44,-26.37,32,19.66,-80.33,-150.83
52.401546,-1.505601,147.88,0,4,237.99,24 / 26,47721,2019-09-08 10:08:34:345,0.0492,-0.0934,9.8895,-0.0005,-0.0018,9.8066,-0.0161,-0.0016,-0.004,-8.12,-26.5,31.88,17.62,-80.32,-150.88
52.401546,-1.505601,147.88,0,4,237.99,23 / 27,47821,2019-09-08 10:08:34:445,0.0158,-0.0335,9.803,-0.0002,0.0018,9.8066,-0.0003,-0.002,-0.0006,-7.56,-26.19,31.88,17.68,-80.33,-150.83
52.401546,-1.505601,147.88,0,4,237.99,23 / 27,47922,2019-09-08 10:08:34:546,0.0181,0.1233,9.9192,-0.0009,0.0009,9.8066,-0.005,-0.0104,-0.0063,-7.5,-25.75,31.81,19.62,-80.33,-150.87
52.401546,-1.505601,147.88,0,4,237.99,23 / 27,48021,2019-09-08 10:08:34:645,0.0921,0.0292,9.9291,-0.0006,0.0016,9.8066,0.0091,0.0044,0.0043,-7.87,-25.94,31.38,17.32,-80.34,-150.77
52.401546,-1.505601,147.88,0,4,237.99,23 / 27,48122,2019-09-08 10:08:34:746,-0.0607,-0.189,9.7792,-0.0014,-0.0014,9.8066,-0.0045,-0.0103,-0.0112,-7.69,-26.25,31.69,17.73,-80.34,-150.78
52.401546,-1.505601,147.88,0,4,237.99,23 / 27,48221,2019-09-08 10:08:34:845,-0.0207,0.0744,9.828,0.0001,0.0012,9.8066,-0.0002,0.006,0.0014,-7.37,-25.69,31.13,19.37,-80.34,-150.77
52.401546,-1.505601,147.88,0,4,237.99,23 / 27,48321,2019-09-08 10:08:34:945,-0.0005,0.0066,9.9377,-0.0008,0.0016,9.8066,0.0008,-0.0086,-0.0013,-7.69,-26.44,31.5,17.76,-80.33,-150.76
52.401546,-1.505601,147.88,0,4,237.99,23 / 27,48422,2019-09-08 10:08:35:046,0.0317,-0.1779,9.7938,0.0009,0.0015,9.8066,0.0144,0.0093,0.0046,-7.69,-27,31.44,17.44,-80.35,-150.75
52.401546,-1.505601,147.88,0,4,237.99,23 / 27,48521,2019-09-08 10:08:35:145,-0.0955,-0.1439,9.7039,-0.0015,-0.0017,9.8066,-0.0037,-0.0086,-0.0032,-7.69,-26.44,31.44,17.33,-80.34,-150.76
52.401546,-1.505601,147.88,0,4,237.99,23 / 27,48622,2019-09-08 10:08:35:246,-0.07,-0.0009,9.9877,0.0001,-0.0005,9.8066,0.0034,0.0013,0.0008,-7.37,-26.19,31.81,19.74,-80.33,-150.77
52.401546,-1.505601,147.88,0,4,237.99,23 / 27,48722,2019-09-08 10:08:35:346,0.0294,-0.1582,9.8464,-0.0007,0.0022,9.8066,0.0001,-0.0021,-0.004,-7.56,-25.62,31.31,17.33,-80.31,-150.77
52.401546,-1.505601,147.88,0,4,237.99,23 / 25,48822,2019-09-08 10:08:35:446,0.0437,-0.1462,9.8451,-0.0003,0.0026,9.8066,0.0186,0.0065,0.0044,-7.56,-26.25,31.88,17.79,-80.34,-150.73
52.401546,-1.505601,147.88,0,4,237.99,23 / 25,48921,2019-09-08 10:08:35:545,0.0702,-0.0152,9.9466,0.0013,0.0013,9.8066,0.0141,0.0073,0.0046,-7.5,-25.12,32,19.64,-80.32,-150.76
52.401546,-1.505601,147.88,0,4,237.99,23 / 25,49021,2019-09-08 10:08:35:645,0.0687,-0.1061,9.845,-0.0016,-0.0005,9.8066,-0.008,-0.0004,0.0015,-7.62,-25.62,31.63,17.76,-80.32,-150.76
52.401546,-1.505601,147.88,0,4,237.99,23 / 25,49122,2019-09-08 10:08:35:746,-0.0169,0.1236,9.844,0.0008,0.0012,9.8066,0.0024,0.0059,-0.0038,-7.75,-26.44,31.88,17.83,-80.33,-150.7
52.401546,-1.505601,147.88,0,4,237.99,23 / 25,49222,2019-09-08 10:08:35:846,0.0084,0.0211,9.9651,-0.0004,0.002,9.8065,-0.0071,0.0036,-0.0022,-7.12,-26.37,31.75,19.76,-80.34,-150.75
52.401546,-1.505601,147.88,0,4,237.99,23 / 25,49322,2019-09-08 10:08:35:946,0.0398,-0.0646,9.8629,0.0006,0,9.8066,0.0086,0.0057,0.0091,-7.69,-25.94,31.44,17.35,-80.34,-150.75
52.401546,-1.505601,147.88,0,4,237.99,23 / 25,49422,2019-09-08 10:08:36:046,-0.0313,-0.0733,9.7544,-0.0016,0.001,9.8066,0.0072,-0.0058,-0.0073,-7.62,-26.56,31.69,17.93,-80.33,-150.7
52.401546,-1.505601,147.88,0,4,237.99,23 / 25,49522,2019-09-08 10:08:36:146,0.0405,0.0587,9.9418,0.0003,0.0003,9.8066,0.0072,0.0025,0.0053,-8.06,-25.87,31.5,17.81,-80.33,-150.72
52.401546,-1.505601,147.88,0,4,237.99,23 / 25,49621,2019-09-08 10:08:36:245,0.0449,-0.0631,9.8909,-0.0002,0.0006,9.8066,-0.0044,-0.0066,-0.0049,-7.87,-25.87,32.13,17.8,-80.32,-150.73
52.401546,-1.505601,147.88,0,4,237.99,23 / 25,49722,2019-09-08 10:08:36:346,0.0092,-0.0828,9.7707,0.0001,0.0013,9.8066,0.0058,0.0058,0.0019,-7.81,-25.69,31.69,17.79,-80.33,-150.74
52.401546,-1.505601,147.88,0,4,237.99,24 / 26,49822,2019-09-08 10:08:36:446,-0.0688,0.1031,9.8872,0.0006,-0.0013,9.8066,-0.0073,-0.0086,0.0009,-7.5,-25.62,31.56,19.75,-80.32,-150.76
52.401546,-1.505601,147.88,0,4,237.99,24 / 26,49921,2019-09-08 10:08:36:545,-0.0163,-0.0859,9.8971,-0.0007,-0.001,9.8066,0.0051,0.0119,-0.0039,-7.56,-26.19,32.13,17.78,-80.34,-150.74
52.401546,-1.505601,147.88,0,4,237.99,24 / 26,50021,2019-09-08 10:08:36:645,-0.0037,-0.1438,9.7853,-0.0006,0.0001,9.8066,0.001,-0.006,-0.0067,-7.75,-26.75,31.19,17.45,-80.32,-150.75
52.401546,-1.505601,147.88,0,4,237.99,24 / 26,50121,2019-09-08 10:08:36:745,-0.0196,0.1735,9.9416,-0.0001,0.0021,9.8066,0.0102,0.01,0.0025,-7.62,-26.5,32.19,17.71,-80.33,-150.8
52.401546,-1.505601,147.88,0,4,237.99,24 / 26,50221,2019-09-08 10:08:36:845,0.034,0.0833,10.02,-0.0003,0.0025,9.8066,0.0095,-0.0066,0.0054,-7.69,-25.87,32,17.74,-80.33,-150.78
52.401546,-1.505601,147.88,0,4,237.99,24 / 26,50321,2019-09-08 10:08:36:945,0.0634,-0.0312,9.7798,-0.0001,-0.0011,9.8065,0.0016,0.0076,0.0011,-7.44,-25.75,31.81,19.77,-80.34,-150.73
52.401546,-1.505601,147.88,0,4,237.99,24 / 26,50421,2019-09-08 10:08:37:045,0.0042,0.1242,9.9408,0.0005,-0.0001,9.8066,-0.0049,-0.0046,-0.0048,-7.69,-25.62,31.56,17.76,-80.32,-150.76
52.401546,-1.505601,147.88,0,4,237.99,24 / 26,50522,2019-09-08 10:08:37:146,0.0562,0.0671,9.9902,0.0005,0.0017,9.8066,0.0048,0.0147,0.0037,-7.5,-25.94,31.75,19.69,-80.33,-150.81
52.401546,-1.505601,147.88,0,4,237.99,24 / 26,50622,2019-09-08 10:08:37:246,-0.0518,-0.1563,9.7586,-0.0015,0.0029,9.8065,0.0108,-0.0166,0.0009,-7.44,-25.75,31.81,19.79,-80.33,-150.72
52.401546,-1.505601,147.88,0,4,237.99,24 / 26,50722,2019-09-08 10:08:37:346,0.0422,0.1211,9.9118,0.001,-0.0011,9.8066,-0.0023,0.0079,0.0049,-7.37,-26.12,31.88,19.75,-80.33,-150.76
52.401546,-1.505601,147.88,0,4,237.99,24 / 26,50822,2019-09-08 10:08:37:446,0.0351,-0.1434,9.9257,-0.0015,-0.0014,9.8066,-0.0127,-0.0042,-0.0217,-7.69,-25.94,31.31,17.36,-80.31,-150.74
52.401546,-1.505601,147.88,0,4,237.99,23 / 26,50921,2019-09-08 10:08:37:545,-0.0424,0.0792,9.8512,0.0017,0.0046,9.8066,0.0326,-0.0031,0.0069,-7.44,-25.69,31.56,19.67,-80.35,-150.82
52.401546,-1.505601,147.88,0,4,237.99,23 / 26,51022,2019-09-08 10:08:37:646,0.0135,0.1797,10.0627,-0.0017,0.0006,9.8066,0.009,-0.0116,-0.0004,-7.44,-25.44,31.56,19.49,-80.32,-150.88
52.401546,-1.505601,147.88,0,4,237.99,23 / 26,51121,2019-09-08 10:08:37:745,0.0212,-0.3941,9.8019,-0.0015,0.0007,9.8066,0.0059,0.0102,0.004,-7.44,-25.94,31.69,19.51,-80.32,-150.97
52.401546,-1.505601,147.88,0,4,237.99,23 / 26,51222,2019-09-08 10:08:37:846,-0.0378,-0.0038,9.8881,0.0003,-0.0016,9.8065,0.0009,-0.0046,0.0068,-7.25,-25.81,30.94,19.16,-80.29,-150.97
52.401546,-1.505601,147.88,0,4,237.99,23 / 26,51321,2019-09-08 10:08:37:945,0.1376,-0.3013,9.8071,0.0003,0.004,9.8066,0.0343,0.0071,0.0175,-7.81,-25.81,31.69,17.43,-80.26,-151.06
52.401546,-1.505601,147.88,0,4,237.99,23 / 26,51421,2019-09-08 10:08:38:045,0.215,-0.5004,9.8885,-0.0001,0.0012,9.8065,0.0236,-0.0139,0.0128,-7.25,-26,32.06,19.28,-80.25,-151.18
52.401546,-1.505601,147.88,0,4,237.99,23 / 26,51521,2019-09-08 10:08:38:145,0.221,-0.3688,9.8843,0.0008,0.0006,9.8066,0.0176,-0.0023,0.0004,-7.87,-25.56,31.88,17.16,-80.23,-151.3
52.401546,-1.505601,147.88,0,4,237.99,23 / 26,51621,2019-09-08 10:08:38:245,0.0686,-0.2786,9.9138,0.0003,-0.0031,9.8066,-0.0092,-0.0015,-0.0072,-7.44,-25.94,31.56,19.12,-80.2,-151.34
52.401546,-1.505601,147.88,0,4,237.99,23 / 26,51721,2019-09-08 10:08:38:345,0.1688,-0.4063,9.916,0.0008,0.0005,9.8066,0.0166,-0.0067,-0.0016,-7,-25.87,31.69,19.11,-80.18,-151.36
52.401546,-1.505601,147.88,0,4,237.99,23 / 27,51821,2019-09-08 10:08:38:445,0.2838,-1.4624,10.0888,0.0007,-0.0021,9.8066,0.0169,-0.004,0.0017,-7.12,-25.19,32,18.79,-80.15,-151.54
52.401546,-1.505601,147.88,0,4,237.99,23 / 27,51922,2019-09-08 10:08:38:546,0.0902,-0.4237,9.9181,0.003,-0.0063,9.8066,0.002,0.0103,-0.0091,-7.5,-25.5,32.31,18.56,-80.11,-151.75
52.401546,-1.505601,147.88,0,4,237.99,23 / 27,52021,2019-09-08 10:08:38:645,0.2182,-1.4821,9.8682,0.0029,-0.0132,9.8066,0.0053,-0.0134,-0.0009,-7.5,-25.75,32.44,18.12,-79.99,-152.26
52.401546,-1.505601,147.88,0,4,237.99,23 / 27,52121,2019-09-08 10:08:38:745,0.4156,-1.2132,10.0783,0.0024,-0.017,9.8066,0.0143,-0.0111,0.0037,-7.44,-25.87,32.19,17.58,-79.84,-152.77
52.401546,-1.505601,147.88,0,4,237.99,23 / 27,52221,2019-09-08 10:08:38:845,0.5762,-1.7037,9.8488,0.002,-0.0013,9.8066,-0.0024,0.0106,-0.0214,-7.25,-25.56,32.5,17.78,-79.82,-152.9
52.401546,-1.505601,147.88,0,4,237.99,23 / 27,52322,2019-09-08 10:08:38:946,0.4962,-2.7795,9.8358,0.0003,0.0085,9.8066,0.0329,-0.0031,0.0002,-7.44,-26.06,32.38,17.26,-79.79,-153.05
52.401546,-1.505601,147.88,0,4,237.99,23 / 27,52421,2019-09-08 10:08:39:045,0.3528,-2.0411,9.8683,0.003,-0.0038,9.8066,0.0598,-0.0048,0.014,-7.56,-26.69,32.63,15.67,-79.82,-153.12
52.401546,-1.505601,147.88,0,4,237.99,23 / 27,52521,2019-09-08 10:08:39:145,0.4776,-1.8374,10.1423,-0.0037,-0.0007,9.8066,0.0266,0.0032,-0.0068,-7.81,-26.19,31.63,15.01,-79.85,-153.24
52.401546,-1.505601,147.88,0,4,237.99,23 / 27,52622,2019-09-08 10:08:39:246,-0.1579,-1.7344,9.951,0.0011,0.0012,9.8066,-0.0137,0.0238,0.0109,-7.5,-25.69,32.38,17.15,-79.81,-153.15
52.401546,-1.505601,147.88,0,4,237.99,23 / 27,52722,2019-09-08 10:08:39:346,0.2272,-2.1234,10.0868,0.0007,-0.0073,9.8066,0.0098,-0.0033,-0.0418,-7.56,-25.56,31.56,14.96,-79.8,-153.3
52.401546,-1.505601,147.88,0,4,237.99,23 / 27,52821,2019-09-08 10:08:39:445,0.45,-2.3149,9.7767,0.0046,-0.0201,9.8066,0.036,-0.0226,0.0001,-7.12,-25.69,31.88,16.53,-79.68,-153.71
52.401546,-1.505601,147.88,0,4,237.99,25 / 27,52921,2019-09-08 10:08:39:545,0.4129,-1.7006,9.9519,0.0034,-0.0052,9.8066,0.0951,0.0006,-0.0222,-6.94,-26,31.56,16.33,-79.68,-153.87
52.401546,-1.505601,147.88,0,4,237.99,25 / 27,53022,2019-09-08 10:08:39:646,0.102,-1.6078,10.2812,0.0002,-0.0046,9.8066,0.0234,0.0113,0.0495,-7.12,-25.06,32.25,16.23,-79.64,-153.89
52.401546,-1.505601,147.88,0,4,237.99,25 / 27,53122,2019-09-08 10:08:39:746,0.4157,-2.9488,10.6947,0.0031,-0.0086,9.8066,0.0287,0.0382,0.0713,-7.31,-26,32.31,16.37,-79.66,-153.85
52.401546,-1.505601,147.88,0,4,237.99,25 / 27,53222,2019-09-08 10:08:39:846,-0.4567,-1.6811,10.7612,-0.0019,-0.0066,9.8066,0.0351,-0.0258,0.0243,-7.12,-25.62,33.06,16.65,-79.66,-153.9
52.401546,-1.505601,147.88,0,4,237.99,25 / 27,53321,2019-09-08 10:08:39:945,-0.1379,-1.6673,9.7205,0.0075,-0.0138,9.8066,0.1095,-0.0456,-0.0264,-7.37,-26.12,32.81,15.74,-79.73,-154.67
52.401546,-1.505601,147.88,0,4,237.99,25 / 27,53421,2019-09-08 10:08:40:045,0.2425,-1.9586,10.016,-0.0005,-0.001,9.8066,-0.04,-0.0094,0.0225,-7.12,-25.31,32.31,15.34,-79.84,-154.59
52.401546,-1.505601,147.88,0,4,237.99,25 / 27,53522,2019-09-08 10:08:40:146,0.3407,-2.3252,9.6665,0.0134,0.0206,9.8065,-0.074,0.0377,-0.0255,-7,-25.37,32.31,15.57,-79.87,-154.39
52.401546,-1.505601,147.88,0,4,237.99,25 / 27,53622,2019-09-08 10:08:40:246,-0.1685,-1.3466,9.4916,-0.0046,0.0103,9.8066,-0.0596,-0.0474,0.0001,-6.69,-24.87,32.44,15.43,-80.03,-154.47
52.401546,-1.505601,147.88,0,4,237.99,25 / 27,53721,2019-09-08 10:08:40:345,0.0466,-1.5265,9.814,-0.0015,0.0118,9.8066,-0.0387,-0.0535,-0.012,-7.5,-25.25,32.63,15.82,-80.04,-154.43
52.401546,-1.505601,147.88,0,4,237.99,26 / 28,53821,2019-09-08 10:08:40:445,-0.9415,-1.6925,9.7696,-0.0043,0.0005,9.8066,-0.0024,-0.0925,-0.0205,-7.87,-25.81,32.06,14.04,-80.04,-154.02
52.401546,-1.505601,147.88,0,4,237.99,26 / 28,53921,2019-09-08 10:08:40:545,-0.8846,-1.5838,9.7744,-0.0005,0.0043,9.8066,0.0504,-0.1304,0.0093,-6.87,-26,31.56,15.57,-80.03,-154.43
52.401546,-1.505601,147.88,0,4,237.99,26 / 28,54021,2019-09-08 10:08:40:645,0.0308,-1.2794,9.9982,0.0044,-0.0062,9.8065,-0.0184,-0.194,0.0433,-7,-26.31,31.94,15.46,-80.03,-154.52
52.401546,-1.505601,147.88,0,4,237.99,26 / 28,54121,2019-09-08 10:08:40:745,-1.5616,-0.9759,9.6378,-0.0055,0.0052,9.8065,-0.0596,-0.115,0.0086,-6.75,-25.06,31.44,14.63,-80.13,-154.81
52.401546,-1.505601,147.88,0,4,237.99,26 / 28,54222,2019-09-08 10:08:40:846,-1.077,-1.6867,9.9001,0.0056,0.0098,9.8066,0.0062,-0.1431,0.0128,-6.19,-24.81,31.69,17.11,-80.1,-154.74
52.401546,-1.505601,147.88,0,4,237.99,26 / 28,54321,2019-09-08 10:08:40:945,-1.0017,-1.0488,9.8921,0.0029,0.0121,9.8066,-0.0832,-0.2154,0.039,-6.25,-25.56,30.81,17.18,-80.1,-154.5
52.401546,-1.505601,147.88,0,4,237.99,26 / 28,54421,2019-09-08 10:08:41:045,-1.8624,0.4869,10.2674,0.003,0.0189,9.8066,-0.0393,-0.2815,0.0026,-6.62,-26,30.31,14.57,-80.2,-154.58
52.401546,-1.505601,147.88,0,4,237.99,26 / 28,54521,2019-09-08 10:08:41:145,-1.7939,-0.5866,10.0238,0.0061,-0.0147,9.8066,-0.0003,-0.3422,0.044,-5.69,-25.56,29.88,15.41,-80.08,-155.73
52.401546,-1.505601,147.88,0,4,237.99,26 / 28,54621,2019-09-08 10:08:41:245,-2.0041,-1.1801,10.1438,0.016,-0.0095,9.8066,-0.0255,-0.337,-0.0542,-5.69,-26.75,29.06,14.23,-80.1,-156.49
52.401546,-1.505601,147.88,0,4,237.99,26 / 28,54721,2019-09-08 10:08:41:345,-1.0698,-0.3072,10.0144,-0.0002,0.0109,9.8066,-0.0424,-0.3561,0.0239,-5.44,-26.62,28.81,15.97,-80.13,-156.95
52.401546,-1.505601,147.88,0,4,237.99,26 / 28,54822,2019-09-08 10:08:41:446,-1.8529,-1.0767,9.6502,0.0036,0.0236,9.8066,0.0139,-0.3846,0.089,-4.94,-26.87,27.69,15.44,-80.11,-157.14
52.401546,-1.505601,147.88,0,4,237.99,26 / 28,54922,2019-09-08 10:08:41:546,-2.6455,-0.1843,10.121,-0.0034,-0.0211,9.8065,0.0242,-0.4051,0.0958,-5.44,-26.56,27.63,15.36,-80,-157.24
52.401546,-1.505601,147.88,0,4,237.99,26 / 28,55021,2019-09-08 10:08:41:645,-1.956,-0.9949,9.6535,0.0025,-0.0171,9.8065,-0.0303,-0.4098,0.0912,-5.25,-26.56,27.31,14.91,-79.81,-157.39
52.401546,-1.505601,147.88,0,4,237.99,26 / 28,55122,2019-09-08 10:08:41:746,-2.4402,-0.8779,9.4308,-0.0047,0.0114,9.8066,-0.0216,-0.3997,0.069,-5,-26.87,25.31,14.58,-79.84,-157.03
52.401546,-1.505601,147.88,0,4,237.99,26 / 28,55221,2019-09-08 10:08:41:845,-2.9485,0.5966,9.9155,-0.0054,0.0163,9.8066,-0.0291,-0.4211,0.0895,-4.37,-27.06,25.56,18.14,-79.92,-156.59
52.401546,-1.505601,147.88,0,4,237.99,26 / 28,55321,2019-09-08 10:08:41:945,-3.0131,-0.5161,10.0025,0.0058,0.0094,9.8066,-0.0269,-0.4904,0.1,-4.56,-27.37,24.69,15.63,-80.04,-156.11
52.401546,-1.505601,147.88,0,4,237.99,26 / 28,55421,2019-09-08 10:08:42:045,-2.1258,-0.3143,10.1061,0.0224,0.0255,9.8065,-0.0466,-0.4583,0.0214,-4.62,-28.25,22.94,13.43,-80.37,-157.14
52.401546,-1.505601,147.88,0,4,237.99,26 / 28,55522,2019-09-08 10:08:42:146,-1.7264,-0.4518,9.8068,0.0168,0.004,9.8065,-0.0764,-0.4379,0.0378,-3.81,-28,21.81,14.88,-80.58,-158.02
52.401546,-1.505601,147.88,0,4,237.99,26 / 28,55622,2019-09-08 10:08:42:246,-2.5331,-0.4219,9.529,0.0055,-0.0113,9.8066,-0.0489,-0.4158,0.021,-3.19,-28.37,21.13,16.56,-80.74,-158.99
52.401546,-1.505601,147.88,0,4,237.99,26 / 28,55721,2019-09-08 10:08:42:345,-2.0339,-0.1487,8.5108,-0.0011,0.0224,9.8065,-0.0625,-0.4051,0.0161,-4.25,-28.12,19.13,12.37,-81,-158.66
52.40152,-1.505763,148.89,5.18,3,280.98,26 / 28,55822,2019-09-08 10:08:42:446,-3.7622,0.1764,11.2107,-0.0056,0.0245,9.8066,0.0271,-0.39,-0.018,-3.81,-27.81,19.13,13.37,-81.02,-157.88
52.40152,-1.505763,148.89,5.18,3,280.98,26 / 28,55921,2019-09-08 10:08:42:545,-1.6444,-0.8973,10.98,0.0605,0.0092,9.8064,0.0813,-0.4011,-0.0172,-3.44,-27.44,18.06,14.05,-81.13,-159.82
52.40152,-1.505763,148.89,5.18,3,280.98,26 / 28,56022,2019-09-08 10:08:42:646,-1.6065,-1.1617,9.7083,0.0242,-0.0092,9.8065,-0.102,-0.4248,0.0343,-4.19,-28.06,16.81,6.71,-81.16,-161.77
52.40152,-1.505763,148.89,5.18,3,280.98,26 / 28,56122,2019-09-08 10:08:42:746,-1.8684,-0.4513,9.3791,0.0175,-0.0116,9.8066,-0.0315,-0.4204,0.0134,-3.87,-28.25,16.19,2.42,-81.02,-164.21
52.40152,-1.505763,148.89,5.18,3,280.98,26 / 28,56222,2019-09-08 10:08:42:846,-2.1735,-1.2507,10.4338,-0.0024,-0.0564,9.8064,0.0823,-0.4145,0.0919,-3.44,-28.31,16.06,5.54,-80.82,-165.43
52.40152,-1.505763,148.89,5.18,3,280.98,26 / 28,56322,2019-09-08 10:08:42:946,-2.3447,-2.1306,10.3529,0.0146,-0.0202,9.8065,-0.0051,-0.3778,0.0805,-3.75,-29.69,14.88,358.7,-80.37,-165.93
52.40152,-1.505763,148.89,5.18,3,280.98,26 / 28,56422,2019-09-08 10:08:43:046,-1.5237,-1.7772,9.8385,0.0006,0.0402,9.8065,-0.1132,-0.4015,0.085,-3.94,-29.94,14.38,356.3,-80.73,-166.48
52.40152,-1.505763,148.89,5.18,3,280.98,26 / 28,56522,2019-09-08 10:08:43:146,-2.125,-0.7313,9.6614,-0.0132,0.0416,9.8065,-0.1045,-0.3921,0.0503,-3.56,-29.87,13.63,357.05,-81.09,-166.03
52.40152,-1.505763,148.89,5.18,3,280.98,26 / 28,56622,2019-09-08 10:08:43:246,-1.7346,-1.5361,9.458,-0.0037,0.007,9.8066,-0.1011,-0.3679,0.0516,-4.62,-30.75,13.13,349.6,-81.44,-165.82
52.40152,-1.505763,148.89,5.18,3,280.98,26 / 28,56721,2019-09-08 10:08:43:345,-1.7935,-1.3398,9.7562,-0.0095,-0.0074,9.8065,-0.1514,-0.3682,0.0485,-4.56,-29.44,12.38,348.99,-81.67,-164.73
52.40152,-1.505763,148.89,5.18,3,280.98,25 / 27,56821,2019-09-08 10:08:43:445,-2.0295,-2.1578,9.8467,-0.015,0.0138,9.8065,-0.1032,-0.3901,0.0759,-5.44,-29.19,12.06,350.9,-81.97,-163.57
52.40152,-1.505763,148.89,5.18,3,280.98,25 / 27,56921,2019-09-08 10:08:43:545,-1.8759,-1.6147,9.8244,-0.0183,0.0121,9.8066,-0.057,-0.3677,0.0607,-6,-28.75,10.88,344.47,-82.21,-161.96
52.40152,-1.505763,148.89,5.18,3,280.98,25 / 27,57021,2019-09-08 10:08:43:645,-1.2499,-2.2069,9.6474,0.0015,0.0098,9.8065,-0.0019,-0.3639,0.0293,-6.5,-29.06,9.88,340.52,-82.32,-161.98
52.40152,-1.505763,148.89,5.18,3,280.98,25 / 27,57121,2019-09-08 10:08:43:745,-0.7409,-2.3772,9.459,-0.0033,-0.0101,9.8066,-0.0564,-0.3717,0.0657,-7,-28.94,9.19,330.53,-82.3,-161.71
52.40152,-1.505763,148.89,5.18,3,280.98,25 / 27,57221,2019-09-08 10:08:43:845,-1.2388,-3.1463,9.7341,-0.0176,-0.0004,9.8066,-0.0188,-0.3784,0.0678,-7.62,-28.94,7.81,322.29,-82.31,-160.31
52.40152,-1.505763,148.89,5.18,3,280.98,25 / 27,57322,2019-09-08 10:08:43:946,-0.1769,-2.6957,10.1945,-0.0163,-0.0051,9.8066,-0.0259,-0.3667,0.1059,-8.56,-28.62,7.69,321.21,-82.45,-158.7
52.40152,-1.505763,148.89,5.18,3,280.98,25 / 27,57422,2019-09-08 10:08:44:046,-0.29,-1.6289,9.9743,-0.0015,-0.0102,9.8066,-0.0381,-0.3381,0.0709,-9.37,-29,7,317.35,-82.43,-157.11
52.40152,-1.505763,148.89,5.18,3,280.98,25 / 27,57521,2019-09-08 10:08:44:145,-0.0089,-0.6846,9.8378,0.0006,-0.0309,9.8065,-0.0435,-0.2401,0.0191,-9.5,-28.56,6.44,312.97,-82.29,-155.13
52.40152,-1.505763,148.89,5.18,3,280.98,25 / 27,57621,2019-09-08 10:08:44:245,0.3066,-2.7936,9.3201,-0.0012,-0.0261,9.8066,-0.0773,-0.2291,0.0448,-9.81,-28.56,6.13,313.34,-82.11,-152.9
52.40152,-1.505763,148.89,5.18,3,280.98,25 / 27,57722,2019-09-08 10:08:44:346,-0.04,-2.0975,9.1549,-0.0145,-0.0158,9.8066,-0.0977,-0.3076,0.1096,-10.69,-28.75,5.63,313.84,-82.09,-151.14
52.40152,-1.505763,148.89,5.18,3,280.98,25 / 27,57821,2019-09-08 10:08:44:445,0.1078,-1.9525,10.3017,-0.0215,-0.0161,9.8065,-0.0738,-0.2896,0.0988,-11.5,-28.75,5.38,311.04,-82.07,-148.6
52.40152,-1.505763,148.89,5.18,3,280.98,26 / 28,57922,2019-09-08 10:08:44:546,-0.0492,-1.7124,10.358,-0.0205,-0.0113,9.8066,-0.0355,-0.2743,0.0601,-12.06,-28.87,4.69,313.21,-82.13,-146.22
52.40152,-1.505763,148.89,5.18,3,280.98,26 / 28,58021,2019-09-08 10:08:44:645,0.6078,-1.6162,9.7972,0.0086,0.001,9.8066,-0.0341,-0.2138,0.0019,-12.37,-29.06,3.75,309.65,-82.17,-144.53
52.40152,-1.505763,148.89,5.18,3,280.98,26 / 28,58121,2019-09-08 10:08:44:745,0.8857,-1.8818,9.8769,0.022,0.005,9.8066,0.0607,-0.251,0.0256,-13.12,-28.62,3.94,307.22,-82.05,-145.95
52.40152,-1.505763,148.89,5.18,3,280.98,26 / 28,58222,2019-09-08 10:08:44:846,0.8822,-0.525,9.5213,0.003,0.0126,9.8066,0.0264,-0.2838,0.0959,-13.19,-28.69,3.25,299.61,-81.97,-147.72
52.40152,-1.505763,148.89,5.18,3,280.98,26 / 28,58321,2019-09-08 10:08:44:945,0.4492,-1.6877,9.9225,-0.0025,-0.0071,9.8066,0.0072,-0.2144,0.039,-13.19,-28.06,2.94,300.44,-81.95,-147.52
52.40152,-1.505763,148.89,5.18,3,280.98,26 / 28,58421,2019-09-08 10:08:45:045,0.6763,-1.7188,10.0308,0.0001,-0.0015,9.8066,-0.0471,-0.2087,0.0112,-13.56,-28.69,3.5,305.07,-81.89,-147.21
52.40152,-1.505763,148.89,5.18,3,280.98,26 / 28,58521,2019-09-08 10:08:45:145,0.1775,-2.0973,9.8742,-0.0073,0.0057,9.8066,0.0162,-0.1996,0.0138,-14.31,-27.81,2.63,300.99,-81.93,-147.14
52.40152,-1.505763,148.89,5.18,3,280.98,26 / 28,58621,2019-09-08 10:08:45:245,0.4605,-1.1976,9.5565,-0.0071,0.0038,9.8066,-0.0046,-0.2016,0.0215,-14.19,-28.37,3.25,300.07,-81.89,-147.87
52.40152,-1.505763,148.89,5.18,3,280.98,26 / 28,58722,2019-09-08 10:08:45:346,0.3534,-1.4515,10.209,0.0021,-0.0001,9.8066,-0.0599,-0.1979,0.0008,-14.62,-28.5,2.44,295.85,-81.91,-147.86
52.40152,-1.505763,148.89,5.18,3,280.98,26 / 28,58821,2019-09-08 10:08:45:445,0.6461,-1.5505,9.9233,0.0007,-0.0014,9.8066,-0.0425,-0.117,-0.0417,-14.69,-28.25,2.69,300.5,-82,-147.8
52.40152,-1.505763,148.89,5.18,3,280.98,27 / 28,58921,2019-09-08 10:08:45:545,0.3077,-1.2791,10.3529,0.0022,-0.0005,9.8066,0.0194,-0.1636,0.0408,-15.25,-27.87,2.06,295.92,-81.98,-147.92
52.40152,-1.505763,148.89,5.18,3,280.98,27 / 28,59021,2019-09-08 10:08:45:645,1.4779,-1.1004,9.548,0.0215,-0.0088,9.8066,-0.0686,-0.1271,0.0295,-15.12,-27.94,2.31,296.2,-81.98,-147.66
52.40152,-1.505763,148.89,5.18,3,280.98,27 / 28,59124,2019-09-08 10:08:45:748,0.4903,-0.0784,9.8426,0.0229,-0.0177,9.8065,-0.0902,-0.0821,0,-15.5,-28.06,1.5,296.6,-81.89,-147.16
52.40152,-1.505763,148.89,5.18,3,280.98,27 / 28,59222,2019-09-08 10:08:45:846,0.5152,-1.1712,9.7494,-0.0108,-0.0142,9.8066,0.0744,-0.1222,0.0505,-15.5,-27.06,1.31,294.65,-81.71,-145.19
52.40152,-1.505763,148.89,5.18,3,280.98,27 / 28,59321,2019-09-08 10:08:45:945,1.0303,-0.9193,10.2702,0.0089,-0.0048,9.8066,-0.0104,-0.1178,0.0812,-16.25,-27.81,1.56,299.04,-81.58,-144.87
52.40152,-1.505763,148.89,5.18,3,280.98,27 / 28,59421,2019-09-08 10:08:46:045,0.3133,-0.8274,9.6699,0.0067,-0.0066,9.8066,0.035,-0.1103,0.0409,-16.31,-28.12,1.94,299.5,-81.52,-144.37
52.40152,-1.505763,148.89,5.18,3,280.98,27 / 28,59521,2019-09-08 10:08:46:145,1.3569,-0.5138,9.8458,0.0079,0.0032,9.8066,-0.0027,-0.0338,-0.04,-17,-27.5,1.88,300.12,-81.45,-144.51
52.40152,-1.505763,148.89,5.18,3,280.98,27 / 28,59621,2019-09-08 10:08:46:245,-0.0564,-0.0131,10.1501,-0.0186,-0.0026,9.8066,0.0538,-0.0416,-0.0185,-15.94,-27.06,2,299.2,-81.58,-145.2
52.40152,-1.505763,148.89,5.18,3,280.98,27 / 28,59721,2019-09-08 10:08:46:345,0.7798,-0.1396,9.95,-0.0297,0.0071,9.8065,0.0762,-0.0913,-0.0094,-16.87,-27.31,1.19,296.31,-81.77,-144.98
52.40152,-1.505763,148.89,5.18,3,280.98,27 / 28,59821,2019-09-08 10:08:46:445,0.5442,0.0691,9.7401,0.0143,-0.0067,9.8066,-0.1041,-0.0218,0.023,-16.31,-27.06,0.88,295.47,-81.77,-145.19
52.40152,-1.505763,148.89,5.18,3,280.98,27 / 28,59921,2019-09-08 10:08:46:545,0.1198,-1.3492,10.6894,-0.0136,-0.0029,9.8066,0.0221,-0.1345,0.0719,-16.69,-27.06,1,296.71,-81.71,-144.53
52.40152,-1.505763,148.89,5.18,3,280.98,27 / 28,60021,2019-09-08 10:08:46:645,0.6885,-0.0631,9.7526,0.0194,0.0039,9.8066,-0.0472,-0.0867,0.0007,-16.25,-27.19,1.19,296.86,-81.67,-143.78
52.40152,-1.505763,148.89,5.18,3,280.98,27 / 28,60122,2019-09-08 10:08:46:746,-0.1276,0.9339,10.138,-0.0024,0.0089,9.8066,0.0443,-0.0881,-0.0469,-17.06,-27.25,1.13,296.19,-81.51,-144.68
52.40152,-1.505763,148.89,5.18,3,280.98,27 / 28,60221,2019-09-08 10:08:46:845,0.8525,-0.6856,10.4466,0.0333,0.0002,9.8065,0.0075,-0.0878,0.0434,-16.5,-27.12,1.44,294.6,-81.36,-145.3
52.40152,-1.505763,148.89,5.18,3,280.98,27 / 28,60322,2019-09-08 10:08:46:946,1.3198,-0.1806,10.0911,0.0153,0.0045,9.8066,0.0212,-0.0068,-0.0255,-17.12,-27.56,1.19,293.33,-81.11,-146.16
52.40152,-1.505763,148.89,5.18,3,280.98,27 / 28,60422,2019-09-08 10:08:47:046,-0.4933,-0.3267,9.4447,-0.0096,-0.0055,9.8066,0.0176,0.0221,-0.044,-16.81,-27.56,1.31,293.21,-81.15,-146.33
52.40152,-1.505763,148.89,5.18,3,280.98,27 / 28,60521,2019-09-08 10:08:47:145,-0.6552,-0.1872,10.3179,0.0038,-0.0035,9.8066,-0.0403,-0.0309,-0.0217,-17.37,-27.06,0.38,289.79,-81.11,-146.48
52.40152,-1.505763,148.89,5.18,3,280.98,27 / 28,60621,2019-09-08 10:08:47:245,0.6098,-0.5786,10.0266,0.0022,-0.0097,9.8066,0.0285,0.0081,-0.0077,-16.81,-26.81,1,294.06,-81.14,-146.04
52.40152,-1.505763,148.89,5.18,3,280.98,27 / 28,60722,2019-09-08 10:08:47:346,0.132,0.3031,10.3368,-0.0122,-0.0011,9.8066,0.0941,-0.123,0.1177,-17.56,-27.5,1,295.06,-81.13,-145.65
52.40152,-1.505763,148.89,5.18,3,280.98,27 / 28,60822,2019-09-08 10:08:47:446,1.3971,0.1189,9.6849,0.0068,-0.0104,9.8066,0.0562,-0.029,0.0572,-17.87,-27.5,1.25,295.52,-80.95,-144.98
52.40152,-1.505763,148.89,5.18,3,280.98,25 / 26,60921,2019-09-08 10:08:47:545,1.3317,0.0046,9.7547,-0.0021,-0.0121,9.8066,0.0397,-0.014,0.0417,-18.19,-27.25,1.56,299.66,-80.75,-144.22
52.40152,-1.505763,148.89,5.18,3,280.98,25 / 26,61022,2019-09-08 10:08:47:646,1.2129,0.0556,9.94,0.0214,-0.0174,9.8066,-0.0819,-0.0163,0.0327,-17.94,-27.19,1.25,296.85,-80.54,-143.19
52.40152,-1.505763,148.89,5.18,3,280.98,25 / 26,61122,2019-09-08 10:08:47:746,0.1992,-0.4564,10.6103,0.0252,-0.0024,9.8066,-0.0288,0.0162,-0.0231,-18.5,-27.87,1.56,300.25,-80.43,-142.78
52.40152,-1.505763,148.89,5.18,3,280.98,25 / 26,61221,2019-09-08 10:08:47:845,-0.0081,0.1539,9.7258,-0.0054,0.0075,9.8066,0.0796,-0.0268,0.0184,-18.31,-27.5,1.13,296.62,-80.32,-143.06
52.40152,-1.505763,148.89,5.18,3,280.98,25 / 26,61322,2019-09-08 10:08:47:946,0.9968,0.6823,9.309,-0.0124,0.0025,9.8066,0.0286,0.05,-0.0367,-17.75,-27.75,1.38,295.02,-80.25,-143.89
52.40152,-1.505763,148.89,5.18,3,280.98,25 / 26,61421,2019-09-08 10:08:48:045,-0.5722,0.1916,9.7899,-0.0171,0.0068,9.8066,0.0476,0.0177,-0.0319,-18.19,-28,2.13,297.86,-80.19,-144.5
52.40152,-1.505763,148.89,5.18,3,280.98,25 / 26,61521,2019-09-08 10:08:48:145,-0.6275,-0.5639,9.6894,-0.0137,0.0105,9.8066,0.0374,-0.0502,0.0266,-17.69,-27.12,1.94,298.14,-80.39,-145.04
52.40152,-1.505763,148.89,5.18,3,280.98,25 / 26,61621,2019-09-08 10:08:48:245,0.1785,0.2391,10.0856,0.0062,0.0018,9.8066,0.056,-0.0264,0.0038,-18.06,-27.94,1.88,296.94,-80.31,-145.49
52.40152,-1.505763,148.89,5.18,3,280.98,25 / 26,61721,2019-09-08 10:08:48:345,-0.4986,0.1203,10.1889,0.0124,-0.0094,9.8066,0.043,0.025,0.0137,-17.44,-27.87,1.31,292.44,-80.22,-145.47
52.40152,-1.505763,148.89,5.18,3,280.98,26 / 27,61821,2019-09-08 10:08:48:445,0.7228,-0.9167,10.0024,0.0149,-0.0153,9.8066,-0.0489,0.1113,-0.0672,-17.87,-27.37,2.25,297.77,-80.16,-145.04
52.40152,-1.505763,148.89,5.18,3,280.98,26 / 27,61921,2019-09-08 10:08:48:545,-0.8433,0.3615,10.3728,0.0104,-0.0088,9.8066,0.036,-0.0038,0.0224,-18,-27.94,2,297.69,-80.06,-144.46
52.40152,-1.505763,148.89,5.18,3,280.98,26 / 27,62021,2019-09-08 10:08:48:645,-0.2912,1.293,9.612,-0.0021,0.0058,9.8066,0.0061,0.0269,0.0353,-17.56,-27.75,1.63,297.05,-79.97,-144.88
52.40152,-1.505763,148.89,5.18,3,280.98,26 / 27,62121,2019-09-08 10:08:48:745,0.813,-1.1879,9.6329,0.0051,-0.0022,9.8066,0.0794,-0.0813,0.0816,-18,-28.06,2.38,296.69,-79.9,-145.09
52.40152,-1.505763,148.89,5.18,3,280.98,26 / 27,62221,2019-09-08 10:08:48:845,-0.0817,1.3779,9.177,-0.0381,0.0079,9.8065,0.0339,-0.0741,0.0373,-17.19,-27.06,2.44,297.49,-80.03,-144.67
52.40152,-1.505763,148.89,5.18,3,280.98,26 / 27,62321,2019-09-08 10:08:48:945,-2.5285,0.9647,10.7799,-0.0412,-0.0003,9.8065,0.0309,0.0599,-0.0405,-18.25,-27.75,2.31,297.95,-80.15,-144.36
52.40152,-1.505763,148.89,5.18,3,280.98,26 / 27,62422,2019-09-08 10:08:49:046,0.4777,-1.2422,9.9593,0.0248,-0.005,9.8066,-0.0212,0.0819,-0.0981,-16.94,-27,1.69,298.04,-80.22,-144.48
52.40152,-1.505763,148.89,5.18,3,280.98,26 / 27,62521,2019-09-08 10:08:49:145,0.2852,0.4544,10.0149,0.0235,0.0152,9.8066,-0.0388,0.0134,-0.0262,-18.37,-27.56,1.31,294,-80.22,-144.75
52.40152,-1.505763,148.89,5.18,3,280.98,26 / 27,62621,2019-09-08 10:08:49:245,-0.5173,0.852,9.0716,-0.0226,-0.0025,9.8066,-0.0203,0.0097,-0.0018,-17.19,-27.69,1.56,295.85,-80.21,-145.86
52.40152,-1.505763,148.89,5.18,3,280.98,26 / 27,62722,2019-09-08 10:08:49:346,-0.7609,0.2781,9.5276,-0.012,0.0001,9.8066,-0.0707,0.0395,-0.0245,-17.81,-27.37,1.06,294.05,-80.33,-145.38
52.40152,-1.505763,148.89,5.18,3,280.98,26 / 27,62822,2019-09-08 10:08:49:446,-0.8762,0.6107,9.8699,-0.0067,-0.0022,9.8066,-0.0089,0.0237,0.0379,-17.56,-28.25,1.44,294.7,-80.49,-144.54
52.40152,-1.505763,148.89,5.18,3,280.98,26 / 27,62921,2019-09-08 10:08:49:545,-0.4742,0.8739,9.1884,-0.0177,0.0016,9.8066,0.0527,0.0086,0.0514,-17.75,-27.87,0.88,295.26,-80.61,-144.23
52.40152,-1.505763,148.89,5.18,3,280.98,26 / 27,63022,2019-09-08 10:08:49:646,-1.3563,1.346,10.0599,0.0007,-0.0047,9.8066,0.0607,0.0899,-0.0252,-18.06,-27.12,1.19,296.08,-80.6,-143.96
52.40152,-1.505763,148.89,5.18,3,280.98,26 / 27,63122,2019-09-08 10:08:49:746,-0.5819,-0.0931,10.2264,-0.0059,-0.0048,9.8066,-0.0317,0.1517,-0.0269,-17.56,-27.81,0.88,296.31,-80.54,-143.18
52.40152,-1.505763,148.89,5.18,3,280.98,26 / 27,63222,2019-09-08 10:08:49:846,-0.9127,1.2213,10.1128,0.0077,-0.0088,9.8066,-0.0042,0.0142,0.0857,-17.69,-27.69,1.25,297.36,-80.5,-142.19
52.40152,-1.505763,148.89,5.18,3,280.98,26 / 27,63322,2019-09-08 10:08:49:946,-2.5663,0.8013,9.5926,0.0136,-0.0117,9.8065,0.0991,0.0853,0.0347,-17.75,-27.37,1.19,298.49,-80.37,-141.49
52.40152,-1.505763,148.89,5.18,3,280.98,26 / 27,63422,2019-09-08 10:08:50:046,-0.018,1.1982,9.9792,-0.0002,0.0045,9.8066,0.067,0.1055,-0.0224,-17.25,-27.37,1.25,297.64,-80.36,-141.63
52.40152,-1.505763,148.89,5.18,3,280.98,26 / 27,63521,2019-09-08 10:08:50:145,-1.4401,1.3691,9.9305,0.0016,0.0105,9.8066,-0.026,0.156,-0.0291,-17.19,-28.06,1.19,296.81,-80.41,-141.92
52.40152,-1.505763,148.89,5.18,3,280.98,26 / 27,63621,2019-09-08 10:08:50:245,-1.3872,1.3744,9.2828,-0.02,0.0092,9.8065,-0.0429,0.1373,-0.0194,-16.06,-27.25,1.63,300.08,-80.47,-142.67
52.40152,-1.505763,148.89,5.18,3,280.98,26 / 27,63721,2019-09-08 10:08:50:345,-0.7392,2.6517,9.6451,-0.0251,0.003,9.8066,0.0838,0.109,0.0239,-16.19,-27.87,1.88,299.75,-80.69,-142.79
52.40152,-1.505763,148.89,5.18,3,280.98,26 / 27,63822,2019-09-08 10:08:50:446,-0.9048,1.7324,9.5432,0.0143,-0.0042,9.8066,0.1025,0.1647,0.0083,-16.06,-27.5,2.13,300.22,-80.76,-143.01
52.40152,-1.505763,148.89,5.18,3,280.98,26 / 27,63921,2019-09-08 10:08:50:545,-0.5967,1.4827,10.0413,0.0167,-0.0128,9.8066,-0.0314,0.2234,-0.0706,-15.81,-28.37,1.69,299.92,-80.75,-142.74
52.40152,-1.505763,148.89,5.18,3,280.98,26 / 27,64022,2019-09-08 10:08:50:646,-0.3109,1.5611,9.1402,0.0227,-0.0094,9.8065,-0.0234,0.1541,-0.0117,-15.12,-28.06,2,299.77,-80.62,-142.17
52.40152,-1.505763,148.89,5.18,3,280.98,26 / 27,64121,2019-09-08 10:08:50:745,-1.0107,2.1181,9.8616,-0.0098,-0.0011,9.8066,0.0257,0.1278,0.0309,-15.12,-27.87,1.63,300.24,-80.59,-141.71
52.40152,-1.505763,148.89,5.18,3,280.98,26 / 27,64221,2019-09-08 10:08:50:845,0.4565,2.7124,9.3718,0.002,-0.007,9.8066,-0.0072,0.2012,0.0388,-15.44,-28.12,2.56,305.82,-80.56,-140.89
52.40152,-1.505763,148.89,5.18,3,280.98,26 / 27,64322,2019-09-08 10:08:50:946,-1.0711,0.9897,9.4585,-0.0173,-0.0172,9.8066,0.0378,0.1742,0.0227,-14.37,-27.44,1.75,302.71,-80.45,-139.44
52.40152,-1.505763,148.89,5.18,3,280.98,26 / 27,64421,2019-09-08 10:08:51:045,-0.3368,2.5214,8.6802,-0.0358,-0.0097,9.8066,0.0771,0.1702,-0.045,-14.12,-28.37,2,302.91,-80.52,-138.81
52.40152,-1.505763,148.89,5.18,3,280.98,26 / 27,64521,2019-09-08 10:08:51:145,0.1817,1.2244,9.8315,0.0075,-0.0067,9.8066,0.0016,0.1421,-0.0563,-12.87,-27.81,1.88,302.44,-80.61,-138.73
52.40152,-1.505763,148.89,5.18,3,280.98,26 / 27,64621,2019-09-08 10:08:51:245,-1.4173,2.6936,9.7694,0.0238,0.0215,9.8066,-0.0492,0.1137,-0.0405,-12.94,-28.5,2.13,302.54,-80.78,-138.99
52.40152,-1.505763,148.89,5.18,3,280.98,26 / 27,64721,2019-09-08 10:08:51:345,0.9281,3.1297,9.8464,-0.0157,0.0179,9.8065,-0.1773,0.0858,0.0082,-13.44,-28.31,2.81,310.34,-80.77,-137.3
52.40152,-1.505763,148.89,5.18,3,280.98,25 / 27,64822,2019-09-08 10:08:51:446,-1.526,3.4479,9.6504,0.008,0,9.8066,-0.2341,0.2743,-0.0488,-13.19,-28.37,2.69,310.84,-80.93,-137.2
52.402145,-1.506343,150.5,10.57,3,325.94,25 / 27,64922,2019-09-08 10:08:51:546,0.5227,2.0824,9.1618,0.0041,-0.0282,9.8066,0.1324,0.2436,-0.0779,-13,-28.75,2.81,311.1,-80.83,-136.28
52.402145,-1.506343,150.5,10.57,3,325.94,25 / 27,65022,2019-09-08 10:08:51:646,-0.0324,1.385,10.6142,0.0032,-0.0053,9.8066,0.0389,0.0844,-0.041,-12.56,-28.44,2.75,311.81,-80.75,-136.14
52.402145,-1.506343,150.5,10.57,3,325.94,25 / 27,65121,2019-09-08 10:08:51:745,-0.0723,2.0857,10.3342,0.0047,0.0083,9.8066,-0.0013,0.1143,-0.1042,-13.31,-28.56,3.63,316.93,-80.71,-136.12
52.402145,-1.506343,150.5,10.57,3,325.94,25 / 27,65221,2019-09-08 10:08:51:845,0.7039,1.5058,9.4412,-0.0154,0.0149,9.8066,0.0757,0.1184,-0.073,-12.31,-27.81,3.69,316.63,-80.84,-137.34
52.402145,-1.506343,150.5,10.57,3,325.94,25 / 27,65321,2019-09-08 10:08:51:945,1.041,1.7744,9.3002,0.0144,0.0062,9.8065,-0.1258,0.1255,-0.0361,-12,-28.44,3.75,315.91,-80.89,-137.96
52.402145,-1.506343,150.5,10.57,3,325.94,25 / 27,65421,2019-09-08 10:08:52:045,-0.1533,1.0931,9.8766,0.0053,0.0013,9.8065,-0.104,0.1876,-0.0556,-11.87,-28.19,3.5,316.91,-81.06,-137.51
52.402145,-1.506343,150.5,10.57,3,325.94,25 / 27,65522,2019-09-08 10:08:52:146,-0.5016,1.3997,9.3434,-0.0369,-0.0068,9.8065,0.0184,0.1645,-0.019,-11,-28.06,3,313.76,-81.37,-135.64
52.402145,-1.506343,150.5,10.57,3,325.94,25 / 27,65621,2019-09-08 10:08:52:245,-0.2239,1.31,9.5016,-0.0216,-0.0051,9.8066,0.0117,0.0879,0.0519,-11.19,-28.44,3.75,321.58,-81.34,-135.09
52.402145,-1.506343,150.5,10.57,3,325.94,25 / 27,65722,2019-09-08 10:08:52:346,-0.0147,1.6084,9.6052,0,-0.0083,9.8065,0.0509,0.0828,0.0111,-10.94,-28.62,3.94,321.81,-81.23,-134.27
52.402145,-1.506343,150.5,10.57,3,325.94,26 / 27,65822,2019-09-08 10:08:52:446,-0.0045,0.9866,10.3746,-0.011,-0.0083,9.8066,-0.0643,0.0838,-0.0068,-11.62,-28.44,4.56,329.17,-81.15,-133.34
52.402145,-1.506343,150.5,10.57,3,325.94,26 / 27,65921,2019-09-08 10:08:52:545,0.5376,1.904,9.5786,0.0023,0.0017,9.8066,-0.0445,0.1465,-0.052,-11,-27.75,4.31,323.9,-81.12,-133.13
52.402145,-1.506343,150.5,10.57,3,325.94,26 / 27,66021,2019-09-08 10:08:52:645,-0.7177,0.7754,9.6886,0.0136,0.0012,9.8066,0.0687,0.123,-0.0424,-10.75,-28.94,4.19,322.63,-81.04,-133.4
52.402145,-1.506343,150.5,10.57,3,325.94,26 / 27,66122,2019-09-08 10:08:52:746,0.396,0.701,9.2757,-0.0011,-0.0017,9.8066,0.0535,-0.0093,0.0463,-11,-28.44,4.88,330.3,-81.04,-133.51
52.402145,-1.506343,150.5,10.57,3,325.94,26 / 27,66222,2019-09-08 10:08:52:846,-0.1616,0.5344,10.1093,-0.0115,0.0025,9.8066,-0.0022,0.0347,0.0743,-10.69,-28,4.56,330.17,-81.04,-133.6
52.402145,-1.506343,150.5,10.57,3,325.94,26 / 27,66321,2019-09-08 10:08:52:945,1.2926,0.4522,9.9532,0.016,-0.0081,9.8066,0.1749,0.1167,0.003,-10.44,-28.69,4.75,331.71,-81,-133.44
52.402145,-1.506343,150.5,10.57,3,325.94,26 / 27,66422,2019-09-08 10:08:53:046,0.033,0.5152,9.9596,0.0236,-0.0042,9.8065,-0.0611,0.0574,0.028,-10.56,-28.37,3.88,323.57,-80.97,-133.13
52.402145,-1.506343,150.5,10.57,3,325.94,26 / 27,66522,2019-09-08 10:08:53:146,0.0465,0.5156,9.0896,-0.039,-0.0006,9.8065,-0.0934,0.0505,0.0417,-10.06,-28.75,4.44,323.77,-80.89,-133.04
52.402145,-1.506343,150.5,10.57,3,325.94,26 / 27,66621,2019-09-08 10:08:53:245,-0.2035,1.0245,9.5679,-0.0367,0.001,9.8065,0.1204,0.0306,0.0791,-10.56,-28.75,4.75,332.77,-80.98,-131.45
52.402145,-1.506343,150.5,10.57,3,325.94,26 / 27,66721,2019-09-08 10:08:53:345,-0.7185,1.2989,10.0225,0.027,-0.0174,9.8065,0.1084,0.0193,0.0621,-9.94,-28.94,4.75,334.25,-80.78,-131.6
52.402145,-1.506343,150.5,10.57,3,325.94,25 / 26,66821,2019-09-08 10:08:53:445,-0.4762,0.852,10.1753,0.031,-0.0185,9.8065,-0.16,0.0489,0.0036,-10.62,-29.31,4.75,332.51,-80.71,-131.3
52.402145,-1.506343,150.5,10.57,3,325.94,25 / 26,66921,2019-09-08 10:08:53:545,-0.5976,1.4952,9.1183,-0.0352,0.008,9.8065,-0.1197,0.0359,0.0328,-11,-29,4.94,333.4,-80.71,-130.73
52.402145,-1.506343,150.5,10.57,3,325.94,25 / 26,67022,2019-09-08 10:08:53:646,-0.8057,0.2794,9.1326,-0.0452,0.0101,9.8065,0.1248,0.0358,0.0263,-10.62,-28.5,4.88,336.78,-80.8,-128.99
52.402145,-1.506343,150.5,10.57,3,325.94,25 / 26,67122,2019-09-08 10:08:53:746,-0.0188,-0.3542,10.5377,0.0307,-0.006,9.8065,0.1439,0.0096,-0.0038,-10.75,-28.87,5.25,336.4,-80.82,-128.93
52.402145,-1.506343,150.5,10.57,3,325.94,25 / 26,67221,2019-09-08 10:08:53:845,-0.3514,0.6002,10.8267,0.0567,-0.0222,9.8064,-0.0829,0.0524,-0.0238,-10.5,-28.94,4.88,335.99,-80.66,-130.41
52.402145,-1.506343,150.5,10.57,3,325.94,25 / 26,67321,2019-09-08 10:08:53:945,-0.1618,0.2853,10.22,-0.0072,0.0209,9.8066,-0.1016,0.0304,-0.0479,-10.25,-28.87,5.5,343.06,-80.89,-131.11
52.402145,-1.506343,150.5,10.57,3,325.94,25 / 26,67421,2019-09-08 10:08:54:045,-0.5593,0.6094,10.4377,-0.0093,0.0136,9.8065,0.0949,0.0208,-0.0366,-10.75,-28.81,5.44,332.08,-80.97,-131.89
52.402145,-1.506343,150.5,10.57,3,325.94,25 / 26,67522,2019-09-08 10:08:54:146,-0.5792,0.5825,10.3247,0.02,-0.0007,9.8065,0.0715,-0.01,-0.0194,-10.12,-28.69,5.88,340.78,-81.03,-132.63
52.402145,-1.506343,150.5,10.57,3,325.94,25 / 26,67622,2019-09-08 10:08:54:246,-0.8226,0.1358,10.5049,0.0103,-0.0047,9.8066,-0.1965,0.0143,-0.0403,-9.87,-29,4.63,331.84,-81.02,-133.39
52.402145,-1.506343,150.5,10.57,3,325.94,25 / 26,67721,2019-09-08 10:08:54:345,-1.4056,1.2795,9.2341,-0.012,0.0102,9.8066,-0.1165,0.0359,-0.0441,-10.19,-28.75,5.13,332.21,-81.11,-133.27
52.402145,-1.506343,150.5,10.57,3,325.94,24 / 26,67822,2019-09-08 10:08:54:446,-1.2359,1.0693,9.6807,-0.0228,0.0005,9.8066,0.0795,-0.037,0.0069,-10.06,-29.25,4.56,333.94,-81.21,-132.31
52.402145,-1.506343,150.5,10.57,3,325.94,24 / 26,67921,2019-09-08 10:08:54:545,-1.7898,0.6917,10.6397,-0.001,-0.0117,9.8065,-0.0189,-0.0002,0.007,-9.94,-29.31,4.44,326.55,-81.22,-131.8
52.402145,-1.506343,150.5,10.57,3,325.94,24 / 26,68021,2019-09-08 10:08:54:645,-1.5708,0.5813,10.7846,0.007,-0.0014,9.8066,-0.0681,0.0352,-0.0355,-10.5,-29.62,4.56,334.05,-81.18,-131.85
52.402145,-1.506343,150.5,10.57,3,325.94,24 / 26,68121,2019-09-08 10:08:54:745,-2.0564,1.0618,9.9221,0.0047,-0.0063,9.8066,-0.0304,-0.0053,-0.0195,-10.62,-29.75,5.13,331.93,-81.14,-131.84
52.402145,-1.506343,150.5,10.57,3,325.94,24 / 26,68221,2019-09-08 10:08:54:845,-0.4885,0.4213,9.4091,0.0025,-0.0076,9.8066,-0.0642,0.0153,0.0212,-10.69,-28.75,5.38,332.6,-81.04,-131.63
52.402145,-1.506343,150.5,10.57,3,325.94,24 / 26,68322,2019-09-08 10:08:54:946,-1.5985,0.5213,10.0686,-0.0227,0.0006,9.8066,0.0004,0.0036,0.0471,-10.37,-29,4.94,335.37,-80.89,-131.05
52.402145,-1.506343,150.5,10.57,3,325.94,24 / 26,68421,2019-09-08 10:08:55:045,-1.8326,1.0689,9.9185,-0.0101,-0.0047,9.8065,0.0818,-0.0354,0.105,-10.62,-29,5.25,335,-80.91,-129.92
52.402145,-1.506343,150.5,10.57,3,325.94,24 / 26,68522,2019-09-08 10:08:55:146,-1.776,0.9458,9.9827,-0.0046,-0.0068,9.8066,0.0347,0.0075,0.0335,-10.69,-28.25,5.38,336.72,-80.79,-129
52.402145,-1.506343,150.5,10.57,3,325.94,24 / 26,68621,2019-09-08 10:08:55:245,-1.1361,0.2036,10.2781,0.0008,-0.0132,9.8066,-0.1124,0.0065,0.0248,-11.19,-28.75,4.5,337.06,-80.69,-128.39
52.402145,-1.506343,150.5,10.57,3,325.94,24 / 26,68721,2019-09-08 10:08:55:345,-1.4527,1.1272,9.9029,-0.0019,-0.0025,9.8066,-0.0245,0.0195,-0.0245,-10.81,-28.87,5.63,344.53,-80.62,-128.1
52.402145,-1.506343,150.5,10.57,3,325.94,24 / 26,68821,2019-09-08 10:08:55:445,-0.8358,0.8482,9.3552,0.0085,-0.0017,9.8066,0.0236,-0.0059,-0.0256,-10.75,-29.19,4.25,329.86,-80.55,-127.95
52.402145,-1.506343,150.5,10.57,3,325.94,24 / 27,68921,2019-09-08 10:08:55:545,-2.9024,0.4584,10.3352,-0.0186,-0.0025,9.8065,0.007,0.0489,-0.0053,-11.37,-29.31,5,336.23,-80.49,-128.7
52.402145,-1.506343,150.5,10.57,3,325.94,24 / 27,69022,2019-09-08 10:08:55:646,-0.7793,-2.4527,10.9826,0.0239,0.0011,9.8066,-0.1432,0.0783,-0.1809,-11.12,-29.31,4.19,328.05,-80.43,-128.93
52.402145,-1.506343,150.5,10.57,3,325.94,24 / 27,69122,2019-09-08 10:08:55:746,-1.1862,0.4042,9.4096,-0.0114,0.0339,9.8066,-0.1086,-0.0387,-0.1093,-11.37,-29.44,5.38,333.39,-80.93,-130.99
52.402145,-1.506343,150.5,10.57,3,325.94,24 / 27,69221,2019-09-08 10:08:55:845,-0.1467,0.2674,9.3501,-0.0157,0.0154,9.8066,0.0803,-0.1302,-0.009,-11.12,-28.87,5.19,333.36,-81.03,-131.12
52.402145,-1.506343,150.5,10.57,3,325.94,24 / 27,69322,2019-09-08 10:08:55:946,-0.5312,0.6862,9.2032,-0.0073,0.0083,9.8066,0.1049,-0.0811,0.0046,-11.19,-29.06,4.69,332.9,-81.21,-131.62
52.402145,-1.506343,150.5,10.57,3,325.94,24 / 27,69421,2019-09-08 10:08:56:045,-2.325,0.3651,10.2354,-0.0139,0.0199,9.8066,-0.0649,0.0197,-0.0705,-10.19,-28.44,4.31,328.45,-81.49,-131.41
52.402145,-1.506343,150.5,10.57,3,325.94,24 / 27,69522,2019-09-08 10:08:56:146,-2.4242,0.6577,10.4497,-0.0033,-0.0004,9.8066,-0.0279,-0.0315,0.0398,-11.31,-28.94,4.75,333.47,-81.53,-131.61
52.402145,-1.506343,150.5,10.57,3,325.94,24 / 27,69622,2019-09-08 10:08:56:246,-1.9421,-0.1092,9.2994,0.0034,-0.0012,9.8066,0.0192,0.0566,-0.0053,-10.44,-28.87,4.44,327.58,-81.54,-131.63
52.402145,-1.506343,150.5,10.57,3,325.94,24 / 27,69721,2019-09-08 10:08:56:345,-0.7558,-0.0178,10.1238,0.0087,-0.0026,9.8066,0.051,-0.004,0.0379,-10.87,-28.94,4.81,332.65,-81.51,-132.15
52.402145,-1.506343,150.5,10.57,3,325.94,24 / 27,69821,2019-09-08 10:08:56:445,-1.3642,0.2628,10.2575,0.0067,0.0025,9.8066,-0.0589,0.0296,0.0023,-11.5,-28.12,5.31,333.42,-81.58,-132.02
52.402145,-1.506343,150.5,10.57,3,325.94,25 / 28,69922,2019-09-08 10:08:56:546,-1.5263,0.484,10.2478,0.0017,0.0041,9.8066,-0.0002,0.0016,0.0051,-11,-28.56,5.19,332.98,-81.65,-132.09
52.402145,-1.506343,150.5,10.57,3,325.94,25 / 28,70022,2019-09-08 10:08:56:646,-1.1366,-0.2954,9.5987,0.0141,0.0107,9.8065,0.0279,-0.0251,-0.0195,-10.87,-28.5,4.81,331.72,-81.71,-133.34
52.402145,-1.506343,150.5,10.57,3,325.94,25 / 28,70121,2019-09-08 10:08:56:745,-1.324,0.2337,10.0927,0.0145,0.0024,9.8066,0.085,-0.0259,-0.0213,-11,-29.06,4.38,322.01,-81.66,-134.84
52.402145,-1.506343,150.5,10.57,3,325.94,25 / 28,70222,2019-09-08 10:08:56:846,-0.8757,0.7474,9.9517,0.0117,0.0055,9.8065,-0.0161,-0.0184,-0.0153,-12.06,-29.31,4.88,326.53,-81.7,-135.55
52.402145,-1.506343,150.5,10.57,3,325.94,25 / 28,70321,2019-09-08 10:08:56:945,-1.8822,0.2993,10.2312,-0.0064,0.0018,9.8066,-0.0225,-0.007,-0.0028,-11.06,-29.44,4.81,327.56,-81.73,-135.91
52.402145,-1.506343,150.5,10.57,3,325.94,25 / 28,70421,2019-09-08 10:08:57:045,-0.9709,0.5002,9.7009,0.0007,0.0089,9.8066,-0.0306,-0.0243,0.0082,-11.25,-29.25,5.38,327.24,-81.81,-136.24
52.402145,-1.506343,150.5,10.57,3,325.94,25 / 28,70522,2019-09-08 10:08:57:146,-1.6191,0.5514,9.7708,-0.0014,0.0034,9.8066,0.0194,0.0305,-0.0256,-11.37,-30,5.25,326.36,-81.88,-136.58
52.402145,-1.506343,150.5,10.57,3,325.94,25 / 28,70622,2019-09-08 10:08:57:246,-0.4113,0.7867,9.3162,-0.0001,0.0034,9.8065,-0.0833,-0.0303,0.0057,-11.37,-29.44,5.31,326.8,-81.9,-136.67
52.402145,-1.506343,150.5,10.57,3,325.94,25 / 28,70721,2019-09-08 10:08:57:345,-2.0427,0.6283,9.6885,-0.0163,0.0109,9.8066,-0.0728,-0.0147,-0.0153,-11.94,-30,5.44,324.22,-82.13,-137.46
52.402145,-1.506343,150.5,10.57,3,325.94,26 / 28,70822,2019-09-08 10:08:57:446,-1.1711,0.95,9.9738,-0.0104,0.0193,9.8065,0.0478,0.0397,-0.0896,-10.69,-29.31,5.75,331.79,-82.22,-138.06
52.402145,-1.506343,150.5,10.57,3,325.94,26 / 28,70921,2019-09-08 10:08:57:545,-0.5793,1.2241,9.3872,0.0068,0.001,9.8066,0.0364,0.0195,0.0167,-10.81,-28.94,5.81,332.3,-82.34,-137.84
52.402145,-1.506343,150.5,10.57,3,325.94,26 / 28,71021,2019-09-08 10:08:57:645,-1.5453,-0.2095,10.6197,-0.0015,-0.0116,9.8066,-0.069,0.0041,0.0063,-11.69,-28.62,5.38,325.83,-82.3,-136.85
52.402145,-1.506343,150.5,10.57,3,325.94,26 / 28,71122,2019-09-08 10:08:57:746,-1.3699,0.5299,9.6926,-0.0126,0.0052,9.8066,-0.0091,-0.0158,-0.0117,-10.56,-28.44,5.63,334.88,-82.45,-136.37
52.402145,-1.506343,150.5,10.57,3,325.94,26 / 28,71221,2019-09-08 10:08:57:845,-1.6931,1.1035,9.8902,-0.0081,-0.0012,9.8066,0.0581,-0.037,0.0729,-11.56,-29,4.81,328.19,-82.59,-135.47
52.402145,-1.506343,150.5,10.57,3,325.94,26 / 28,71322,2019-09-08 10:08:57:946,-1.109,0.82,9.7346,0.0065,0,9.8066,0.0391,0.0302,0.0027,-10.62,-27.94,4.69,330.62,-82.5,-135.07
52.402145,-1.506343,150.5,10.57,3,325.94,26 / 28,71421,2019-09-08 10:08:58:045,-2.1601,0.2659,9.9976,-0.0052,-0.0031,9.8066,0.0452,0.0286,0.0206,-11.12,-28.5,5.25,331.81,-82.51,-134.21
52.402145,-1.506343,150.5,10.57,3,325.94,26 / 28,71522,2019-09-08 10:08:58:146,-0.9911,0.4158,9.8123,-0.0004,0.0061,9.8066,0.0185,0.0121,-0.0075,-11,-28.19,5.19,332.28,-82.47,-133.82
52.402145,-1.506343,150.5,10.57,3,325.94,26 / 28,71622,2019-09-08 10:08:58:246,-1.8129,-0.1394,9.6423,-0.0076,-0.0029,9.8066,0.0442,0.016,0.0068,-10.94,-28.44,5.19,332.62,-82.51,-133.62
52.402145,-1.506343,150.5,10.57,3,325.94,26 / 28,71722,2019-09-08 10:08:58:346,-1.6577,0.023,10.3801,-0.0011,-0.0001,9.8066,0.0385,-0.0342,0.0344,-11.25,-28.44,5.44,332.14,-82.47,-133.92
52.402145,-1.506343,150.5,10.57,3,325.94,24 / 27,71823,2019-09-08 10:08:58:447,-1.0075,0.7133,10.1946,-0.007,0.0058,9.8065,-0.059,-0.011,0.0095,-10.87,-28.31,4.94,331.92,-82.47,-134.08
52.402145,-1.506343,150.5,10.57,3,325.94,24 / 27,71921,2019-09-08 10:08:58:545,-1.3474,0.6918,10.1423,-0.0026,0.0137,9.8066,-0.0202,0.0462,-0.0494,-11.37,-28.25,5.31,330.95,-82.51,-134.83
52.402145,-1.506343,150.5,10.57,3,325.94,24 / 27,72021,2019-09-08 10:08:58:645,-0.661,0.1109,9.9698,-0.001,-0.0057,9.8066,0.0064,0.048,-0.0236,-10.62,-28.19,4.94,331.39,-82.59,-134.61
52.402145,-1.506343,150.5,10.57,3,325.94,24 / 27,72122,2019-09-08 10:08:58:746,-1.4007,0.6023,10.0268,0.004,0.0007,9.8066,-0.0191,-0.0099,0.0117,-10.87,-27.44,5.13,332.59,-82.66,-134.09
52.402145,-1.506343,150.5,10.57,3,325.94,24 / 27,72221,2019-09-08 10:08:58:845,-1.2997,0.8196,9.9422,0.0008,0.0047,9.8066,-0.0556,-0.0056,0.0075,-11.25,-28.12,5.13,332.19,-82.7,-134.15
52.402145,-1.506343,150.5,10.57,3,325.94,24 / 27,72321,2019-09-08 10:08:58:945,-2.0624,0.4938,10.0672,-0.0105,0.0071,9.8066,-0.016,0.0238,-0.0071,-11,-27.31,5,333.32,-82.73,-133.63
52.402145,-1.506343,150.5,10.57,3,325.94,24 / 27,72421,2019-09-08 10:08:59:045,-1.2405,0.1215,9.8049,0.0012,0.0134,9.8066,0.0229,0.0256,-0.0091,-10.31,-26.75,5,335.39,-82.89,-133.85
52.402145,-1.506343,150.5,10.57,3,325.94,24 / 27,72521,2019-09-08 10:08:59:145,-1.1645,0.9609,9.8717,0.0066,0.0003,9.8066,0.0509,-0.016,0.0421,-11.44,-27.25,4.94,332.83,-82.88,-134.15
52.402145,-1.506343,150.5,10.57,3,325.94,24 / 27,72622,2019-09-08 10:08:59:246,-1.0276,0.3616,9.9437,0.0053,-0.0083,9.8066,-0.0271,0.0164,-0.016,-11.25,-27.31,4.63,332.95,-82.85,-134.03
52.402145,-1.506343,150.5,10.57,3,325.94,24 / 27,72721,2019-09-08 10:08:59:345,-1.0278,0.5097,10.0494,0.0133,0.0055,9.8066,-0.0361,-0.0177,0.0062,-11.75,-27,5.31,330.63,-82.91,-134.57
52.402145,-1.506343,150.5,10.57,3,325.94,24 / 27,72821,2019-09-08 10:08:59:445,-1.6919,0.7295,9.7201,-0.0117,0.0103,9.8066,0.0401,-0.0108,0.0292,-11.31,-27.69,5.44,332.33,-83,-134.39
52.402145,-1.506343,150.5,10.57,3,325.94,25 / 28,72921,2019-09-08 10:08:59:545,-1.6777,0.1947,10.0521,-0.0083,0.0021,9.8066,0.0286,-0.0083,0.011,-11.19,-27.19,5.44,333.12,-83.03,-134.11
52.402145,-1.506343,150.5,10.57,3,325.94,25 / 28,73022,2019-09-08 10:08:59:646,-1.4931,0.2882,10.2982,0.0015,0.003,9.8066,-0.0032,-0.0077,-0.0282,-11.12,-27.12,4.63,333.62,-83.04,-133.74
52.402145,-1.506343,150.5,10.57,3,325.94,25 / 28,73121,2019-09-08 10:08:59:745,-1.3603,0.3488,9.9585,0.0057,0.0022,9.8066,-0.0187,-0.0182,-0.0258,-10.94,-26.75,5.38,333.41,-83.11,-133.97
52.402145,-1.506343,150.5,10.57,3,325.94,25 / 28,73221,2019-09-08 10:08:59:845,-1.6958,0.7288,10.0781,-0.0168,0.0048,9.8066,0.0488,-0.0158,0.0146,-10.87,-26.94,4.56,333.58,-83.15,-133.88
52.402145,-1.506343,150.5,10.57,3,325.94,25 / 28,73322,2019-09-08 10:08:59:946,-0.9553,-0.1743,10.3294,-0.0014,-0.0042,9.8066,0.0187,0.0004,0.0067,-10.75,-27.25,5.25,334.9,-83.19,-132.93
52.402145,-1.506343,150.5,10.57,3,325.94,25 / 28,73422,2019-09-08 10:09:00:046,-0.7266,0.5455,9.9256,-0.0029,0.0054,9.8066,0.0177,-0.0176,0.002,-10.69,-27,5.38,334.86,-83.24,-133.01
52.402145,-1.506343,150.5,10.57,3,325.94,25 / 28,73521,2019-09-08 10:09:00:145,-0.1579,0.1341,9.8382,-0.0019,0.0006,9.8066,0.0059,0.0038,-0.0128,-10.87,-26.56,5.38,334.6,-83.21,-133.18
52.402145,-1.506343,150.5,10.57,3,325.94,25 / 28,73621,2019-09-08 10:09:00:245,0.2664,-0.0267,9.817,0.004,-0.0021,9.8066,0.0006,-0.0008,0.001,-11.06,-27.44,5.88,339.88,-83.22,-133.58
52.402145,-1.506343,150.5,10.57,3,325.94,25 / 28,73721,2019-09-08 10:09:00:345,0.2756,-0.5913,10.1592,0.0123,-0.0115,9.8066,-0.0227,0.0197,-0.0131,-11.31,-27.62,4.63,333.31,-83.12,-133.79
52.40266,-1.507243,149.65,4.95,3,314.82,25 / 27,73823,2019-09-08 10:09:00:447,0.1855,-0.154,9.5697,-0.0086,0.007,9.8066,-0.0098,-0.0102,0.0045,-10.69,-27.19,5.44,334.09,-83.16,-133.51
52.40266,-1.507243,149.65,4.95,3,314.82,25 / 27,73921,2019-09-08 10:09:00:545,-0.3559,-0.2255,9.8346,-0.0068,-0.0038,9.8065,-0.0019,0.0108,-0.0171,-11.31,-26.69,5.31,335.2,-83.23,-132.74
52.40266,-1.507243,149.65,4.95,3,314.82,25 / 27,74022,2019-09-08 10:09:00:646,0.2196,-0.0073,9.6525,0.0019,-0.0024,9.8066,-0.0405,0.0111,-0.0052,-11.06,-27.62,5.69,341.15,-83.3,-132.5
52.40266,-1.507243,149.65,4.95,3,314.82,25 / 27,74122,2019-09-08 10:09:00:746,0.0631,-0.1342,10.1402,0.0122,-0.0101,9.8065,-0.0833,0.0223,0.0003,-10.87,-27.12,5.56,341.47,-83.25,-132.4
52.40266,-1.507243,149.65,4.95,3,314.82,25 / 27,74222,2019-09-08 10:09:00:846,0.0791,0.0441,9.7899,-0.0117,0.0044,9.8066,0.0108,-0.0066,-0.0031,-10.69,-26.5,5.13,337.51,-83.37,-131.34
52.40266,-1.507243,149.65,4.95,3,314.82,25 / 27,74322,2019-09-08 10:09:00:946,0.456,-0.1603,9.8089,-0.0084,0.002,9.8066,0.0178,0.0101,-0.0229,-10.56,-26.56,6.31,343.55,-83.37,-130.91
52.40266,-1.507243,149.65,4.95,3,314.82,25 / 27,74422,2019-09-08 10:09:01:046,0.3373,0.0164,9.5341,0.0031,-0.0013,9.8066,-0.0193,-0.0012,0.0162,-11.12,-27.81,6.13,343.52,-83.44,-130.83
52.40266,-1.507243,149.65,4.95,3,314.82,25 / 27,74521,2019-09-08 10:09:01:145,0.7565,-0.2839,10.1017,-0.0019,-0.0045,9.8066,-0.0023,0.0073,-0.0249,-10.62,-27,5.19,338.15,-83.38,-130.65
52.40266,-1.507243,149.65,4.95,3,314.82,25 / 27,74621,2019-09-08 10:09:01:245,0.6804,-0.3777,9.7917,0.0059,-0.0024,9.8066,-0.0568,0.0048,0.0179,-10.81,-26.44,5.5,344.12,-83.43,-130.66
52.40266,-1.507243,149.65,4.95,3,314.82,25 / 27,74722,2019-09-08 10:09:01:346,0.7929,-0.104,9.5906,-0.0014,-0.0002,9.8066,-0.0049,0.0093,0.006,-10.25,-26.44,6.13,347.12,-83.44,-130.51
52.40266,-1.507243,149.65,4.95,3,314.82,26 / 28,74822,2019-09-08 10:09:01:446,1.8853,-0.5481,9.8859,0.0083,-0.0029,9.8066,0.0106,-0.0105,0.0226,-11.25,-26.81,6.25,344.39,-83.45,-130.33
52.40266,-1.507243,149.65,4.95,3,314.82,26 / 28,74922,2019-09-08 10:09:01:546,1.4477,-0.8758,9.6807,0.0092,0.007,9.8065,-0.014,-0.0053,0.0029,-10.31,-26.56,5.63,346.29,-83.42,-130.98
52.40266,-1.507243,149.65,4.95,3,314.82,26 / 28,75022,2019-09-08 10:09:01:646,1.3231,-0.783,9.7162,-0.0182,0.0082,9.8066,0.0786,-0.0068,0.0039,-10.5,-26.69,5.56,346.87,-83.51,-130.6
52.40266,-1.507243,149.65,4.95,3,314.82,26 / 28,75122,2019-09-08 10:09:01:746,2.5221,-1.0008,9.4977,-0.0132,0.0055,9.8066,0.0866,0.005,-0.0013,-10.62,-26.62,5.94,344.03,-83.52,-130.64
52.40266,-1.507243,149.65,4.95,3,314.82,26 / 28,75221,2019-09-08 10:09:01:845,1.2753,-0.9954,9.9543,-0.0018,-0.0034,9.8066,-0.0547,-0.0117,-0.0029,-10.25,-27,5.88,347.29,-83.47,-130.27
52.40266,-1.507243,149.65,4.95,3,314.82,26 / 28,75321,2019-09-08 10:09:01:945,1.1661,-0.8007,9.6226,-0.0037,0.0056,9.8066,-0.06,-0.0172,0.0049,-9.87,-26.31,4.69,342,-83.52,-129.8
52.40266,-1.507243,149.65,4.95,3,314.82,26 / 28,75421,2019-09-08 10:09:02:045,1.3354,-0.0876,9.8339,-0.0028,0.0023,9.8066,0.0375,0.0122,-0.0165,-10.62,-26.81,5.25,339.99,-83.58,-129.43
52.40266,-1.507243,149.65,4.95,3,314.82,26 / 28,75521,2019-09-08 10:09:02:145,1.4948,-0.8285,10.0142,0.0171,-0.0105,9.8066,-0.0251,0.0134,-0.0199,-11.12,-26.75,5.38,339.99,-83.55,-129.41
52.40266,-1.507243,149.65,4.95,3,314.82,26 / 28,75621,2019-09-08 10:09:02:245,0.8453,-0.4529,9.7064,-0.0184,0.0118,9.8066,0.035,-0.0005,0.0034,-10.25,-26.25,5.31,344.18,-83.76,-128.34
52.40266,-1.507243,149.65,4.95,3,314.82,26 / 28,75721,2019-09-08 10:09:02:345,1.311,-0.6742,9.6668,-0.0203,0.0176,9.8066,0.0604,-0.0138,0.0228,-10.94,-26.5,5.69,347.12,-83.87,-128.59
52.40266,-1.507243,149.65,4.95,3,314.82,26 / 28,75822,2019-09-08 10:09:02:446,1.712,-0.5594,9.4751,-0.0012,-0.0062,9.8066,-0.0936,-0.0244,0.0224,-10.44,-26.56,5.5,350.41,-83.86,-128.14
52.40266,-1.507243,149.65,4.95,3,314.82,26 / 28,75922,2019-09-08 10:09:02:546,0.5836,-0.8504,9.9493,-0.0178,0.0061,9.8066,-0.0318,-0.0397,0.0299,-10.5,-26.37,5.63,353.02,-83.85,-126.24
52.40266,-1.507243,149.65,4.95,3,314.82,26 / 28,76022,2019-09-08 10:09:02:646,1.5087,-0.6488,10.1347,0.0078,-0.0074,9.8066,-0.0388,0.039,-0.034,-10.81,-27.5,5,345.09,-83.75,-125.69
52.40266,-1.507243,149.65,4.95,3,314.82,26 / 28,76122,2019-09-08 10:09:02:746,1.0912,-0.6818,9.5877,0.0011,0.0083,9.8066,0.0128,-0.0308,-0.0026,-9.75,-26.56,5.31,347.64,-83.81,-125.66
52.40266,-1.507243,149.65,4.95,3,314.82,26 / 28,76221,2019-09-08 10:09:02:845,0.9862,0.0462,9.4915,0.0093,-0.0002,9.8066,0.0049,0.0204,-0.0014,-10.12,-26.69,5.5,352.97,-83.78,-126.19
52.40266,-1.507243,149.65,4.95,3,314.82,26 / 28,76321,2019-09-08 10:09:02:945,0.8709,-0.9652,10.5941,-0.0014,-0.0159,9.8065,0.0277,-0.017,0.0523,-10.56,-27.12,4.88,343.9,-83.67,-126.53
52.40266,-1.507243,149.65,4.95,3,314.82,26 / 28,76422,2019-09-08 10:09:03:046,1.9997,-0.5881,9.9463,0.0197,-0.0086,9.8066,-0.1164,-0.0195,0.0585,-10.06,-27.06,5.5,353.59,-83.55,-125.67
52.40266,-1.507243,149.65,4.95,3,314.82,26 / 28,76521,2019-09-08 10:09:03:145,0.5052,-0.0501,9.6892,0.0144,-0.0085,9.8065,-0.063,0.0113,0.0098,-10.44,-27.37,5.63,352.75,-83.49,-126.27
52.40266,-1.507243,149.65,4.95,3,314.82,26 / 28,76621,2019-09-08 10:09:03:245,0.5646,-0.6977,9.8791,0.0055,0.0047,9.8066,0.0101,-0.0232,0.0291,-10,-27.62,5.38,345.69,-83.45,-126.74
52.40266,-1.507243,149.65,4.95,3,314.82,26 / 28,76721,2019-09-08 10:09:03:345,0.4884,-0.3397,9.9835,-0.0072,-0.0024,9.8066,0.0121,0.006,0.0053,-10.44,-27.44,5.38,345.3,-83.41,-127.14
52.40266,-1.507243,149.65,4.95,3,314.82,26 / 28,76822,2019-09-08 10:09:03:446,0.6715,-0.6819,10.2154,0.0194,-0.0075,9.8066,0.0556,-0.003,0.0237,-10.94,-28.12,5.19,342.95,-83.41,-126.91
52.40266,-1.507243,149.65,4.95,3,314.82,25 / 28,76921,2019-09-08 10:09:03:545,0.5462,-0.9321,10.9839,0.0173,0.0059,9.8066,0.0088,0.0177,-0.0512,-10.37,-27.31,5.56,349.61,-83.41,-128.54
52.40266,-1.507243,149.65,4.95,3,314.82,25 / 28,77021,2019-09-08 10:09:03:645,0.6791,0.2093,9.5728,-0.0172,0.0132,9.8066,-0.0386,0.0003,-0.0003,-10.75,-27.75,5.56,344.86,-83.47,-129.85
52.40266,-1.507243,149.65,4.95,3,314.82,25 / 28,77122,2019-09-08 10:09:03:746,0.445,-1.4988,9.7696,-0.0276,0.0205,9.8065,0.0319,0.0749,-0.0971,-10.44,-27.75,5.19,342.17,-83.6,-129.38
52.40266,-1.507243,149.65,4.95,3,314.82,25 / 28,77222,2019-09-08 10:09:03:846,0.9677,-0.38,10.3629,0.0137,0.0134,9.8066,-0.0859,-0.0278,0.051,-10.81,-28.62,5.44,336.85,-83.83,-131.65
52.40266,-1.507243,149.65,4.95,3,314.82,25 / 28,77322,2019-09-08 10:09:03:946,0.4422,0.743,10.5156,-0.029,-0.0048,9.8065,-0.1223,-0.1028,0.0963,-10.37,-27.94,5.81,347.21,-83.91,-130.45
52.40266,-1.507243,149.65,4.95,3,314.82,25 / 28,77421,2019-09-08 10:09:04:045,-0.1213,-0.1245,9.5255,-0.0139,-0.0002,9.8066,-0.0335,0.0202,-0.0475,-9.87,-26.75,5.81,346.97,-83.93,-130.76
52.40266,-1.507243,149.65,4.95,3,314.82,25 / 28,77521,2019-09-08 10:09:04:145,0.4085,-0.4559,10.3106,0.0082,0.0194,9.8065,0.0794,0.0171,-0.0122,-10.56,-27.31,5.63,342.77,-83.98,-131.91
52.40266,-1.507243,149.65,4.95,3,314.82,25 / 28,77621,2019-09-08 10:09:04:245,0.4958,-0.8718,9.0967,0.0136,-0.0084,9.8066,0.0238,0.051,-0.0134,-10.06,-26.94,5,338.83,-83.9,-132.3
52.40266,-1.507243,149.65,4.95,3,314.82,25 / 28,77721,2019-09-08 10:09:04:345,-0.3565,-0.6137,9.7632,0.0065,-0.0009,9.8066,-0.0283,-0.0446,0.0345,-10.81,-27.62,5.44,335.77,-83.77,-132.62
52.40266,-1.507243,149.65,4.95,3,314.82,26 / 28,77821,2019-09-08 10:09:04:445,0.7221,1.845,7.9737,-0.0503,0.0095,9.8064,-0.0066,-0.0243,0.113,-10.56,-27.69,4.81,336.54,-83.8,-132.06
52.40266,-1.507243,149.65,4.95,3,314.82,26 / 28,77921,2019-09-08 10:09:04:545,-1.9565,-0.1045,10.6937,-0.0337,0.0128,9.8065,0.0459,-0.157,0.125,-10.94,-28.37,5.44,343.17,-83.75,-126.98
52.40266,-1.507243,149.65,4.95,3,314.82,26 / 28,78022,2019-09-08 10:09:04:646,0.7636,-0.1651,10.6289,0.0517,0.0102,9.8064,-0.0797,-0.0323,-0.0299,-11.06,-27.94,5.19,342.98,-83.9,-127.24
52.40266,-1.507243,149.65,4.95,3,314.82,26 / 28,78122,2019-09-08 10:09:04:746,1.0636,0.6641,9.0446,0.0415,0.0016,9.8066,-0.011,-0.0152,-0.0213,-10.87,-28,5.81,342.74,-84.02,-131.82
52.40266,-1.507243,149.65,4.95,3,314.82,26 / 28,78221,2019-09-08 10:09:04:845,-0.2801,0.4181,10.6678,-0.0034,-0.0043,9.8066,0.0073,-0.1751,0.0276,-10.44,-28.56,5.19,337.41,-83.62,-132.67
52.40266,-1.507243,149.65,4.95,3,314.82,26 / 28,78321,2019-09-08 10:09:04:945,-0.0911,-1.8582,10.5646,-0.0401,0.0205,9.8065,0.0863,-0.1138,0.0545,-10.62,-28.12,5.38,337.35,-83.7,-131.35
52.40266,-1.507243,149.65,4.95,3,314.82,26 / 28,78421,2019-09-08 10:09:05:045,0.3753,-1.5599,10.5184,0.0395,-0.0216,9.8065,-0.0599,-0.065,0.0148,-10.94,-29,4.56,335.84,-83.59,-132.17
52.40266,-1.507243,149.65,4.95,3,314.82,26 / 28,78521,2019-09-08 10:09:05:145,0.3131,0.1151,10.0596,0.0128,-0.0152,9.8066,-0.0269,-0.0448,0.0159,-11.19,-29.12,4.94,336.93,-83.66,-131.43
52.40266,-1.507243,149.65,4.95,3,314.82,26 / 28,78621,2019-09-08 10:09:05:245,-0.9009,-0.1289,9.6944,-0.0275,0.0018,9.8066,0.0645,-0.1317,0.0811,-11.37,-29.75,5.25,337.76,-83.59,-130.53
52.40266,-1.507243,149.65,4.95,3,314.82,26 / 28,78722,2019-09-08 10:09:05:346,-1.2075,-1.305,10.4213,-0.0323,0.0232,9.8065,0.0701,-0.1557,0.0739,-11.25,-29.62,6.25,345.99,-83.62,-128.84
52.40266,-1.507243,149.65,4.95,3,314.82,24 / 27,78821,2019-09-08 10:09:05:445,0.0822,-0.6652,10.1151,0.021,-0.0005,9.8066,-0.0601,-0.0994,-0.0296,-12.12,-29.56,6.75,347.96,-83.5,-129.29
52.40266,-1.507243,149.65,4.95,3,314.82,24 / 27,78922,2019-09-08 10:09:05:546,-0.2393,-1.3078,9.7279,0.0223,-0.0151,9.8065,-0.0232,-0.1129,-0.0601,-11.87,-29.25,6.81,345.26,-83.3,-131.35
52.40266,-1.507243,149.65,4.95,3,314.82,24 / 27,79021,2019-09-08 10:09:05:645,-0.7936,-0.7566,9.3365,0.0001,0.0107,9.8066,0.0582,-0.1277,-0.0325,-11.62,-28.62,6.81,343.25,-83.31,-132.88
52.40266,-1.507243,149.65,4.95,3,314.82,24 / 27,79121,2019-09-08 10:09:05:745,-0.7615,-1.4516,10.5387,-0.0055,0.0032,9.8066,0.0837,-0.1347,-0.0172,-11.69,-28.87,6.13,336.92,-83.36,-133.87
52.40266,-1.507243,149.65,4.95,3,314.82,24 / 27,79222,2019-09-08 10:09:05:846,-1.124,-0.9031,9.947,-0.0105,0.0102,9.8065,-0.0884,-0.1407,0.0136,-11.06,-28,5.88,339.1,-83.42,-134.14
52.40266,-1.507243,149.65,4.95,3,314.82,24 / 27,79321,2019-09-08 10:09:05:945,-1.3101,-0.2193,10.2508,-0.0157,0.0085,9.8066,-0.0545,-0.1184,0.0143,-11.5,-27.81,5.75,340.84,-83.62,-132.98
52.40266,-1.507243,149.65,4.95,3,314.82,24 / 27,79421,2019-09-08 10:09:06:045,-0.7428,-1.0219,9.7429,0.0078,-0.0122,9.8066,0.0472,-0.0723,0.0099,-11.06,-26.87,5.38,335.93,-83.61,-132.55
52.40266,-1.507243,149.65,4.95,3,314.82,24 / 27,79521,2019-09-08 10:09:06:145,-0.2449,-1.189,9.6332,0.0097,-0.0108,9.8066,0.0515,-0.1569,0.0919,-11.37,-26.31,4.69,336.24,-83.54,-132.46
52.40266,-1.507243,149.65,4.95,3,314.82,24 / 27,79621,2019-09-08 10:09:06:245,-0.5232,-0.2829,10.0874,0.0031,-0.0167,9.8066,-0.0243,-0.1571,0.1082,-10.94,-27.44,3.44,323.97,-83.27,-131.67
52.40266,-1.507243,149.65,4.95,3,314.82,24 / 27,79721,2019-09-08 10:09:06:345,-0.9816,-0.712,9.6826,0.0043,-0.02,9.8066,-0.0425,-0.1394,0.0613,-11.81,-27.69,2.38,317.47,-82.93,-130.7
52.40266,-1.507243,149.65,4.95,3,314.82,26 / 28,79821,2019-09-08 10:09:06:445,0.4362,-1.5637,10.0702,0.0295,-0.0193,9.8066,-0.0243,-0.0919,0.0106,-12.87,-29.12,3.25,323.21,-82.82,-130.18
52.40266,-1.507243,149.65,4.95,3,314.82,26 / 28,79922,2019-09-08 10:09:06:546,-0.4368,-0.5144,8.7885,-0.0042,0.0016,9.8066,-0.0964,-0.0886,-0.0174,-12.87,-29.06,3.75,329.24,-82.72,-129.71
52.40266,-1.507243,149.65,4.95,3,314.82,26 / 28,80022,2019-09-08 10:09:06:646,-0.9909,0.0225,9.4949,-0.0384,0.0028,9.8065,0.0483,-0.1106,0.0664,-13.5,-28.75,4.06,333.29,-82.9,-126.83
52.40266,-1.507243,149.65,4.95,3,314.82,26 / 28,80122,2019-09-08 10:09:06:746,-1.0221,-0.7422,11.3135,-0.0093,0.0189,9.8066,-0.0589,-0.0935,-0.0123,-13.62,-28.25,4.06,335.98,-82.86,-124.21
52.40266,-1.507243,149.65,4.95,3,314.82,26 / 28,80222,2019-09-08 10:09:06:846,-1.5935,-1.5279,9.3548,0.0038,0.0142,9.8066,-0.0486,-0.0627,-0.0441,-13.19,-27.37,4.31,337.75,-83.14,-124.05
52.40266,-1.507243,149.65,4.95,3,314.82,26 / 28,80321,2019-09-08 10:09:06:945,-1.252,0.3187,9.5532,0.0195,0.0201,9.8065,0.1178,-0.0591,-0.0616,-14.31,-26.87,3.81,336.1,-83.39,-124.74
52.40266,-1.507243,149.65,4.95,3,314.82,26 / 28,80422,2019-09-08 10:09:07:046,0.8695,-1.0665,9.6401,0.0514,-0.0131,9.8064,-0.0589,-0.1115,0.0043,-14.06,-26,3,329.49,-83.5,-126.45
52.40266,-1.507243,149.65,4.95,3,314.82,26 / 28,80521,2019-09-08 10:09:07:145,-0.8971,0.2249,9.6712,-0.0451,0.0179,9.8064,-0.0721,-0.0583,-0.0543,-14.06,-26.56,3.06,326.39,-83.39,-128.62
52.40266,-1.507243,149.65,4.95,3,314.82,26 / 28,80622,2019-09-08 10:09:07:246,-0.8417,0.0691,10.2812,-0.0094,0.0029,9.8066,-0.0016,-0.0915,-0.0336,-13.5,-26.31,3.13,329.14,-83.6,-127.29
52.40266,-1.507243,149.65,4.95,3,314.82,26 / 28,80721,2019-09-08 10:09:07:345,-1.0639,-0.1307,9.6261,0.0098,0.0061,9.8065,0.0134,-0.1451,0.0256,-13,-26.37,2.88,327.47,-83.77,-128.83
52.40266,-1.507243,149.65,4.95,3,314.82,25 / 27,80822,2019-09-08 10:09:07:446,-0.268,0.6125,9.4067,0.0112,0.0033,9.8065,-0.0164,-0.1059,-0.0112,-13.44,-26.25,3.63,330.49,-83.8,-130.62
52.40266,-1.507243,149.65,4.95,3,314.82,25 / 27,80921,2019-09-08 10:09:07:545,-1.0228,0.0876,9.3764,-0.0157,0.0044,9.8066,-0.0447,-0.0671,-0.0011,-12.62,-25.69,3.69,328.58,-83.79,-132.18
52.40266,-1.507243,149.65,4.95,3,314.82,25 / 27,81022,2019-09-08 10:09:07:646,-0.9231,-0.1157,9.8523,-0.0158,0.0063,9.8066,0.0239,-0.0667,-0.0154,-12.37,-25.31,3.31,325.25,-83.89,-131.58
52.40266,-1.507243,149.65,4.95,3,314.82,25 / 27,81121,2019-09-08 10:09:07:745,-1.1964,0.5634,10.1211,0.0132,0.0112,9.8066,0.0374,-0.0148,-0.0467,-12.44,-25,3.06,324.93,-84.03,-132.01
52.40266,-1.507243,149.65,4.95,3,314.82,25 / 27,81221,2019-09-08 10:09:07:845,-0.2626,0.4511,9.7164,0.0102,0.0157,9.8066,-0.028,0.0091,-0.0135,-12.12,-24.62,3.13,323.01,-84.14,-133.73
52.40266,-1.507243,149.65,4.95,3,314.82,25 / 27,81321,2019-09-08 10:09:07:945,-1.1694,0.5817,9.99,-0.0012,0.0021,9.8066,-0.018,0.0255,-0.0127,-11.37,-24,2.5,323.79,-84.19,-134.07
52.40266,-1.507243,149.65,4.95,3,314.82,25 / 27,81421,2019-09-08 10:09:08:045,-1.6693,0.3913,9.9734,0.0033,0.0082,9.8066,0.0867,0.0053,-0.0171,-12.31,-24.12,1.88,317.04,-84.22,-134.48
52.40266,-1.507243,149.65,4.95,3,314.82,25 / 27,81521,2019-09-08 10:09:08:145,-0.8005,-0.784,10.1322,0.0052,0.0005,9.8066,0.0352,-0.05,0.0135,-12,-24,1.31,309.93,-84.16,-135.71
52.40266,-1.507243,149.65,4.95,3,314.82,25 / 27,81622,2019-09-08 10:09:08:246,-1.3077,0.0383,10.1201,0.0054,0.0081,9.8065,0.0101,-0.0025,-0.0351,-12.06,-24.94,0.88,307.6,-84.15,-137.34
52.40266,-1.507243,149.65,4.95,3,314.82,25 / 27,81721,2019-09-08 10:09:08:345,-1.4988,0.3933,9.6181,0.007,0.0013,9.8066,-0.0339,-0.0136,0.0144,-12.19,-25,1.44,305.99,-84.16,-138.76
52.40266,-1.507243,149.65,4.95,3,314.82,23 / 27,81822,2019-09-08 10:09:08:446,-1.1702,0.0885,9.7194,0.0026,-0.005,9.8066,0.0511,-0.0205,0.0052,-12.94,-26,1.56,309.93,-84,-139.51
52.40266,-1.507243,149.65,4.95,3,314.82,23 / 27,81921,2019-09-08 10:09:08:545,-0.9472,-0.1543,9.5682,0.0036,-0.0033,9.8066,-0.0006,0.0101,-0.0001,-13,-26,1.31,304.46,-83.95,-139.77
52.40266,-1.507243,149.65,4.95,3,314.82,23 / 27,82022,2019-09-08 10:09:08:646,-0.6688,0.0486,10.2252,-0.0074,-0.0006,9.8066,-0.0391,0.0024,-0.0427,-14.06,-26.44,1.06,305.15,-83.91,-139.51
52.40266,-1.507243,149.65,4.95,3,314.82,23 / 27,82121,2019-09-08 10:09:08:745,-1.327,-0.1374,10.0756,0.0019,0.006,9.8066,-0.0182,-0.027,-0.0107,-14,-27.75,1.56,307.72,-84,-140.8
52.40266,-1.507243,149.65,4.95,3,314.82,23 / 27,82221,2019-09-08 10:09:08:845,-0.9748,0.5723,9.9351,-0.0099,0.0036,9.8065,0.0122,0.007,-0.0071,-14,-28.37,1.56,307.25,-84.09,-141.36
52.40266,-1.507243,149.65,4.95,3,314.82,23 / 27,82322,2019-09-08 10:09:08:946,-0.7779,0.6092,9.588,0.0027,0.0017,9.8066,-0.0117,0.0184,-0.0139,-13.69,-28.25,2.19,307.13,-84.13,-141.54
52.40266,-1.507243,149.65,4.95,3,314.82,23 / 27,82422,2019-09-08 10:09:09:046,-1.3395,0.4011,9.2877,-0.0036,0.0086,9.8066,-0.0249,0.0424,-0.0284,-14.37,-28.75,2.5,311.16,-84.25,-141.97
52.40266,-1.507243,149.65,4.95,3,314.82,23 / 27,82522,2019-09-08 10:09:09:146,-1.756,0.2974,10.4497,0.0025,-0.0124,9.8066,0.0129,0.0288,0.0256,-14.31,-29.06,3,312.77,-84.34,-140.73
52.40266,-1.507243,149.65,4.95,3,314.82,23 / 27,82621,2019-09-08 10:09:09:245,-1.6086,0.5847,10.8694,-0.0039,0.0049,9.8066,-0.0128,0.0326,0.0076,-13.19,-28.12,2.94,314.42,-84.44,-140.06
52.40266,-1.507243,149.65,4.95,3,314.82,23 / 27,82721,2019-09-08 10:09:09:345,-1.2519,1.1307,10.3003,0.0106,0.0014,9.8066,-0.0011,0.1093,-0.0309,-13.25,-28,4,319.46,-84.47,-140.08
52.40266,-1.507243,149.65,4.95,3,314.82,22 / 25,82821,2019-09-08 10:09:09:445,-0.8773,0.5536,9.4441,0.0061,0.0017,9.8066,0.0472,0.0915,-0.0311,-13.06,-27.75,3.69,318.62,-84.41,-140.72
52.40307,-1.507786,148.79,4.62,4,328.8,22 / 25,82921,2019-09-08 10:09:09:545,-1.203,1.2386,9.2063,0.0145,0.0027,9.8066,0.059,0.0739,0.0422,-13.25,-28.19,4.31,317.23,-84.35,-141.81
52.40307,-1.507786,148.79,4.62,4,328.8,22 / 25,83022,2019-09-08 10:09:09:646,-1.1318,0.4963,9.5146,0.0075,-0.0083,9.8066,0.0231,0.0763,0.03,-13.19,-27.5,4.38,317.37,-84.13,-141.67
52.40307,-1.507786,148.79,4.62,4,328.8,22 / 25,83122,2019-09-08 10:09:09:746,-0.9723,0.636,10.3641,0.0195,-0.0155,9.8066,0.0455,0.0872,0.0308,-13.06,-27.25,5.06,321.1,-83.95,-142.39
52.40307,-1.507786,148.79,4.62,4,328.8,22 / 25,83222,2019-09-08 10:09:09:846,-1.0459,1.1723,10.1671,-0.0007,0.0063,9.8066,-0.0024,0.1207,-0.0423,-13.25,-26.75,4.75,320.33,-83.79,-142.84
52.40307,-1.507786,148.79,4.62,4,328.8,22 / 25,83322,2019-09-08 10:09:09:946,-2.0047,0.9742,9.9533,-0.0157,-0.0041,9.8065,-0.0575,0.0797,-0.0032,-13,-27.56,4.81,320.55,-83.82,-142.4
52.40307,-1.507786,148.79,4.62,4,328.8,22 / 25,83421,2019-09-08 10:09:10:045,-1.3224,0.9528,9.704,-0.019,-0.0032,9.8066,-0.0482,0.1003,-0.0301,-13.31,-28.25,4.69,321.29,-83.86,-141.84
52.40307,-1.507786,148.79,4.62,4,328.8,22 / 25,83521,2019-09-08 10:09:10:145,-1.3056,0.5557,9.738,-0.0086,-0.0073,9.8066,-0.0355,0.1437,-0.02,-12.75,-27.44,4.44,318.91,-83.85,-139.97
52.40307,-1.507786,148.79,4.62,4,328.8,22 / 25,83621,2019-09-08 10:09:10:245,-1.3929,1.0224,10.0825,-0.0051,-0.0057,9.8066,0.0158,0.1398,0.0193,-13,-27.25,5.31,325.2,-83.76,-138.75
52.40307,-1.507786,148.79,4.62,4,328.8,22 / 25,83721,2019-09-08 10:09:10:345,-1.578,0.9922,9.7602,-0.006,-0.0005,9.8066,0.0494,0.136,0.0062,-12.37,-26.94,4.44,321.63,-83.74,-138.32
52.40307,-1.507786,148.79,4.62,4,328.8,24 / 28,83822,2019-09-08 10:09:10:446,-1.2698,0.4906,10.1035,0.0052,-0.0077,9.8065,0.0569,0.1343,0.0149,-12.37,-26.56,5,327.26,-83.71,-138.11
52.40307,-1.507786,148.79,4.62,4,328.8,24 / 28,83921,2019-09-08 10:09:10:545,-1.4833,0.9637,10.127,0.0125,-0.0014,9.8066,-0.0022,0.1436,-0.0104,-12.12,-27.75,5.5,331.64,-83.62,-138.44
52.40307,-1.507786,148.79,4.62,4,328.8,24 / 28,84022,2019-09-08 10:09:10:646,-1.404,1.3606,9.7829,-0.0069,0.0043,9.8066,-0.0073,0.1725,-0.0142,-13,-27.87,5.81,329.82,-83.68,-138.58
52.40307,-1.507786,148.79,4.62,4,328.8,24 / 28,84122,2019-09-08 10:09:10:746,-1.1441,0.9711,9.5577,-0.0149,-0.0027,9.8066,0.0244,0.1204,0.044,-12,-27.75,5.38,327.95,-83.74,-137.34
52.40307,-1.507786,148.79,4.62,4,328.8,24 / 28,84222,2019-09-08 10:09:10:846,-1.4619,0.6057,10.3613,0.0019,-0.0099,9.8066,0.0126,0.1326,0.0216,-12.44,-27.5,4.94,330.33,-83.63,-135.58
52.40307,-1.507786,148.79,4.62,4,328.8,24 / 28,84321,2019-09-08 10:09:10:945,-1.0823,0.4962,9.8971,0.0014,-0.004,9.8065,0.0398,0.1427,0.0031,-12.19,-27.87,5.75,335.86,-83.61,-135.12
52.40307,-1.507786,148.79,4.62,4,328.8,24 / 28,84421,2019-09-08 10:09:11:045,-1.0865,0.3668,9.8058,-0.002,-0.0014,9.8066,0.0035,0.1217,0.0009,-11.69,-27.44,6.13,336.1,-83.61,-135.11
52.40307,-1.507786,148.79,4.62,4,328.8,24 / 28,84521,2019-09-08 10:09:11:145,-1.0963,0.4457,9.7573,-0.0057,0.0043,9.8066,-0.0031,0.1142,-0.0182,-11.75,-27.81,6.31,336.51,-83.65,-134.64
52.40307,-1.507786,148.79,4.62,4,328.8,24 / 28,84622,2019-09-08 10:09:11:246,-1.2545,0.6249,10.0477,-0.0007,0.0014,9.8066,0.0111,0.1095,-0.0251,-11.25,-27.69,6,339.27,-83.7,-134.24
52.40307,-1.507786,148.79,4.62,4,328.8,24 / 28,84722,2019-09-08 10:09:11:346,-0.9718,0.2838,9.801,0.0032,-0.0001,9.8066,0.0179,0.0821,-0.0094,-11.81,-28,5.81,337.37,-83.72,-134.03
52.40307,-1.507786,148.79,4.62,4,328.8,24 / 27,84822,2019-09-08 10:09:11:446,-1.1604,0.3064,9.8666,-0.0062,-0.0031,9.8066,0.0132,0.0678,0.0132,-11.44,-27.62,6.13,340.42,-83.7,-133.37
52.40307,-1.507786,148.79,4.62,4,328.8,24 / 27,84921,2019-09-08 10:09:11:545,-0.8539,0.1436,9.8123,-0.0017,0.001,9.8066,-0.009,0.0818,-0.0137,-11.5,-27.56,6.81,345.99,-83.71,-133.14
52.40307,-1.507786,148.79,4.62,4,328.8,24 / 27,85022,2019-09-08 10:09:11:646,-0.9658,0.3724,9.8529,-0.0054,0.0034,9.8066,0.0004,0.063,-0.0069,-11.56,-27.5,6.88,343.91,-83.74,-132.89
52.40307,-1.507786,148.79,4.62,4,328.8,24 / 27,85121,2019-09-08 10:09:11:745,-0.8989,0.3226,9.9179,-0.005,0.0012,9.8066,0.0153,0.0298,0.0149,-11.69,-27.87,6.38,339.69,-83.79,-132.27
52.40307,-1.507786,148.79,4.62,4,328.8,24 / 27,85221,2019-09-08 10:09:11:845,-0.9614,0.585,9.8655,-0.004,0.0011,9.8066,0.0222,0.0357,0.0174,-11.62,-28.37,7.5,349.8,-83.81,-131.7
52.40307,-1.507786,148.79,4.62,4,328.8,24 / 27,85321,2019-09-08 10:09:11:945,-0.6435,0.2641,9.981,-0.0027,0.0017,9.8066,-0.0181,0.0412,-0.0178,-11.94,-28.19,6.81,345.84,-83.84,-131.3
52.40307,-1.507786,148.79,4.62,4,328.8,24 / 27,85421,2019-09-08 10:09:12:045,-0.5147,0.2756,9.698,-0.0046,0.0017,9.8066,0.0088,0.0333,-0.0063,-11.25,-28.5,6.88,348.83,-83.88,-131.04
52.40307,-1.507786,148.79,4.62,4,328.8,24 / 27,85521,2019-09-08 10:09:12:145,-0.6336,0.3933,10.2105,-0.0046,0.0014,9.8066,-0.0286,0.0137,0.0076,-11.31,-28.37,6.75,349.67,-83.91,-130.4
52.40307,-1.507786,148.79,4.62,4,328.8,24 / 27,85622,2019-09-08 10:09:12:246,-0.7945,0.2672,9.8916,-0.0048,0.0047,9.8066,-0.0365,0.0138,-0.0177,-11.31,-28.62,6.75,349.92,-83.93,-130.14
52.40307,-1.507786,148.79,4.62,4,328.8,24 / 27,85722,2019-09-08 10:09:12:346,-0.3941,0.0336,9.822,-0.0039,0.0009,9.8066,0.015,-0.0199,-0.009,-11.25,-28.62,7.38,350.48,-83.97,-129.72
52.40307,-1.507786,148.79,4.62,4,328.8,24 / 27,85821,2019-09-08 10:09:12:445,-0.8211,0.4746,10.1567,-0.0039,0.0014,9.8066,0.0226,-0.0091,0.0119,-11.06,-28.44,7.19,351.02,-83.99,-129.39
52.40307,-1.507786,148.79,4.62,4,328.8,23 / 27,85921,2019-09-08 10:09:12:545,-0.0181,0.2595,10.4409,-0.0043,0.005,9.8066,-0.0004,0.0123,-0.0087,-11.19,-28.19,7,351.37,-84.03,-129.13
52.40307,-1.507786,148.79,4.62,4,328.8,23 / 27,86021,2019-09-08 10:09:12:645,0.5113,-0.1529,9.8757,0.0029,0.0008,9.8066,-0.0235,0.0115,-0.0149,-11.25,-28.44,6.75,351.17,-84.07,-129.3
52.40307,-1.507786,148.79,4.62,4,328.8,23 / 27,86121,2019-09-08 10:09:12:745,0.4324,-0.4878,9.3258,0.0041,-0.0032,9.8066,0.0019,-0.0057,0.0034,-11.31,-28.37,7.63,355.16,-84.06,-129.81
52.40307,-1.507786,148.79,4.62,4,328.8,23 / 27,86221,2019-09-08 10:09:12:845,-0.1171,0.3249,10.3255,-0.0035,0.0011,9.8066,0.0411,-0.0056,0.0128,-11.31,-28.19,7.13,350.66,-84.02,-129.68
52.40307,-1.507786,148.79,4.62,4,328.8,23 / 27,86321,2019-09-08 10:09:12:945,0.3037,-0.3253,9.7292,-0.0025,0.0024,9.8066,0.0177,-0.0023,0.0064,-12.19,-28.44,6.94,348.59,-84.06,-129.25
52.40307,-1.507786,148.79,4.62,4,328.8,23 / 27,86421,2019-09-08 10:09:13:045,0.1463,-0.1739,9.8816,-0.0052,0.0033,9.8066,-0.0289,-0.0046,0.0089,-11.44,-28.62,7.13,351.93,-84.11,-128.66
52.40307,-1.507786,148.79,4.62,4,328.8,23 / 27,86521,2019-09-08 10:09:13:145,0.2121,-0.0565,9.9473,-0.0033,0.0045,9.8066,-0.0186,0.014,-0.0231,-11.94,-28.56,6.38,344.68,-84.16,-128.48
52.40307,-1.507786,148.79,4.62,4,328.8,23 / 27,86622,2019-09-08 10:09:13:246,0.4627,-0.4848,9.4648,0.0015,-0.0015,9.8066,0.004,-0.0184,-0.0017,-11.5,-28.75,6.81,352.18,-84.17,-128.49
52.40307,-1.507786,148.79,4.62,4,328.8,23 / 27,86722,2019-09-08 10:09:13:346,0.1563,-0.0521,10.2035,-0.0017,0.0005,9.8066,0.0237,-0.0093,0.0029,-11.12,-28.44,7.19,352.35,-84.17,-128.42
52.40307,-1.507786,148.79,4.62,4,328.8,24 / 27,86822,2019-09-08 10:09:13:446,0.2858,-0.344,9.6423,-0.0035,0.0016,9.8066,0.0069,0.0079,0.0066,-11.19,-28.69,6.94,352.72,-84.18,-128.08
52.40307,-1.507786,148.79,4.62,4,328.8,24 / 27,86922,2019-09-08 10:09:13:546,0.3624,-0.183,9.8364,-0.0013,0.0023,9.8066,-0.0281,0.0021,-0.0036,-11.5,-28.5,7.31,353.32,-84.23,-127.68
52.40307,-1.507786,148.79,4.62,4,328.8,24 / 27,87021,2019-09-08 10:09:13:645,0.2265,-0.0617,9.8949,0,-0.0001,9.8066,0.0102,-0.0111,-0.007,-11.37,-28.06,7.06,353.39,-84.25,-127.63
52.40307,-1.507786,148.79,4.62,4,328.8,24 / 27,87121,2019-09-08 10:09:13:745,0.3831,-0.2324,9.8756,-0.0016,0.0006,9.8066,0.0105,-0.0003,0.011,-11.31,-28.44,7.56,358.22,-84.25,-127.43
52.40307,-1.507786,148.79,4.62,4,328.8,24 / 27,87221,2019-09-08 10:09:13:845,0.097,0.0416,10.1453,-0.0047,0.0039,9.8066,-0.0291,0.0147,-0.0019,-11.31,-28.94,7,353.98,-84.29,-127.13
52.40307,-1.507786,148.79,4.62,4,328.8,24 / 27,87322,2019-09-08 10:09:13:946,0.3938,-0.3373,9.7359,-0.0019,0.0009,9.8066,0.0033,-0.0113,-0.0062,-11.25,-28.19,7.25,354.41,-84.33,-126.85
52.40307,-1.507786,148.79,4.62,4,328.8,24 / 27,87421,2019-09-08 10:09:14:045,0.2156,0.0374,10.0318,-0.0014,0.001,9.8066,0.0175,-0.0128,0.0081,-11.37,-28.62,6.63,354.46,-84.33,-126.77
52.40307,-1.507786,148.79,4.62,4,328.8,24 / 27,87521,2019-09-08 10:09:14:145,0.3822,-0.3926,9.6411,-0.0032,0.0035,9.8066,-0.0046,0.0069,-0.0078,-11.31,-29,7.06,355.02,-84.38,-126.34
52.40307,-1.507786,148.79,4.62,4,328.8,24 / 27,87622,2019-09-08 10:09:14:246,0.1827,-0.1478,10.0525,0.0019,0.0002,9.8066,0.0028,-0.0105,0,-11.19,-28.31,7.44,355.16,-84.41,-126.28
52.40307,-1.507786,148.79,4.62,4,328.8,24 / 27,87722,2019-09-08 10:09:14:346,0.4056,-0.3243,9.7375,0.0003,0.0011,9.8066,0.0224,-0.0054,0.0017,-11.37,-28.62,7.38,355.34,-84.44,-126.1
52.40307,-1.507786,148.79,4.62,4,328.8,24 / 27,87821,2019-09-08 10:09:14:445,0.1922,0.1079,10.138,-0.0031,0.0027,9.8066,-0.0047,0.0095,-0.0024,-11.75,-28.75,7.13,352.97,-84.47,-125.84
52.40307,-1.507786,148.79,4.62,4,328.8,26 / 28,87922,2019-09-08 10:09:14:546,0.4991,-0.4024,9.6256,-0.0017,0.0027,9.8066,-0.0087,-0.0068,-0.0058,-11.5,-28.56,7.31,356.14,-84.51,-125.49
52.40307,-1.507786,148.79,4.62,4,328.8,26 / 28,88022,2019-09-08 10:09:14:646,0.1897,-0.0631,9.9923,-0.0026,0.0011,9.8066,0.017,-0.0066,0.0033,-11.69,-28.56,7.06,353.7,-84.53,-125.28
52.40307,-1.507786,148.79,4.62,4,328.8,26 / 28,88122,2019-09-08 10:09:14:746,0.4335,-0.3582,9.7064,-0.0011,0.0016,9.8066,-0.0125,0.005,0.0027,-11.06,-28.19,7,356.78,-84.56,-125.02
52.40307,-1.507786,148.79,4.62,4,328.8,26 / 28,88222,2019-09-08 10:09:14:846,0.1279,-0.1069,10.0009,-0.0006,0.0012,9.8066,-0.0043,-0.0114,0.004,-11.12,-28.37,7.19,357.1,-84.59,-124.77
52.40307,-1.507786,148.79,4.62,4,328.8,26 / 28,88321,2019-09-08 10:09:14:945,0.4354,-0.2604,9.9197,-0.0002,0.0029,9.8066,0.0018,0.0078,0.0042,-11.37,-28.62,6.81,357.11,-84.62,-124.75
52.40307,-1.507786,148.79,4.62,4,328.8,26 / 28,88421,2019-09-08 10:09:15:045,0.2303,-0.1355,9.9413,-0.0035,0.003,9.8065,-0.016,0.0082,0.0031,-11.31,-28.12,7.06,357.48,-84.64,-124.47
52.40307,-1.507786,148.79,4.62,4,328.8,26 / 28,88522,2019-09-08 10:09:15:146,0.4423,-0.2772,9.8868,0.0001,0.0003,9.8066,0.0083,-0.0078,-0.0004,-11,-28.06,6.69,357.79,-84.67,-124.23
52.40307,-1.507786,148.79,4.62,4,328.8,26 / 28,88621,2019-09-08 10:09:15:245,0.3159,-0.3164,9.702,-0.0015,0.0014,9.8066,0.0148,0.0017,0.0058,-11.56,-28.06,7.38,355.44,-84.7,-123.95
52.40307,-1.507786,148.79,4.62,4,328.8,26 / 28,88721,2019-09-08 10:09:15:345,0.4846,-0.3347,9.8255,-0.0019,0.0037,9.8066,-0.0195,-0.0026,0,-11.19,-28.37,6.88,358.48,-84.73,-123.69
52.40307,-1.507786,148.79,4.62,4,328.8,23 / 27,88822,2019-09-08 10:09:15:446,0.2614,-0.1008,9.84,-0.0001,0.0013,9.8066,-0.0034,-0.0176,-0.0064,-11.81,-28.37,7,355.83,-84.75,-123.64
52.40307,-1.507786,148.79,4.62,4,328.8,23 / 27,88921,2019-09-08 10:09:15:545,0.3383,-0.1906,9.9883,-0.0036,0.0025,9.8066,0.0175,0.0064,0.0042,-11.5,-28.19,7.25,358.75,-84.78,-123.47
52.40307,-1.507786,148.79,4.62,4,328.8,23 / 27,89022,2019-09-08 10:09:15:646,0.2273,-0.2484,9.8637,0.0011,0.001,9.8066,-0.0148,-0.0035,0.0006,-11.12,-28.5,6.88,359.06,-84.81,-123.22
52.40307,-1.507786,148.79,4.62,4,328.8,23 / 27,89121,2019-09-08 10:09:15:745,0.3266,-0.2878,9.9275,0.0004,0.0006,9.8066,0.0154,-0.0062,-0.0082,-11.44,-27.87,6.56,359.03,-84.83,-123.25
52.40307,-1.507786,148.79,4.62,4,328.8,23 / 27,89221,2019-09-08 10:09:15:845,0.3413,-0.3712,9.6815,-0.0004,0.0018,9.8066,0.0159,0.0024,0.0053,-10.94,-28.5,7.25,359.19,-84.85,-123.12
52.40307,-1.507786,148.79,4.62,4,328.8,23 / 27,89321,2019-09-08 10:09:15:945,0.457,-0.3116,9.8858,-0.0013,0.0021,9.8066,-0.0281,0.0003,-0.0057,-11.5,-28.5,7.19,359.44,-84.88,-122.92
52.40307,-1.507786,148.79,4.62,4,328.8,23 / 27,89422,2019-09-08 10:09:16:046,0.3762,-0.3099,9.7115,-0.0012,0.001,9.8066,0.014,-0.0131,-0.002,-11.25,-28.06,7.13,359.45,-84.88,-122.92
52.40307,-1.507786,148.79,4.62,4,328.8,23 / 27,89522,2019-09-08 10:09:16:146,0.4001,-0.1794,10.0315,-0.0002,0.0004,9.8066,0.0034,0.0067,0.0087,-11.31,-28.37,7.25,359.6,-84.9,-122.79
52.40307,-1.507786,148.79,4.62,4,328.8,23 / 27,89621,2019-09-08 10:09:16:245,0.2525,-0.2751,9.8147,-0.0017,0.0024,9.8066,-0.0245,0.012,-0.0014,-11.44,-28.19,7.06,360,-84.93,-122.47
52.40307,-1.507786,148.79,4.62,4,328.8,23 / 27,89722,2019-09-08 10:09:16:346,0.4135,-0.2497,9.9973,-0.0001,-0.0015,9.8066,0.0136,-0.016,0.0017,-11.25,-28,7.19,0.02,-84.94,-122.46
52.40307,-1.507786,148.79,4.62,4,328.8,24 / 28,89821,2019-09-08 10:09:16:445,0.4101,-0.3301,9.7256,-0.0033,0.0026,9.8066,0.0002,0.001,0.0118,-11.37,-28.62,6.88,0.36,-84.96,-122.18
52.40307,-1.507786,148.79,4.62,4,328.8,24 / 28,89922,2019-09-08 10:09:16:546,0.5521,-0.4637,9.7369,-0.0035,0.0042,9.8066,-0.0232,0.0047,-0.0088,-11.69,-28.31,7.13,357.96,-84.99,-121.93
52.40307,-1.507786,148.79,4.62,4,328.8,24 / 28,90022,2019-09-08 10:09:16:646,0.3129,-0.3103,9.8823,0.0027,-0.0013,9.8066,0.0079,-0.0128,-0.0048,-11.19,-28.19,8.06,4.82,-84.99,-122.09
52.40307,-1.507786,148.79,4.62,4,328.8,24 / 28,90121,2019-09-08 10:09:16:745,0.4403,-0.4165,9.8219,-0.0006,0.0007,9.8066,0.0235,0.0015,0.0007,-11.5,-28.62,7.31,0.36,-85,-122.18
52.40307,-1.507786,148.79,4.62,4,328.8,24 / 28,90222,2019-09-08 10:09:16:846,0.2849,-0.0502,10.1253,-0.0013,0.0004,9.8066,-0.0099,0.0159,0.0051,-11.56,-28,7,357.87,-85.02,-122.01
52.40307,-1.507786,148.79,4.62,4,328.8,24 / 28,90322,2019-09-08 10:09:16:946,0.5669,-0.5162,9.5378,-0.0007,0.0014,9.8066,-0.0108,-0.0075,-0.0049,-11.19,-28.37,7.06,0.83,-85.04,-121.8
52.40307,-1.507786,148.79,4.62,4,328.8,24 / 28,90422,2019-09-08 10:09:17:046,0.2599,-0.1854,10.0936,-0.0008,0.001,9.8066,0.015,-0.0072,-0.0026,-11.25,-28.31,7.31,0.68,-85.04,-121.92
52.40307,-1.507786,148.79,4.62,4,328.8,24 / 28,90521,2019-09-08 10:09:17:145,0.4854,-0.463,9.572,-0.0008,0.0018,9.8066,-0.0122,0.013,0.0084,-11.5,-28.62,7,0.75,-85.05,-121.87
52.40307,-1.507786,148.79,4.62,4,328.8,24 / 28,90621,2019-09-08 10:09:17:245,0.3059,-0.052,10.1593,-0.0008,0.0017,9.8066,-0.0293,0.0122,-0.0065,-11,-28.69,7.19,0.97,-85.07,-121.69
52.40307,-1.507786,148.79,4.62,4,328.8,24 / 28,90721,2019-09-08 10:09:17:345,0.4817,-0.4395,9.6032,0.0017,-0.0004,9.8066,0.0178,-0.0146,-0.0013,-11.06,-28.31,7,0.97,-85.08,-121.69
52.40307,-1.507786,148.79,4.62,4,328.8,24 / 27,90821,2019-09-08 10:09:17:445,0.3116,-0.2505,10.0027,-0.0026,0.0008,9.8066,0.0121,-0.0042,0.0107,-11.12,-28.37,7.44,0.77,-85.06,-121.85
52.40307,-1.507786,148.79,4.62,4,328.8,24 / 27,90921,2019-09-08 10:09:17:545,0.3213,-0.3893,9.6798,-0.0026,0.003,9.8066,-0.0175,0.0093,-0.0091,-11.19,-28.44,7.19,1.17,-85.09,-121.52
52.40307,-1.507786,148.79,4.62,4,328.8,24 / 27,91021,2019-09-08 10:09:17:645,0.3278,-0.2092,10.1009,0.0025,-0.0023,9.8065,0.002,-0.012,-0.0019,-11.5,-28.75,7.19,0.94,-85.07,-121.71
52.40307,-1.507786,148.79,4.62,4,328.8,24 / 27,91121,2019-09-08 10:09:17:745,0.3388,-0.2634,9.7673,-0.0002,-0.0008,9.8066,0.0151,0.0067,0.0026,-11.12,-28.25,6.88,0.96,-85.07,-121.69
52.40307,-1.507786,148.79,4.62,4,328.8,24 / 27,91221,2019-09-08 10:09:17:845,0.3866,-0.2136,10.0278,0.0016,-0.0007,9.8066,-0.0101,0.0098,-0.0024,-11.69,-28.25,7.13,358.55,-85.1,-121.45
52.40307,-1.507786,148.79,4.62,4,328.8,24 / 27,91322,2019-09-08 10:09:17:946,0.4502,-0.5685,9.5819,0.002,-0.0007,9.8066,0.0209,-0.0208,0.003,-11.37,-28.5,7.31,0.94,-85.09,-121.71
52.40307,-1.507786,148.79,4.62,4,328.8,24 / 27,91421,2019-09-08 10:09:18:045,0.317,-0.21,10.0934,-0.0006,0.0006,9.8066,0.0139,0.0045,0.0021,-10.62,-28.31,6.81,0.99,-85.08,-121.67
52.40307,-1.507786,148.79,4.62,4,328.8,24 / 27,91521,2019-09-08 10:09:18:145,0.4343,-0.3966,9.6088,-0.001,-0.0002,9.8066,-0.0131,-0.0016,-0.0015,-11.06,-28.31,7.06,1.25,-85.09,-121.46
52.40307,-1.507786,148.79,4.62,4,328.8,24 / 27,91621,2019-09-08 10:09:18:245,0.2675,-0.074,10.1424,0.0027,-0.0019,9.8066,0.0251,-0.0203,0.0018,-11.62,-28.5,7.19,358.29,-85.07,-121.67
52.40307,-1.507786,148.79,4.62,4,328.8,24 / 27,91721,2019-09-08 10:09:18:345,0.4861,-0.5516,9.5744,-0.0019,0.0004,9.8066,-0.0192,0.0108,0.0016,-11.56,-28.81,6.88,358.59,-85.08,-121.41
52.40307,-1.507786,148.79,4.62,4,328.8,24 / 27,91821,2019-09-08 10:09:18:445,0.215,-0.1326,10.1209,-0.0009,0.0014,9.8066,-0.0225,-0.0049,-0.009,-11.25,-28.81,7.25,1.35,-85.09,-121.38
52.40307,-1.507786,148.79,4.62,4,328.8,23 / 27,91921,2019-09-08 10:09:18:545,0.5287,-0.5307,9.6033,-0.0014,-0.0001,9.8066,0.0154,-0.0143,-0.003,-11.94,-28.31,7.44,358.59,-85.08,-121.42
52.40307,-1.507786,148.79,4.62,4,328.8,23 / 27,92021,2019-09-08 10:09:18:645,0.2513,-0.0755,10.1327,0.0004,0.0006,9.8066,-0.002,0.0086,-0.002,-11.69,-27.81,7.38,358.49,-85.07,-121.5
52.40307,-1.507786,148.79,4.62,4,328.8,23 / 27,92122,2019-09-08 10:09:18:746,0.5145,-0.474,9.6152,0.0003,0.0001,9.8066,-0.0073,-0.0086,-0.0015,-11.69,-28.87,7.56,2.53,-85.08,-121.61
52.40307,-1.507786,148.79,4.62,4,328.8,23 / 27,92222,2019-09-08 10:09:18:846,0.259,-0.0779,10.1547,0.0011,-0.0014,9.8066,0.0147,-0.0122,-0.0009,-11.12,-28.44,6.69,0.77,-85.05,-121.85
52.40307,-1.507786,148.79,4.62,4,328.8,23 / 27,92321,2019-09-08 10:09:18:945,0.4117,-0.4847,9.5832,-0.0001,-0.0004,9.8066,0.009,0.0067,0.005,-11.19,-28.81,7.31,0.74,-85.05,-121.88
52.40307,-1.507786,148.79,4.62,4,328.8,23 / 27,92421,2019-09-08 10:09:19:045,0.2829,-0.1121,10.1769,0.0017,-0.0012,9.8066,-0.0191,0.0052,-0.0003,-10.81,-28.25,7.13,0.84,-85.05,-121.79
52.40307,-1.507786,148.79,4.62,4,328.8,23 / 27,92521,2019-09-08 10:09:19:145,0.5069,-0.4976,9.5585,0.0034,-0.0035,9.8065,0.0166,-0.0123,-0.0055,-11.19,-28.62,7,0.37,-85.02,-122.17
52.40307,-1.507786,148.79,4.62,4,328.8,23 / 27,92622,2019-09-08 10:09:19:246,0.399,-0.2679,9.9618,-0.001,-0.002,9.8066,0.028,0.0005,0.0144,-11.25,-28.94,6.81,0.22,-85,-122.29
52.40307,-1.507786,148.79,4.62,4,328.8,23 / 27,92722,2019-09-08 10:09:19:346,0.3654,-0.4073,9.6778,0.0001,-0.0002,9.8066,-0.0288,0.0117,-0.0036,-11.5,-28.69,7.13,0.4,-84.99,-122.15
52.40307,-1.507786,148.79,4.62,4,328.8,23 / 27,92822,2019-09-08 10:09:19:446,0.3478,-0.2758,9.9997,0.0011,-0.003,9.8066,-0.009,-0.005,-0.0058,-11,-28.37,6.75,0.28,-84.99,-122.24
52.40307,-1.507786,148.79,4.62,4,328.8,23 / 26,92921,2019-09-08 10:09:19:545,0.3072,-0.2012,9.876,0.0013,-0.0019,9.8066,0.0174,-0.0057,0.0037,-11.37,-28.37,7.13,359.98,-84.95,-122.48
52.40307,-1.507786,148.79,4.62,4,328.8,23 / 26,93021,2019-09-08 10:09:19:645,0.2629,-0.0483,10.1047,-0.0034,-0.0006,9.8066,-0.0205,0.0205,0.0014,-11.87,-28.5,6.56,357.28,-84.95,-122.49
52.40307,-1.507786,148.79,4.62,4,328.8,23 / 26,93122,2019-09-08 10:09:19:746,0.5451,-0.366,9.6441,-0.0007,-0.0002,9.8066,0.0012,-0.0096,-0.0006,-11.56,-28.44,6.88,357.35,-84.93,-122.43
52.40307,-1.507786,148.79,4.62,4,328.8,23 / 26,93221,2019-09-08 10:09:19:845,0.3256,-0.1055,10.092,0.0045,-0.0026,9.8066,0.0171,-0.0211,0.0021,-11.12,-28.31,7.06,359.4,-84.9,-122.95
52.40307,-1.507786,148.79,4.62,4,328.8,23 / 26,93321,2019-09-08 10:09:19:945,0.4171,-0.5086,9.5472,-0.0006,0,9.8066,0.0004,0.0129,0.0033,-11.44,-28.12,6.94,359.45,-84.9,-122.92
52.40307,-1.507786,148.79,4.62,4,328.8,23 / 26,93422,2019-09-08 10:09:20:046,0.2736,-0.0984,10.1618,0.0041,-0.0018,9.8066,-0.0054,0.0046,-0.0026,-11.37,-28.12,6.75,359.37,-84.89,-122.98
52.40307,-1.507786,148.79,4.62,4,328.8,23 / 26,93522,2019-09-08 10:09:20:146,0.5112,-0.479,9.5817,0.0036,-0.0036,9.8066,0.0167,-0.0108,-0.0006,-11.12,-28.19,7.13,358.76,-84.86,-123.46
52.40307,-1.507786,148.79,4.62,4,328.8,23 / 26,93621,2019-09-08 10:09:20:245,0.3029,-0.1591,10.0599,-0.0003,-0.0012,9.8066,0.0216,-0.0058,0.0122,-10.94,-28.62,6.63,358.57,-84.83,-123.61
52.40307,-1.507786,148.79,4.62,4,328.8,23 / 26,93721,2019-09-08 10:09:20:345,0.4179,-0.405,9.6483,-0.0007,0.0007,9.8066,-0.032,0.0121,-0.0048,-11.44,-28.25,7,358.69,-84.83,-123.52
52.40307,-1.507786,148.79,4.62,4,328.8,22 / 27,93821,2019-09-08 10:09:20:445,0.3824,-0.2358,9.9625,0.001,-0.0017,9.8066,-0.0127,-0.0009,-0.0126,-12.06,-28.62,6.31,351.03,-84.82,-123.76
52.40307,-1.507786,148.79,4.62,4,328.8,22 / 27,93922,2019-09-08 10:09:20:546,0.53,-0.4359,9.572,0.0009,-0.0018,9.8066,0.0176,-0.0202,0.0012,-11.69,-28.31,6.88,355.34,-84.78,-124.04
52.40307,-1.507786,148.79,4.62,4,328.8,22 / 27,94021,2019-09-08 10:09:20:645,0.3578,-0.1012,10.045,-0.0001,-0.0002,9.8066,0.0103,0.0138,-0.0012,-11.69,-28.37,7,355.09,-84.76,-124.24
52.40307,-1.507786,148.79,4.62,4,328.8,22 / 27,94122,2019-09-08 10:09:20:746,0.3944,-0.2795,9.6529,-0.0012,0.0003,9.8066,-0.0107,-0.0046,0.0014,-11,-28.69,7.06,357.76,-84.76,-124.25
52.40307,-1.507786,148.79,4.62,4,328.8,22 / 27,94222,2019-09-08 10:09:20:846,0.3355,-0.1533,10.1204,0.0017,-0.0016,9.8066,-0.0115,-0.0055,-0.0098,-10.81,-27.75,7.31,357.31,-84.73,-124.62
52.40307,-1.507786,148.79,4.62,4,328.8,22 / 27,94322,2019-09-08 10:09:20:946,0.2277,-0.1527,9.9943,0.0003,-0.0012,9.8066,0.0307,-0.0083,0.0102,-11.56,-28.69,7.31,354.42,-84.71,-124.74
52.40307,-1.507786,148.79,4.62,4,328.8,22 / 27,94421,2019-09-08 10:09:21:045,0.4821,-0.3589,9.7132,0.0006,0.0006,9.8066,0.0091,0.0061,0.0071,-11.5,-29,7.19,357.09,-84.71,-124.77
52.40307,-1.507786,148.79,4.62,4,328.8,22 / 27,94521,2019-09-08 10:09:21:145,0.3095,-0.0504,10.0883,0.0016,-0.001,9.8066,-0.0254,0.0082,-0.0072,-11.06,-28.25,7.31,356.93,-84.71,-124.92
52.40307,-1.507786,148.79,4.62,4,328.8,22 / 27,94621,2019-09-08 10:09:21:245,0.3786,-0.4564,9.5765,0.003,-0.0002,9.8066,-0.0099,-0.0165,-0.0082,-11.75,-28.87,6.63,354,-84.7,-125.08
52.40307,-1.507786,148.79,4.62,4,328.8,22 / 27,94722,2019-09-08 10:09:21:346,0.3307,-0.1012,10.106,-0.0008,-0.0004,9.8066,0.0167,-0.0118,0.0068,-11.62,-28.94,6.94,353.67,-84.68,-125.34
52.40307,-1.507786,148.79,4.62,4,328.8,24 / 26,94821,2019-09-08 10:09:21:445,0.4215,-0.3523,9.6234,-0.0008,0.0015,9.8066,-0.0055,0.0017,0.008,-11.25,-28.56,7.63,0.65,-84.66,-125.51
52.40307,-1.507786,148.79,4.62,4,328.8,24 / 26,94922,2019-09-08 10:09:21:546,0.4222,-0.4414,9.781,-0.0025,0.0029,9.8066,-0.0204,0.0045,-0.0087,-11.31,-28.69,7.44,356.19,-84.68,-125.48
52.40307,-1.507786,148.79,4.62,4,328.8,24 / 26,95021,2019-09-08 10:09:21:645,0.2867,-0.2553,9.8466,0.0042,-0.0028,9.8066,0.0162,-0.0192,-0.0026,-11,-28.5,6.94,356.01,-84.65,-125.64
52.40307,-1.507786,148.79,4.62,4,328.8,24 / 26,95121,2019-09-08 10:09:21:745,0.3574,-0.3382,9.846,0.0018,-0.0019,9.8066,0.0148,0.0124,0.0022,-11.37,-28.75,7.75,0.08,-84.61,-125.96
52.40307,-1.507786,148.79,4.62,4,328.8,24 / 26,95221,2019-09-08 10:09:21:845,0.2814,-0.0489,10.0702,0.0012,-0.0011,9.8066,-0.0086,0.0146,0.0032,-11.06,-28.75,7.31,355.58,-84.61,-125.95
52.40307,-1.507786,148.79,4.62,4,328.8,24 / 26,95322,2019-09-08 10:09:21:946,0.5366,-0.3909,9.625,0.0022,-0.002,9.8066,-0.0075,-0.0099,-0.002,-11.56,-28.37,7,352.82,-84.6,-126.05
52.40307,-1.507786,148.79,4.62,4,328.8,24 / 26,95422,2019-09-08 10:09:22:046,0.2228,-0.0304,10.0592,-0.0001,-0.0006,9.8066,0.0203,-0.0034,-0.0068,-11.44,-28.5,6.69,355.18,-84.58,-126.29
52.40307,-1.507786,148.79,4.62,4,328.8,24 / 26,95522,2019-09-08 10:09:22:146,0.3976,-0.3546,9.5784,0.0025,-0.0012,9.8066,-0.0042,0.0081,0.0106,-11.25,-29,7.25,354.89,-84.56,-126.48
52.40307,-1.507786,148.79,4.62,4,328.8,24 / 26,95621,2019-09-08 10:09:22:245,0.2706,0.0089,10.1664,0.0008,0.0006,9.8066,-0.0277,0.0043,-0.0076,-11.25,-28.75,7.13,354.83,-84.57,-126.53
52.40307,-1.507786,148.79,4.62,4,328.8,24 / 26,95721,2019-09-08 10:09:22:345,0.354,-0.2984,9.58,0.0017,-0.0028,9.8066,0.0109,-0.0217,-0.0002,-11.06,-28.69,7.56,358.82,-84.54,-126.96
52.40307,-1.507786,148.79,4.62,4,328.8,23 / 24,95821,2019-09-08 10:09:22:445,0.2302,-0.0376,10.0849,-0.001,0.002,9.8066,0.0186,-0.016,0.0086,-10.94,-28.75,7.44,354,-84.52,-127.17
52.40307,-1.507786,148.79,4.62,4,328.8,23 / 24,95922,2019-09-08 10:09:22:546,0.3453,-0.4623,9.56,0.0022,-0.001,9.8066,0.0056,0.0073,0.0051,-11.06,-28.44,6.88,353.9,-84.51,-127.29
52.40307,-1.507786,148.79,4.62,4,328.8,23 / 24,96022,2019-09-08 10:09:22:646,0.1576,-0.0104,10.1878,0.0021,-0.0022,9.8066,-0.0212,0.0047,-0.0013,-11.44,-27.94,7.38,353.35,-84.47,-127.72
52.40307,-1.507786,148.79,4.62,4,328.8,23 / 24,96121,2019-09-08 10:09:22:745,0.3968,-0.3775,9.5929,0.0002,0,9.8066,0.0006,-0.0125,-0.0076,-11.31,-28.81,6.88,353.17,-84.45,-127.8
52.40307,-1.507786,148.79,4.62,4,328.8,23 / 24,96221,2019-09-08 10:09:22:845,0.3386,-0.1936,9.8738,-0.0015,0.0015,9.8066,0.0299,-0.0096,0.0104,-11.31,-28.37,7.06,353.32,-84.46,-127.74
52.40307,-1.507786,148.79,4.62,4,328.8,23 / 24,96321,2019-09-08 10:09:22:945,0.1947,-0.244,9.9075,0.0044,-0.0034,9.8066,-0.0217,0.021,-0.0057,-11.56,-27.87,6.75,350.5,-84.45,-127.87
52.40307,-1.507786,148.79,4.62,4,328.8,23 / 24,96421,2019-09-08 10:09:23:045,0.3699,-0.2971,9.8251,0.0012,-0.0009,9.8066,-0.018,-0.0081,-0.0033,-11.12,-28.81,7.44,352.61,-84.41,-128.23
52.40307,-1.507786,148.79,4.62,4,328.8,23 / 24,96521,2019-09-08 10:09:23:145,0.1853,0.0709,10.2456,0.0011,0.0005,9.8066,0.0182,-0.0177,-0.0031,-10.87,-28.06,7.06,352.63,-84.4,-128.26
52.40307,-1.507786,148.79,4.62,4,328.8,23 / 24,96621,2019-09-08 10:09:23:245,0.4538,-0.4543,9.5168,0.0027,-0.0002,9.8066,0.0224,-0.0008,0.007,-11.37,-28.5,6.69,352.41,-84.41,-128.44
52.40307,-1.507786,148.79,4.62,4,328.8,23 / 24,96721,2019-09-08 10:09:23:345,0.1367,-0.0144,10.2,0.0021,-0.0018,9.8066,-0.0091,0.0086,0.0032,-11.44,-28.94,6.5,351.84,-84.38,-128.82
52.40307,-1.507786,148.79,4.62,4,328.8,23 / 24,96821,2019-09-08 10:09:23:445,0.4067,-0.2753,9.7547,0.0002,-0.0019,9.8066,-0.0243,0.0048,-0.0134,-10.5,-27.87,7.81,359.67,-84.36,-128.92
52.40307,-1.507786,148.79,4.62,4,328.8,24 / 28,96922,2019-09-08 10:09:23:546,0.4412,-0.4711,9.5304,-0.0022,0.0025,9.8066,0.0165,-0.0202,0.0012,-11.19,-28.75,7.25,351.76,-84.36,-128.87
52.40307,-1.507786,148.79,4.62,4,328.8,24 / 28,97021,2019-09-08 10:09:23:645,0.283,-0.1755,9.9792,-0.0013,0.0001,9.8066,0.0235,0.0034,0.0047,-11.37,-28.75,7.44,351.79,-84.37,-128.85
52.40307,-1.507786,148.79,4.62,4,328.8,24 / 28,97122,2019-09-08 10:09:23:746,0.3011,-0.2043,9.7349,0.0026,-0.002,9.8066,-0.0228,0.0129,0.0051,-11.25,-29,7.38,351.51,-84.35,-129.07
52.40307,-1.507786,148.79,4.62,4,328.8,24 / 28,97221,2019-09-08 10:09:23:845,0.3,-0.0519,10.0682,0.0017,-0.0009,9.8066,-0.0091,-0.0096,-0.0009,-11.44,-28.44,7.31,351.35,-84.32,-129.24
52.40307,-1.507786,148.79,4.62,4,328.8,24 / 28,97324,2019-09-08 10:09:23:948,0.197,-0.0814,10.1081,0.0014,0.0004,9.8066,0.0087,-0.0024,0.0032,-11.25,-28.62,7.25,351.15,-84.32,-129.34
52.40307,-1.507786,148.79,4.62,4,328.8,24 / 28,97422,2019-09-08 10:09:24:046,0.121,-0.0301,10.1227,0.0013,-0.0012,9.8066,-0.0088,0.0033,0.0081,-11.37,-28.37,6.88,351.06,-84.31,-129.47
52.40307,-1.507786,148.79,4.62,4,328.8,24 / 28,97521,2019-09-08 10:09:24:145,0.3745,-0.4881,9.5746,0.0005,-0.0016,9.8066,-0.0175,-0.0043,-0.0119,-11.5,-28.69,7.63,355.52,-84.29,-129.54
52.40307,-1.507786,148.79,4.62,4,328.8,24 / 28,97622,2019-09-08 10:09:24:246,0.0876,0.0514,10.1945,-0.0004,0.0008,9.8066,0.0252,-0.022,-0.0017,-11.06,-28.37,7.19,351.02,-84.28,-129.49
52.40307,-1.507786,148.79,4.62,4,328.8,24 / 28,97721,2019-09-08 10:09:24:345,0.3404,-0.1907,9.6288,0.0005,-0.0007,9.8066,0.0153,0.0049,0.0116,-11.06,-28.31,7.13,350.71,-84.28,-129.74
52.40307,-1.507786,148.79,4.62,4,328.8,24 / 28,97821,2019-09-08 10:09:24:445,0.2963,-0.1124,9.9758,0.0013,-0.0011,9.8066,-0.0151,0.0192,-0.0037,-10.94,-28.31,6.5,350.32,-84.25,-130.03
52.40307,-1.507786,148.79,4.62,4,328.8,22 / 25,97922,2019-09-08 10:09:24:546,0.428,-0.4681,9.484,0.0015,-0.0018,9.8066,-0.0254,-0.0024,-0.0143,-11.31,-28.31,6.5,350.04,-84.21,-130.24
52.40307,-1.507786,148.79,4.62,4,328.8,22 / 25,98021,2019-09-08 10:09:24:645,0.0685,0.104,10.2649,-0.0017,0.0003,9.8066,0.0119,-0.0123,-0.0074,-11.12,-28.62,7.31,349.92,-84.21,-130.25
52.40307,-1.507786,148.79,4.62,4,328.8,22 / 25,98121,2019-09-08 10:09:24:745,0.204,-0.0709,9.878,0.0028,0.0007,9.8066,0.0241,-0.008,0.0234,-11.44,-28.62,6.13,344.8,-84.23,-130.24
52.40307,-1.507786,148.79,4.62,4,328.8,22 / 25,98221,2019-09-08 10:09:24:845,0.3929,-0.227,9.7771,0.0021,-0.0024,9.8066,-0.0088,0.0165,0.0053,-11.44,-28.37,6.69,349.66,-84.2,-130.53
52.40307,-1.507786,148.79,4.62,4,328.8,22 / 25,98321,2019-09-08 10:09:24:945,0.1187,-0.0171,9.987,0.0013,-0.0007,9.8066,-0.0177,-0.0087,-0.0053,-11.06,-28.62,6.94,349.36,-84.18,-130.67
52.40307,-1.507786,148.79,4.62,4,328.8,22 / 25,98421,2019-09-08 10:09:25:045,0.3055,-0.4125,9.5503,-0.0014,0,9.8066,0.0038,-0.015,-0.0138,-11.25,-28.69,7.56,354.01,-84.17,-130.7
52.40307,-1.507786,148.79,4.62,4,328.8,22 / 25,98522,2019-09-08 10:09:25:146,0.0881,0.1052,10.2214,-0.0011,0.0024,9.8066,0.0354,-0.0028,0.0086,-11.31,-29.19,6.75,349.29,-84.18,-130.72
52.40307,-1.507786,148.79,4.62,4,328.8,22 / 25,98621,2019-09-08 10:09:25:245,0.3025,-0.2704,9.5715,0.0013,-0.0012,9.8066,-0.0012,0.017,0.0071,-11.56,-28.25,7.56,350.93,-84.17,-130.93
52.40307,-1.507786,148.79,4.62,4,328.8,22 / 25,98722,2019-09-08 10:09:25:346,0.2197,-0.1854,9.9457,0.0016,-0.0012,9.8066,-0.027,0.0027,-0.0048,-11.31,-28.12,7.56,353.6,-84.14,-131.05
52.40307,-1.507786,148.79,4.62,4,328.8,23 / 27,98821,2019-09-08 10:09:25:445,0.1075,-0.1047,9.7766,-0.0009,0.0006,9.8065,0.0101,-0.0186,-0.001,-11.31,-28,6.88,348.95,-84.14,-131.05
52.40307,-1.507786,148.79,4.62,4,328.8,23 / 27,98922,2019-09-08 10:09:25:546,0.1654,-0.0751,9.9987,0.0043,-0.0025,9.8066,-0.0039,0.0034,0.0071,-10.87,-28.31,7.94,353.62,-84.15,-131.04
52.40307,-1.507786,148.79,4.62,4,328.8,23 / 27,99021,2019-09-08 10:09:25:645,0.1405,-0.1114,10.0108,0.0021,-0.0021,9.8066,-0.0166,0.0074,0,-10.87,-28.37,7.25,348.54,-84.11,-131.37
52.40307,-1.507786,148.79,4.62,4,328.8,23 / 27,99121,2019-09-08 10:09:25:745,0.3226,-0.2268,9.7513,-0.0008,0,9.8066,0.0049,-0.01,-0.0063,-11.12,-28.56,7.06,348.32,-84.09,-131.43
52.40307,-1.507786,148.79,4.62,4,328.8,23 / 27,99222,2019-09-08 10:09:25:846,0.129,-0.1071,9.9428,0.0021,0.0002,9.8066,0.0207,-0.0068,0.004,-11.5,-28.25,7.25,348.41,-84.1,-131.46
52.40307,-1.507786,148.79,4.62,4,328.8,23 / 27,99322,2019-09-08 10:09:25:946,0.2946,-0.2872,9.612,0.0022,-0.0015,9.8066,-0.0042,0.0103,0.0029,-11,-28.19,7,348.3,-84.09,-131.54
52.40307,-1.507786,148.79,4.62,4,328.8,23 / 27,99421,2019-09-08 10:09:26:045,0.099,0.0641,10.1695,0.0004,-0.0016,9.8066,-0.0171,0.0006,-0.0078,-11.25,-28.94,6.63,347.92,-84.05,-131.72
52.40307,-1.507786,148.79,4.62,4,328.8,23 / 27,99521,2019-09-08 10:09:26:145,0.4639,-0.3745,9.5172,-0.0006,0.0017,9.8066,0.0161,-0.0106,0.0019,-10.81,-28.31,7,348.18,-84.05,-131.62
52.40307,-1.507786,148.79,4.62,4,328.8,23 / 27,99621,2019-09-08 10:09:26:245,0.127,-0.0516,10.12,-0.0012,0.0007,9.8066,0.0231,0.0001,0.0116,-11.5,-28.31,6.94,348.1,-84.07,-131.69
52.40307,-1.507786,148.79,4.62,4,328.8,23 / 27,99721,2019-09-08 10:09:26:345,0.3157,-0.2083,9.6824,0.0043,-0.0029,9.8066,-0.0328,0.0131,0.0023,-11.69,-28.06,7.13,344.98,-84.02,-132.08
52.40307,-1.507786,148.79,4.62,4,328.8,23 / 26,99821,2019-09-08 10:09:26:445,0.2859,-0.0805,9.9692,0.001,-0.0014,9.8066,-0.0293,-0.0071,-0.0055,-11.06,-28.81,7.38,347.34,-84.01,-132.15
52.40307,-1.507786,148.79,4.62,4,328.8,23 / 26,99921,2019-09-08 10:09:26:545,0.3634,-0.3415,9.5332,0.001,0.0002,9.8066,0.0316,-0.009,0.0014,-11.56,-28.12,7.63,349.47,-84.01,-132.05
52.40307,-1.507786,148.79,4.62,4,328.8,23 / 26,100021,2019-09-08 10:09:26:645,0.1827,-0.1038,10.0666,0.0029,-0.0003,9.8066,0.0237,-0.0011,0.0183,-11.56,-28.62,7.13,344.6,-84.01,-132.26
52.40307,-1.507786,148.79,4.62,4,328.8,23 / 26,100121,2019-09-08 10:09:26:745,0.0757,-0.078,9.7995,0.0012,-0.0013,9.8066,-0.0148,0.0227,-0.0031,-10.56,-28.25,7.06,347.1,-83.99,-132.42
52.40307,-1.507786,148.79,4.62,4,328.8,23 / 26,100221,2019-09-08 10:09:26:845,0.2834,-0.1243,9.9315,0,0.0002,9.8066,-0.0127,-0.015,-0.0028,-10.87,-28.37,7.06,346.91,-83.97,-132.56
52.40307,-1.507786,148.79,4.62,4,328.8,23 / 26,100321,2019-09-08 10:09:26:945,0.0548,-0.0248,10.032,-0.0015,0.0004,9.8066,0.014,-0.0055,-0.0014,-11.5,-28.81,7.19,346.91,-83.97,-132.46
52.40307,-1.507786,148.79,4.62,4,328.8,23 / 26,100421,2019-09-08 10:09:27:045,0.3409,-0.2494,9.7258,-0.0005,0.0025,9.8065,0.0171,0.0084,0.0102,-11.75,-28.75,6.88,344.1,-83.98,-132.63
52.40307,-1.507786,148.79,4.62,4,328.8,23 / 26,100522,2019-09-08 10:09:27:146,0.084,-0.0594,10.0087,0.0016,-0.0017,9.8066,-0.0256,0.008,-0.0113,-11.37,-28.75,6.25,341.19,-83.95,-132.81
52.40307,-1.507786,148.79,4.62,4,328.8,23 / 26,100622,2019-09-08 10:09:27:246,0.3046,-0.2687,9.571,-0.0016,0.0013,9.8066,-0.003,-0.0114,-0.0052,-11.06,-28.44,6.88,346.52,-83.95,-132.85
52.40307,-1.507786,148.79,4.62,4,328.8,23 / 26,100721,2019-09-08 10:09:27:345,0.0797,0.0677,10.2129,0.0021,-0.0001,9.8065,0.0224,-0.0026,0.0062,-11.56,-28.19,6.38,339.23,-83.96,-132.76
52.40307,-1.507786,148.79,4.62,4,328.8,22 / 26,100822,2019-09-08 10:09:27:446,0.3171,-0.3409,9.5451,0.0024,-0.0016,9.8066,-0.0176,0.0087,0.0062,-10.87,-28.81,7.13,346.1,-83.94,-133.07
52.40307,-1.507786,148.79,4.62,4,328.8,22 / 26,100921,2019-09-08 10:09:27:545,0.1535,-0.0683,9.8608,0.0021,-0.0007,9.8066,-0.0135,-0.0016,-0.0063,-11.19,-28.25,6.75,346.03,-83.92,-133.21
52.40307,-1.507786,148.79,4.62,4,328.8,22 / 26,101022,2019-09-08 10:09:27:646,0.2742,-0.3348,9.6287,0.0004,0.0006,9.8066,0.0048,-0.0188,-0.0024,-11.31,-28.25,6.81,346.07,-83.93,-133.19
52.40307,-1.507786,148.79,4.62,4,328.8,22 / 26,101122,2019-09-08 10:09:27:746,0.0278,0.0666,10.1567,-0.0002,0.0008,9.8066,0.0184,0.0138,0.0125,-11,-28.5,6.56,346.07,-83.93,-133.19
52.40307,-1.507786,148.79,4.62,4,328.8,22 / 26,101221,2019-09-08 10:09:27:845,0.3103,-0.2295,9.611,0.0012,-0.0008,9.8066,-0.0178,0.0117,0.0033,-10.94,-28.81,7.06,345.78,-83.92,-133.3
52.40307,-1.507786,148.79,4.62,4,328.8,22 / 26,101321,2019-09-08 10:09:27:945,0.0996,-0.0195,10.1148,0,-0.0004,9.8066,-0.0147,-0.004,-0.0147,-11.25,-28.81,7.13,345.74,-83.89,-133.31
52.40307,-1.507786,148.79,4.62,4,328.8,22 / 26,101421,2019-09-08 10:09:28:045,0.1538,-0.1986,9.6434,-0.0033,0.0024,9.8066,0.0311,-0.0159,0.0028,-11,-28.5,6.94,346.07,-83.92,-133.18
52.40307,-1.507786,148.79,4.62,4,328.8,22 / 26,101521,2019-09-08 10:09:28:145,0.1809,-0.115,10.021,0.0006,-0.0015,9.8065,0.0067,0.0183,0.0014,-11.62,-28.44,7.13,343.35,-83.91,-133.31
52.40307,-1.507786,148.79,4.62,4,328.8,22 / 26,101621,2019-09-08 10:09:28:245,0.0689,-0.0458,10.0617,0.0012,-0.0001,9.8066,-0.0133,0.0032,0.0049,-11.19,-28.31,7.25,345.61,-83.89,-133.52
52.40307,-1.507786,148.79,4.62,4,328.8,22 / 26,101721,2019-09-08 10:09:28:345,0.3683,-0.2884,9.629,0,0.0006,9.8066,-0.0064,-0.0112,-0.0085,-11.25,-28.19,7.13,345.54,-83.88,-133.57
52.40307,-1.507786,148.79,4.62,4,328.8,22 / 25,101821,2019-09-08 10:09:28:445,0.0552,-0.0154,10.0405,0.0014,0.0003,9.8066,0.013,-0.0054,0.0017,-11.37,-28.25,7,345.68,-83.89,-133.47
52.40307,-1.507786,148.79,4.62,4,328.8,22 / 25,101922,2019-09-08 10:09:28:546,0.2565,-0.2913,9.5737,0.0006,-0.0015,9.8066,-0.0013,0.0149,0.0099,-11.12,-28.31,7.69,350.2,-83.9,-133.64
52.40307,-1.507786,148.79,4.62,4,328.8,22 / 25,102021,2019-09-08 10:09:28:645,0.1598,0.1151,10.1455,-0.0006,-0.0005,9.8066,-0.0165,0.0107,-0.0096,-10.94,-28.56,6.44,339.9,-83.87,-133.73
52.40307,-1.507786,148.79,4.62,4,328.8,22 / 25,102121,2019-09-08 10:09:28:745,0.3173,-0.3235,9.5118,-0.0007,0.0004,9.8066,0.0079,-0.0195,0.0028,-11.37,-28.56,7.19,345.29,-83.87,-133.64
52.40307,-1.507786,148.79,4.62,4,328.8,22 / 25,102221,2019-09-08 10:09:28:845,0.2629,-0.2722,9.7617,-0.0008,0.0002,9.8066,0.0326,-0.0061,0.0081,-11.5,-28.62,7.75,350.05,-83.86,-133.66
52.40307,-1.507786,148.79,4.62,4,328.8,22 / 25,102322,2019-09-08 10:09:28:946,0.0903,0.1043,10.0185,0.0023,-0.0012,9.8066,-0.0027,0.0062,0.018,-11.25,-28.5,7.25,345.35,-83.85,-133.71
52.40307,-1.507786,148.79,4.62,4,328.8,22 / 25,102422,2019-09-08 10:09:29:046,0.332,-0.1995,9.693,0.0007,-0.0028,9.8066,-0.0298,0.0042,-0.0037,-11.06,-28.37,7,345.15,-83.81,-133.84
52.40307,-1.507786,148.79,4.62,4,328.8,22 / 25,102522,2019-09-08 10:09:29:146,0.1546,0.0671,10.2775,-0.0004,0.0005,9.8066,0.0252,-0.023,-0.0086,-10.81,-27.69,6.88,345.32,-83.8,-133.7
52.40307,-1.507786,148.79,4.62,4,328.8,22 / 25,102622,2019-09-08 10:09:29:246,0.619,-0.4071,9.4,0.0037,-0.0007,9.8066,0.0485,-0.0075,0.0017,-11.06,-28,7.13,345.11,-83.81,-133.86
52.40307,-1.507786,148.79,4.62,4,328.8,22 / 25,102722,2019-09-08 10:09:29:346,0.5044,-0.02,10.1856,-0.0001,0.0019,9.8066,0.028,0.0039,0.0239,-11.31,-27.94,6.44,339.4,-83.78,-134.21
52.40307,-1.507786,148.79,4.62,4,328.8,22 / 25,102822,2019-09-08 10:09:29:446,0.2188,0.1579,10.4521,0.0024,-0.0011,9.8065,-0.0063,0.0133,-0.0028,-11.62,-28.19,7.13,341.65,-83.74,-134.53
52.40307,-1.507786,148.79,4.62,4,328.8,23 / 26,102921,2019-09-08 10:09:29:545,0.7675,-0.4976,9.6143,-0.0008,0.0012,9.8066,-0.0178,-0.0007,-0.0242,-10.94,-28.31,6.5,343.76,-83.7,-134.84
52.40307,-1.507786,148.79,4.62,4,328.8,23 / 26,103021,2019-09-08 10:09:29:645,0.2935,-0.0665,10.0037,-0.0016,0.003,9.8066,0.0262,0.0116,-0.0026,-10.87,-28.62,6.88,343.55,-83.72,-134.88
52.40307,-1.507786,148.79,4.62,4,328.8,23 / 26,103121,2019-09-08 10:09:29:745,1.1693,-0.6001,9.8534,0.0038,-0.0055,9.8066,-0.0127,0.0101,-0.0179,-11.37,-28,6.94,343.48,-83.7,-135.06
52.40307,-1.507786,148.79,4.62,4,328.8,23 / 26,103222,2019-09-08 10:09:29:846,1.0827,-0.2627,10.0432,0.0029,-0.0005,9.8066,-0.0053,0.044,-0.0176,-10.87,-28.37,7.44,342.95,-83.64,-135.42
52.40307,-1.507786,148.79,4.62,4,328.8,23 / 26,103321,2019-09-08 10:09:29:945,1.185,-0.6274,9.965,0.0076,-0.0028,9.8066,0.0063,0.0384,-0.0076,-10.87,-28.25,7.25,341.79,-83.58,-136.26
52.40307,-1.507786,148.79,4.62,4,328.8,23 / 26,103421,2019-09-08 10:09:30:045,2.2393,-1.1508,9.6652,0.0113,-0.0031,9.8066,0.0063,0.0252,-0.0029,-11.31,-28.5,7.44,340.83,-83.52,-136.96
52.40307,-1.507786,148.79,4.62,4,328.8,23 / 26,103522,2019-09-08 10:09:30:146,1.1628,-0.3068,10.0604,0.0066,-0.0003,9.8066,0.0155,0.0415,-0.0345,-10.87,-28.12,7.06,339.76,-83.45,-137.73
52.40307,-1.507786,148.79,4.62,4,328.8,23 / 26,103622,2019-09-08 10:09:30:246,1.4512,-0.7178,9.9483,0.0182,-0.008,9.8066,0.0185,0.0684,-0.0233,-10.75,-28.37,7.44,337.82,-83.33,-139.11
52.40307,-1.507786,148.79,4.62,4,328.8,23 / 26,103721,2019-09-08 10:09:30:345,1.8391,-0.5145,9.9784,0.0055,0.0026,9.8066,0.0572,0.0681,0.0065,-10.69,-28,7.25,336.78,-83.3,-139.87
52.40307,-1.507786,148.79,4.62,4,328.8,23 / 26,103821,2019-09-08 10:09:30:445,1.7849,-0.331,9.9104,0.0025,-0.0005,9.8066,0.0043,0.1047,-0.0334,-10.56,-28.5,7.81,340.53,-83.25,-140.75
52.40307,-1.507786,148.79,4.62,4,328.8,23 / 26,103922,2019-09-08 10:09:30:546,1.2777,-0.3713,9.8099,0.0012,0.0036,9.8065,0.031,0.1155,-0.0117,-10.56,-27.94,8.63,344.21,-83.29,-141.38
52.40307,-1.507786,148.79,4.62,4,328.8,23 / 26,104021,2019-09-08 10:09:30:645,2.9702,-1.6586,9.3001,-0.0026,0.0082,9.8066,0.0294,0.1459,-0.0217,-9.81,-28.25,8.56,346.88,-83.29,-141.85
52.40307,-1.507786,148.79,4.62,4,328.8,23 / 26,104122,2019-09-08 10:09:30:746,2.5095,-1.2978,9.9122,0.0123,-0.0175,9.8066,0.0289,0.1366,0.0112,-9.44,-28.06,8.63,349.96,-83.24,-142.38
52.40307,-1.507786,148.79,4.62,4,328.8,23 / 26,104221,2019-09-08 10:09:30:845,2.4431,-1.0438,9.7889,0.0083,-0.0101,9.8066,0.0014,0.1725,-0.0391,-9.87,-27.44,8.63,345.06,-83,-143.2
52.40307,-1.507786,148.79,4.62,4,328.8,23 / 26,104322,2019-09-08 10:09:30:946,2.2338,-1.4468,9.668,-0.0003,-0.0041,9.8066,0.0234,0.1834,-0.0414,-10.31,-27.25,9.25,344.32,-82.94,-143.72
52.40307,-1.507786,148.79,4.62,4,328.8,23 / 26,104422,2019-09-08 10:09:31:046,2.323,-1.4889,9.6962,0.0022,0.0084,9.8066,0.0335,0.174,-0.0539,-9.44,-28.25,9.5,351.65,-82.95,-144.18
52.40307,-1.507786,148.79,4.62,4,328.8,23 / 26,104521,2019-09-08 10:09:31:145,1.7246,-0.3007,9.6377,0.0017,0.0145,9.8066,0.0834,0.2054,-0.0787,-9.5,-27.81,9.81,350.56,-83.04,-145.01
52.40307,-1.507786,148.79,4.62,4,328.8,23 / 26,104621,2019-09-08 10:09:31:245,2.1412,-0.515,9.9467,0.0007,0.0077,9.8066,0.0561,0.2162,-0.0006,-9.44,-28.37,10,349.64,-83.04,-145.7
52.40307,-1.507786,148.79,4.62,4,328.8,23 / 26,104722,2019-09-08 10:09:31:346,2.1341,-0.4785,9.4124,0.0096,-0.0046,9.8066,-0.0334,0.2619,-0.0214,-8.81,-28.06,10.31,348.01,-83,-146.89
52.403145,-1.507829,148.97,2.09,2,299.53,26 / 28,104821,2019-09-08 10:09:31:445,2.0765,-0.6317,10.0445,0.0056,-0.0081,9.8066,-0.0328,0.2417,-0.0295,-8.56,-27.62,10.63,351.22,-82.93,-147.3
52.403145,-1.507829,148.97,2.09,2,299.53,26 / 28,104922,2019-09-08 10:09:31:546,1.4563,-0.3422,9.8547,0.0016,0.0146,9.8065,-0.0133,0.2399,-0.0617,-9,-27.81,12.06,354.04,-82.96,-147.69
52.403145,-1.507829,148.97,2.09,2,299.53,26 / 28,105022,2019-09-08 10:09:31:646,1.7742,-0.1894,9.9728,-0.009,0.0055,9.8066,-0.0363,0.2663,-0.0244,-8.37,-28.62,12.13,358.44,-83.03,-147.48
52.403145,-1.507829,148.97,2.09,2,299.53,26 / 28,105121,2019-09-08 10:09:31:745,1.645,-0.5113,9.8769,-0.003,0.0065,9.8066,0.0349,0.3179,-0.063,-8.25,-28.44,12,358.55,-83.02,-147.4
52.403145,-1.507829,148.97,2.09,2,299.53,26 / 28,105221,2019-09-08 10:09:31:845,1.7283,-0.5188,9.8612,0.018,-0.0009,9.8066,0.0587,0.2942,-0.0609,-8.06,-28.44,12.38,357.19,-83.02,-148.44
52.403145,-1.507829,148.97,2.09,2,299.53,26 / 28,105321,2019-09-08 10:09:31:945,1.4566,0.0195,10.1974,0.0125,0.0006,9.8066,0.017,0.2746,-0.0419,-8.06,-27.81,13.5,0.53,-83.13,-149.84
52.403145,-1.507829,148.97,2.09,2,299.53,26 / 28,105421,2019-09-08 10:09:32:045,2.5454,-0.3448,9.5993,0.0085,0.0156,9.8066,-0.0081,0.3378,-0.0708,-7.25,-27.75,13.44,0.39,-83.3,-151.4
52.403145,-1.507829,148.97,2.09,2,299.53,26 / 28,105521,2019-09-08 10:09:32:145,1.8246,-0.2586,10.083,0.0068,0.0014,9.8066,-0.0131,0.3137,-0.0552,-6.75,-28,14.5,3.2,-83.44,-152.42
52.403145,-1.507829,148.97,2.09,2,299.53,26 / 28,105622,2019-09-08 10:09:32:246,1.9249,-0.7958,9.8541,0.0105,0.0074,9.8066,-0.0022,0.3461,-0.0926,-6.37,-27.75,14.06,4.02,-83.62,-153.63
52.403145,-1.507829,148.97,2.09,2,299.53,26 / 28,105722,2019-09-08 10:09:32:346,1.938,-0.3894,9.5225,0.0085,0.001,9.8066,-0.0213,0.3475,-0.0695,-6.37,-28.25,14.69,4.82,-83.59,-154.34
52.403145,-1.507829,148.97,2.09,2,299.53,25 / 27,105822,2019-09-08 10:09:32:446,2.345,-0.2674,9.4916,0.0065,0.0138,9.8065,-0.0148,0.3385,-0.0677,-6.06,-28.19,15.75,4.78,-83.62,-155.56
52.403145,-1.507829,148.97,2.09,2,299.53,25 / 27,105921,2019-09-08 10:09:32:545,2.0568,-0.6368,9.6402,0.0035,0.0097,9.8066,0.0135,0.3591,-0.0894,-5.5,-28.75,16.31,7.42,-83.69,-156.68
52.403145,-1.507829,148.97,2.09,2,299.53,25 / 27,106022,2019-09-08 10:09:32:646,2.0057,-0.6249,10.1077,0.0084,-0.0049,9.8066,0.0003,0.3829,-0.0676,-5.25,-29.25,16.75,7.12,-83.71,-157.81
52.403145,-1.507829,148.97,2.09,2,299.53,25 / 27,106121,2019-09-08 10:09:32:745,2.2248,-0.3504,9.7426,0.0231,0.0001,9.8066,-0.0219,0.3977,-0.0966,-5.31,-28.5,17.5,5.36,-83.7,-160.03
52.403145,-1.507829,148.97,2.09,2,299.53,25 / 27,106221,2019-09-08 10:09:32:845,2.2146,0.0774,9.8356,0.0004,0.0099,9.8066,0.0175,0.3718,-0.0429,-4.87,-28,19.44,3.81,-83.93,-162.04
52.403145,-1.507829,148.97,2.09,2,299.53,25 / 27,106322,2019-09-08 10:09:32:946,2.4462,-0.6594,9.8604,0.0159,-0.0005,9.8066,-0.0581,0.3796,-0.0804,-5.75,-28.81,20.31,359.87,-83.93,-163.41
52.403145,-1.507829,148.97,2.09,2,299.53,25 / 27,106422,2019-09-08 10:09:33:046,1.6395,-0.6674,9.9443,0.0004,0.0065,9.8066,-0.042,0.3723,-0.0546,-5.62,-28,22,0.31,-83.84,-164.48
52.403145,-1.507829,148.97,2.09,2,299.53,25 / 27,106521,2019-09-08 10:09:33:145,2.035,-0.0673,9.7936,0.0056,0.0114,9.8066,-0.0178,0.3632,-0.0469,-5.31,-27.19,22.88,2.14,-83.8,-165.87
52.403145,-1.507829,148.97,2.09,2,299.53,25 / 27,106622,2019-09-08 10:09:33:246,2.1113,-0.6311,9.21,0.0039,0.0017,9.8066,-0.0177,0.3724,-0.057,-5.31,-26.25,23.69,1.46,-83.74,-166.95
52.403145,-1.507829,148.97,2.09,2,299.53,25 / 27,106722,2019-09-08 10:09:33:346,1.3394,-0.7085,9.7205,0.0083,0.0092,9.8066,0.0099,0.3392,-0.0488,-5.87,-25.31,23.63,358.34,-83.77,-167.43
52.403145,-1.507829,148.97,2.09,2,299.53,25 / 28,106822,2019-09-08 10:09:33:446,1.8277,0.5154,10.119,0.0101,0.0005,9.8066,0.0679,0.3226,-0.0562,-5.44,-25.06,24.13,358.76,-83.81,-169.33
52.403145,-1.507829,148.97,2.09,2,299.53,25 / 28,106921,2019-09-08 10:09:33:545,1.3341,-0.0182,9.7574,0.0051,-0.0034,9.8066,-0.0118,0.2513,-0.0201,-6.19,-24.87,24.81,356.59,-83.87,-169.54
52.403145,-1.507829,148.97,2.09,2,299.53,25 / 28,107021,2019-09-08 10:09:33:645,1.0344,-0.0552,9.8674,0,0.0093,9.8066,0.0124,0.2676,-0.0618,-6.5,-24.5,23.5,355.42,-83.91,-170.05
52.403145,-1.507829,148.97,2.09,2,299.53,25 / 28,107121,2019-09-08 10:09:33:745,1.2273,-1.2214,9.44,0.0074,-0.0055,9.8066,-0.0516,0.2525,-0.0141,-5.37,-23.87,23.75,357.04,-83.86,-170.86
52.403145,-1.507829,148.97,2.09,2,299.53,25 / 28,107221,2019-09-08 10:09:33:845,0.5248,-0.137,9.6418,0.002,0.0124,9.8066,-0.0568,0.1741,-0.0045,-5.87,-24.12,24,354.06,-83.84,-171.25
52.403145,-1.507829,148.97,2.09,2,299.53,25 / 28,107321,2019-09-08 10:09:33:945,0.2219,-0.5729,10.1153,-0.0041,0.0223,9.8065,-0.0077,0.2115,-0.0419,-5.87,-25,23.44,352.73,-83.88,-171.79
52.403145,-1.507829,148.97,2.09,2,299.53,25 / 28,107421,2019-09-08 10:09:34:045,1.1419,-0.8714,9.938,0.0001,0.0001,9.8066,-0.0811,0.1444,0.004,-5.12,-25.56,23.13,355.92,-83.85,-171.31
52.403145,-1.507829,148.97,2.09,2,299.53,25 / 28,107522,2019-09-08 10:09:34:146,0.5976,-0.4886,9.4412,-0.0147,0.0068,9.8066,0.0611,0.0483,0.0424,-5.5,-26.62,23.13,357.09,-83.88,-170.27
52.403145,-1.507829,148.97,2.09,2,299.53,25 / 28,107622,2019-09-08 10:09:34:246,0.2039,-1.038,9.9918,-0.0001,-0.0167,9.8066,0.0498,0.1117,-0.0657,-5.44,-27.56,23.19,358.02,-83.93,-169.45
52.403145,-1.507829,148.97,2.09,2,299.53,25 / 28,107721,2019-09-08 10:09:34:345,-0.5178,-1.1079,9.9598,0.0057,-0.0181,9.8065,-0.0196,0.0651,-0.0227,-4.62,-27.62,23.75,359.19,-83.83,-168.94
52.403145,-1.507829,148.97,2.09,2,299.53,26 / 28,107822,2019-09-08 10:09:34:446,-0.6062,-0.888,9.6187,-0.0129,0.0098,9.8066,0.0007,-0.015,0.066,-5.37,-29,24.38,1.07,-83.9,-167.3
52.403145,-1.507829,148.97,2.09,2,299.53,26 / 28,107922,2019-09-08 10:09:34:546,-0.3379,0.2001,10.2237,-0.0046,-0.0035,9.8066,0.0945,-0.0665,0.0635,-5.06,-29,24.88,2.23,-83.82,-166.75
52.403145,-1.507829,148.97,2.09,2,299.53,26 / 28,108021,2019-09-08 10:09:34:645,-1.0718,-1.36,9.7879,-0.0019,-0.0292,9.8065,0.0371,-0.0604,0.0041,-5.25,-28.69,26.06,3.1,-83.8,-166.4
52.403145,-1.507829,148.97,2.09,2,299.53,26 / 28,108121,2019-09-08 10:09:34:745,-1.0357,-0.8108,9.794,-0.0074,-0.0142,9.8066,0.0773,-0.128,0.0457,-5.69,-28.19,26.56,2.03,-83.61,-165.68
52.403145,-1.507829,148.97,2.09,2,299.53,26 / 28,108221,2019-09-08 10:09:34:845,-1.6474,-1.0188,9.5416,-0.0099,-0.0054,9.8066,0.025,-0.1052,0.0257,-5.31,-27.44,27.25,4.81,-83.54,-165.26
52.403145,-1.507829,148.97,2.09,2,299.53,26 / 28,108321,2019-09-08 10:09:34:945,-1.3241,0.1137,9.8041,-0.0111,0.0143,9.8066,0.0292,-0.1719,0.0722,-5.87,-27.75,27,4.04,-83.5,-163.92
52.403145,-1.507829,148.97,2.09,2,299.53,26 / 28,108421,2019-09-08 10:09:35:045,-1.7864,-1.4149,9.955,-0.0007,-0.015,9.8066,-0.0072,-0.1891,0.0526,-4.87,-27.06,26.63,6,-83.29,-164.23
52.403145,-1.507829,148.97,2.09,2,299.53,26 / 28,108522,2019-09-08 10:09:35:146,-1.4505,-1.1566,10.0181,-0.0147,-0.0073,9.8066,-0.031,-0.2384,0.0547,-5.31,-27.31,26.25,6.77,-83.17,-163.21
52.403145,-1.507829,148.97,2.09,2,299.53,26 / 28,108622,2019-09-08 10:09:35:246,-2.7048,-1.1761,10.2849,-0.0089,0.0002,9.8066,-0.0482,-0.2592,0.0484,-5.19,-26.94,25.56,8.21,-83.03,-161.98
52.403145,-1.507829,148.97,2.09,2,299.53,26 / 28,108722,2019-09-08 10:09:35:346,-2.8237,-0.6064,9.593,0.0039,0.0048,9.8066,-0.0167,-0.2457,0.0072,-5.31,-26.37,25.38,7.76,-83.03,-161.95
52.403145,-1.507829,148.97,2.09,2,299.53,24 / 27,108821,2019-09-08 10:09:35:445,-1.9146,-0.4113,9.9302,0.013,0.0104,9.8066,-0.0496,-0.2068,-0.0487,-4.81,-27,24.06,5.77,-83.17,-163.26
52.403145,-1.507829,148.97,2.09,2,299.53,24 / 27,108922,2019-09-08 10:09:35:546,-2.4058,0.2145,10.1812,0.0167,0.0021,9.8066,0.0121,-0.2695,-0.0182,-3.81,-27.06,23.81,6.63,-83.3,-164.81
52.403145,-1.507829,148.97,2.09,2,299.53,24 / 27,109021,2019-09-08 10:09:35:645,-2.751,0.0234,10.4628,0.023,-0.0118,9.8066,0.032,-0.3052,-0.0335,-4.5,-26.56,22.69,3.93,-83.18,-166.77
52.403145,-1.507829,148.97,2.09,2,299.53,24 / 27,109122,2019-09-08 10:09:35:746,-3.0979,-0.4579,9.805,0.0247,-0.0226,9.8065,0.0815,-0.2983,-0.0711,-3.75,-26.5,22.13,0.76,-83,-169.05
52.403145,-1.507829,148.97,2.09,2,299.53,24 / 27,109221,2019-09-08 10:09:35:845,-2.7196,-1.0013,9.0397,0.0189,-0.0075,9.8066,0.0632,-0.3268,-0.0264,-3.06,-26.81,22.44,0.7,-82.94,-171.64
52.403145,-1.507829,148.97,2.09,2,299.53,24 / 27,109321,2019-09-08 10:09:35:945,-2.3708,-0.7655,9.1374,0.0001,-0.0025,9.8066,-0.1619,-0.3169,0.0723,-3.44,-26.62,21.69,359.02,-82.98,-173.07
52.403145,-1.507829,148.97,2.09,2,299.53,24 / 27,109422,2019-09-08 10:09:36:046,-2.4679,-0.4126,9.7507,-0.0151,0.0537,9.8064,-0.1876,-0.2948,0.0589,-3.37,-26.5,20.31,358.79,-83.16,-172.48
52.403145,-1.507829,148.97,2.09,2,299.53,24 / 27,109521,2019-09-08 10:09:36:145,-1.901,-0.1497,9.2984,-0.002,0.0334,9.8065,0.1046,-0.3993,0.0777,-3.19,-26.69,19.13,359.57,-83.57,-171.38
52.403145,-1.507829,148.97,2.09,2,299.53,24 / 27,109621,2019-09-08 10:09:36:245,-3.0282,-1.2781,9.7067,-0.0105,-0.0254,9.8065,0.1166,-0.4046,0.0809,-2.62,-26.5,19,0.31,-83.31,-170.77
52.403145,-1.507829,148.97,2.09,2,299.53,24 / 27,109722,2019-09-08 10:09:36:346,-3.2686,-1.9937,9.792,-0.0107,-0.036,9.8065,-0.1137,-0.3041,0.0053,-3.62,-27.56,17.94,356.97,-83.02,-169.92
52.403145,-1.507829,148.97,2.09,2,299.53,26 / 28,109822,2019-09-08 10:09:36:446,-1.8567,-1.3973,9.552,0.0091,0.0443,9.8065,-0.1761,-0.3475,0.0302,-3.62,-26.81,17.88,358,-82.88,-169.09
52.403145,-1.507829,148.97,2.09,2,299.53,26 / 28,109922,2019-09-08 10:09:36:546,-3.4737,-0.17,9.4597,-0.0264,0.0323,9.8065,0.1362,-0.3114,0.0656,-3.62,-27.5,17.19,358.07,-83.21,-168.32
52.403145,-1.507829,148.97,2.09,2,299.53,26 / 28,110021,2019-09-08 10:09:36:645,-2.0408,-0.9775,9.7301,-0.0169,0.0139,9.8065,0.0701,-0.3242,0.0349,-3.69,-27.06,16.88,359.17,-83.17,-167.43
52.403145,-1.507829,148.97,2.09,2,299.53,26 / 28,110121,2019-09-08 10:09:36:745,-2.9284,-0.8858,9.2907,-0.0061,-0.0069,9.8066,-0.1111,-0.356,0.0516,-3.69,-27.75,16.19,359.07,-83.1,-166.7
52.403145,-1.507829,148.97,2.09,2,299.53,26 / 28,110222,2019-09-08 10:09:36:846,-1.9982,0.3018,10.2759,-0.0103,-0.0461,9.8065,-0.162,-0.2424,-0.0265,-4.5,-27.37,14.31,358.92,-82.84,-164.88
52.403145,-1.507829,148.97,2.09,2,299.53,26 / 28,110322,2019-09-08 10:09:36:946,-2.618,-1.1995,10.2681,-0.0001,-0.0178,9.8066,0.0721,-0.3272,0.0565,-4.31,-27.94,14.63,359.81,-82.75,-165.21
52.403145,-1.507829,148.97,2.09,2,299.53,26 / 28,110421,2019-09-08 10:09:37:045,-3.3343,-2.0643,10.0169,-0.0006,-0.0408,9.8065,0.0171,-0.2455,0.0621,-5.5,-27.62,14.19,354.35,-82.32,-164.53
52.403145,-1.507829,148.97,2.09,2,299.53,26 / 28,110521,2019-09-08 10:09:37:145,-3.2583,-3.2974,10.5682,-0.0159,-0.0188,9.8066,0.0118,-0.2641,0.0184,-5.75,-27.69,13.94,351.45,-81.94,-163.08
52.403145,-1.507829,148.97,2.09,2,299.53,26 / 28,110621,2019-09-08 10:09:37:245,-2.1852,-0.285,10.5266,-0.002,-0.0046,9.8066,-0.0184,-0.2402,0.0173,-5.75,-28.06,13.19,348.86,-81.83,-163.18
52.403145,-1.507829,148.97,2.09,2,299.53,26 / 28,110721,2019-09-08 10:09:37:345,-2.0362,-1.9197,10.1408,0.0094,-0.0383,9.8065,0.0024,-0.246,0.0488,-6.19,-27.75,13,349.08,-81.74,-162.98
52.403145,-1.507829,148.97,2.09,2,299.53,26 / 28,110821,2019-09-08 10:09:37:445,-0.976,-1.9704,10.1271,0.0119,-0.0415,9.8065,0.0271,-0.1961,0.0295,-6.19,-27.94,12.38,345.48,-81.19,-163.19
52.403145,-1.507829,148.97,2.09,2,299.53,24 / 26,110922,2019-09-08 10:09:37:546,-2.2578,-2.3128,10.3353,0.0185,-0.0258,9.8066,-0.1595,-0.132,-0.0228,-6.94,-27.81,12.69,343.01,-81.11,-163.58
52.403145,-1.507829,148.97,2.09,2,299.53,24 / 26,111021,2019-09-08 10:09:37:645,-2.1556,-0.5632,10.59,0.0104,-0.0164,9.8065,-0.0665,-0.1588,0.0365,-6.87,-27.69,11.5,338.28,-80.94,-164.46
52.403145,-1.507829,148.97,2.09,2,299.53,24 / 26,111121,2019-09-08 10:09:37:745,-0.6675,-0.9268,9.1808,0.0015,-0.0046,9.8066,0.0036,-0.2141,0.0736,-7.56,-28.5,11.75,333.7,-80.88,-164.47
52.403145,-1.507829,148.97,2.09,2,299.53,24 / 26,111221,2019-09-08 10:09:37:845,-0.1913,-0.4966,9.4982,0.0029,-0.0153,9.8066,-0.0439,-0.0772,-0.0593,-8.06,-28.87,10.56,329.56,-80.68,-163.98
52.403145,-1.507829,148.97,2.09,2,299.53,24 / 26,111321,2019-09-08 10:09:37:945,-0.439,-0.6453,9.9422,-0.0043,0.0098,9.8066,-0.0457,-0.1404,-0.0004,-7.75,-28.62,11.38,329.5,-80.7,-164.03
52.403145,-1.507829,148.97,2.09,2,299.53,24 / 26,111421,2019-09-08 10:09:38:045,-0.1643,-0.3885,9.7103,-0.0022,-0.0056,9.8066,-0.0618,-0.0498,-0.05,-8.44,-28.44,10.31,325.71,-80.81,-163.89
52.403145,-1.507829,148.97,2.09,2,299.53,24 / 26,111521,2019-09-08 10:09:38:145,0.3237,-0.771,9.6521,0.003,0.0067,9.8066,0.0239,-0.0912,0.0254,-9.37,-28.94,9.81,320.78,-80.81,-164.24
52.403145,-1.507829,148.97,2.09,2,299.53,24 / 26,111621,2019-09-08 10:09:38:245,-0.0236,0.0031,9.8568,-0.0034,0.0045,9.8066,0.0278,-0.0264,-0.0109,-8.69,-28.62,10.13,319.81,-80.79,-164.91
52.403145,-1.507829,148.97,2.09,2,299.53,24 / 26,111721,2019-09-08 10:09:38:345,-0.0853,-0.5324,9.9637,0.019,0.0017,9.8066,-0.0201,0.0017,-0.0053,-9.31,-29.12,11.19,322.61,-80.67,-166.1
52.403145,-1.507829,148.97,2.09,2,299.53,24 / 26,111821,2019-09-08 10:09:38:445,0.3962,-0.0553,10.1316,0.009,-0.002,9.8066,-0.0107,0.0054,-0.0226,-9.44,-28.81,10.81,321.62,-80.62,-166.74
52.403145,-1.507829,148.97,2.09,2,299.53,26 / 28,111922,2019-09-08 10:09:38:546,0.2423,1.4381,8.8852,-0.0241,0.0349,9.8065,0.1045,0.0032,-0.0419,-9.62,-29.25,11.31,317.6,-80.55,-167.18
52.403145,-1.507829,148.97,2.09,2,299.53,26 / 28,112021,2019-09-08 10:09:38:645,0.2449,1.3534,8.8756,-0.0237,0.0043,9.8066,0.0313,0.0408,-0.0387,-9.44,-28.5,11,321.96,-80.75,-167.07
52.403145,-1.507829,148.97,2.09,2,299.53,26 / 28,112122,2019-09-08 10:09:38:746,-0.8453,0.1217,9.9066,-0.0268,0.0008,9.8066,-0.0317,0.0299,-0.0282,-9.81,-28.44,10.44,315.55,-80.96,-166.43
52.403145,-1.507829,148.97,2.09,2,299.53,26 / 28,112222,2019-09-08 10:09:38:846,-0.1774,1.0831,10.1088,-0.0254,0.0106,9.8066,0.0754,0.1107,-0.0603,-9.19,-28.62,10.38,320.28,-81.28,-165.29
52.403145,-1.507829,148.97,2.09,2,299.53,26 / 28,112321,2019-09-08 10:09:38:945,-1.027,0.6054,10.0928,-0.0307,0.0106,9.8065,0.1367,0.0453,-0.0355,-9.81,-28.37,11.06,323.64,-81.26,-163.96
52.403145,-1.507829,148.97,2.09,2,299.53,26 / 28,112421,2019-09-08 10:09:39:045,0.878,1.3951,9.9855,-0.0254,0.0131,9.8065,0.1477,0.1645,-0.0359,-8.75,-28,11.81,330.67,-81.07,-163.97
52.403145,-1.507829,148.97,2.09,2,299.53,26 / 28,112522,2019-09-08 10:09:39:146,1.5223,1.8006,9.3245,-0.0104,-0.0021,9.8066,0.0872,0.1111,0.0406,-8.69,-28.37,11.81,330.31,-80.93,-164.1
52.403145,-1.507829,148.97,2.09,2,299.53,26 / 28,112622,2019-09-08 10:09:39:246,1.9795,2.2967,9.5241,-0.023,0.0107,9.8065,0.0941,0.2879,-0.0903,-8.19,-28.31,11.94,335.79,-80.98,-163.06
52.403145,-1.507829,148.97,2.09,2,299.53,26 / 28,112721,2019-09-08 10:09:39:345,2.07,2.6305,10.0367,-0.0109,0.0142,9.8066,0.0252,0.2081,0.0434,-7.75,-28,11.88,335.64,-81.02,-163.21
52.403145,-1.507829,148.97,2.09,2,299.53,24 / 26,112821,2019-09-08 10:09:39:445,1.1846,2.7509,9.9473,-0.0161,0.0051,9.8066,0.0697,0.3408,-0.0651,-7.62,-27.75,12.31,336.84,-81.18,-162.49
52.403145,-1.507829,148.97,2.09,2,299.53,24 / 26,112922,2019-09-08 10:09:39:546,1.6109,2.4527,10.133,-0.0156,-0.0023,9.8066,0.0821,0.3217,-0.0133,-7.06,-28.62,12.75,345.33,-81.19,-161.83
52.403145,-1.507829,148.97,2.09,2,299.53,24 / 26,113022,2019-09-08 10:09:39:646,2.6832,2.0716,9.4,-0.0066,-0.0068,9.8066,0.0397,0.3397,-0.0347,-7.75,-27.87,13.38,341.77,-81.17,-161.36
52.403145,-1.507829,148.97,2.09,2,299.53,24 / 26,113122,2019-09-08 10:09:39:746,2.4767,2.4425,9.3802,-0.0167,0.0241,9.8065,0.0311,0.3339,-0.0438,-7,-28.81,13.19,346.54,-81.19,-160.98
52.403145,-1.507829,148.97,2.09,2,299.53,24 / 26,113222,2019-09-08 10:09:39:846,2.3763,2.3968,9.7947,-0.0143,0.0303,9.8065,0.0242,0.3762,-0.0501,-6.75,-27.87,13.75,350.79,-81.56,-160.14
52.403145,-1.507829,148.97,2.09,2,299.53,24 / 26,113322,2019-09-08 10:09:39:946,3.4511,2.6892,9.4565,-0.009,0.0328,9.8065,0.023,0.3449,-0.0157,-6.12,-28.31,13.94,355.36,-81.76,-160.17
52.403145,-1.507829,148.97,2.09,2,299.53,24 / 26,113422,2019-09-08 10:09:40:046,1.7491,3.0241,10.4684,-0.0192,0.0019,9.8066,0.0929,0.3802,-0.0454,-6.19,-27.62,14.81,359.26,-81.92,-158.75
52.403145,-1.507829,148.97,2.09,2,299.53,24 / 26,113522,2019-09-08 10:09:40:146,2.4076,1.0722,8.8334,0.0163,-0.029,9.8065,-0.0662,0.3092,0.0029,-5.62,-28.31,15.44,358.64,-81.65,-159.2
52.403145,-1.507829,148.97,2.09,2,299.53,24 / 26,113621,2019-09-08 10:09:40:245,3.4578,2.3617,9.1398,-0.0037,0.0093,9.8066,0.0086,0.483,-0.1187,-5.87,-27.87,16.56,2.18,-81.67,-158.89
52.403145,-1.507829,148.97,2.09,2,299.53,24 / 26,113721,2019-09-08 10:09:40:345,3.0397,1.5409,9.582,-0.0098,-0.0078,9.8066,-0.077,0.4919,-0.0782,-5.69,-28,17.44,1.62,-81.68,-159.32
52.403263,-1.508746,151.7,9.36,4,279.13,26 / 28,113822,2019-09-08 10:09:40:446,3.2886,2.5547,10.5065,-0.0094,-0.0096,9.8066,-0.0623,0.4691,-0.0106,-5.12,-27.37,17.25,7.36,-81.73,-157.93
52.403263,-1.508746,151.7,9.36,4,279.13,26 / 28,113921,2019-09-08 10:09:40:545,2.7255,1.8958,9.8201,-0.0101,0.0035,9.8066,0.0818,0.4276,-0.0364,-5.56,-28,19.25,6.5,-81.75,-157.35
52.403263,-1.508746,151.7,9.36,4,279.13,26 / 28,114022,2019-09-08 10:09:40:646,2.8025,1.8959,9.3583,-0.0114,0.0144,9.8066,0.1324,0.4647,-0.0971,-5.44,-27.44,19.56,11.48,-81.68,-156.77
52.403263,-1.508746,151.7,9.36,4,279.13,26 / 28,114121,2019-09-08 10:09:40:745,3.4376,1.4723,9.8455,0.0041,-0.004,9.8066,-0.0209,0.3767,-0.0089,-5.12,-27.75,20.56,10.82,-81.63,-157.93
52.403263,-1.508746,151.7,9.36,4,279.13,26 / 28,114221,2019-09-08 10:09:40:845,3.157,1.3375,10.4126,-0.0032,-0.008,9.8066,-0.0404,0.4557,-0.0962,-5.37,-26.69,21.5,11.99,-81.63,-157.4
52.403263,-1.508746,151.7,9.36,4,279.13,26 / 28,114322,2019-09-08 10:09:40:946,3.1308,1.5364,9.5781,0.0039,0.0096,9.8066,0.097,0.429,-0.1211,-5.31,-26.81,21.69,11.05,-81.68,-158.16
52.403263,-1.508746,151.7,9.36,4,279.13,26 / 28,114422,2019-09-08 10:09:41:046,4.0912,1.289,9.1376,-0.0009,-0.0044,9.8066,0.0339,0.404,-0.0386,-4.81,-26.94,22.25,10.64,-81.59,-158.52
52.403263,-1.508746,151.7,9.36,4,279.13,26 / 28,114521,2019-09-08 10:09:41:145,2.7443,0.4663,8.7703,-0.0013,0.0401,9.8065,-0.1371,0.4655,-0.0914,-5.75,-26.69,23.19,9.9,-81.43,-157.26
52.403263,-1.508746,151.7,9.36,4,279.13,26 / 28,114622,2019-09-08 10:09:41:246,3.5784,1.1873,9.6833,-0.0095,0.0368,9.8065,-0.0372,0.3674,-0.0215,-5.75,-27.37,23.38,10.38,-81.9,-156.75
52.403263,-1.508746,151.7,9.36,4,279.13,26 / 28,114722,2019-09-08 10:09:41:346,5.6979,-0.3034,9.6943,0.0125,-0.0032,9.8066,-0.1317,0.2846,-0.0711,-5.12,-27.06,24.06,13.03,-82.24,-157.24
52.403263,-1.508746,151.7,9.36,4,279.13,25 / 27,114822,2019-09-08 10:09:41:446,4.2781,1.6945,9.8216,-0.0052,0.004,9.8066,-0.0851,0.4387,-0.1876,-5.81,-26.56,24.69,12.71,-82.38,-155.66
52.403263,-1.508746,151.7,9.36,4,279.13,25 / 27,114922,2019-09-08 10:09:41:546,2.9001,0.687,10.0534,-0.0096,-0.0075,9.8065,0.0984,0.3562,-0.0897,-5.25,-26,25.13,14.81,-82.26,-156.02
52.403263,-1.508746,151.7,9.36,4,279.13,25 / 27,115021,2019-09-08 10:09:41:645,2.4631,-0.7702,10.0332,-0.0145,-0.0258,9.8065,0.0338,0.3416,-0.0664,-5.75,-27.12,25.94,14.07,-81.93,-155.05
52.403263,-1.508746,151.7,9.36,4,279.13,25 / 27,115122,2019-09-08 10:09:41:746,2.9327,-0.7186,9.5288,-0.0015,0.0148,9.8066,-0.0118,0.2932,0.0136,-5.94,-26.81,26.13,14.28,-81.87,-154.89
52.403263,-1.508746,151.7,9.36,4,279.13,25 / 27,115221,2019-09-08 10:09:41:845,2.607,0.9349,10.1061,-0.0124,0.0228,9.8066,-0.0565,0.3421,-0.0329,-5.62,-27.12,26.75,16.37,-82.07,-153.42
52.403263,-1.508746,151.7,9.36,4,279.13,25 / 27,115321,2019-09-08 10:09:41:945,2.2771,0.0014,9.5512,-0.0009,0.0254,9.8066,0.0507,0.2959,-0.0133,-5.69,-26.94,26.75,17.43,-82.33,-152.43
52.403263,-1.508746,151.7,9.36,4,279.13,25 / 27,115421,2019-09-08 10:09:42:045,1.68,-0.8721,10.2042,-0.0026,0.0056,9.8066,0.1362,0.2314,0.0058,-5.62,-27.69,27.75,18.02,-82.29,-152.36
52.403263,-1.508746,151.7,9.36,4,279.13,25 / 27,115521,2019-09-08 10:09:42:145,1.9818,0.2779,9.7167,-0.0021,-0.0295,9.8065,-0.0811,0.2721,-0.0153,-5.44,-27.25,27.81,19.78,-82.31,-152.73
52.403263,-1.508746,151.7,9.36,4,279.13,25 / 27,115622,2019-09-08 10:09:42:246,2.2545,-1.8327,9.0877,-0.0174,-0.0029,9.8065,-0.1371,0.21,0.0128,-5.81,-27.37,28.88,18.88,-82.12,-151.92
52.403263,-1.508746,151.7,9.36,4,279.13,25 / 27,115723,2019-09-08 10:09:42:347,1.0944,-1.2568,9.3501,-0.0239,0.0219,9.8065,0.155,0.3058,-0.2192,-6.12,-27.56,29.19,19.53,-82.27,-151.38
52.403263,-1.508746,151.7,9.36,4,279.13,24 / 27,115822,2019-09-08 10:09:42:446,0.2978,-1.5071,10.0871,0.0193,0.0102,9.8066,0.047,-0.044,0.0091,-4.87,-27.62,28.69,22.38,-82.56,-150.7
52.403263,-1.508746,151.7,9.36,4,279.13,24 / 27,115921,2019-09-08 10:09:42:545,1.1085,-3.6224,10.4376,0.0309,-0.0222,9.8065,-0.2149,-0.0704,0.1048,-5.5,-27.81,30,20.92,-82.64,-152.19
52.403263,-1.508746,151.7,9.36,4,279.13,24 / 27,116021,2019-09-08 10:09:42:645,0.6406,-0.951,9.3023,0.0238,-0.0504,9.8065,-0.2004,0.1081,-0.1146,-5.5,-27.56,30.38,20.52,-82.76,-152.5
52.403263,-1.508746,151.7,9.36,4,279.13,24 / 27,116121,2019-09-08 10:09:42:745,2.8266,-1.43,8.3919,0.025,0.036,9.8065,-0.0667,0.0184,0.0688,-5.87,-27.06,30.5,17.52,-82.94,-153.46
52.403263,-1.508746,151.7,9.36,4,279.13,24 / 27,116222,2019-09-08 10:09:42:846,2.5618,-1.2699,8.8514,0.0226,0.0078,9.8066,-0.2422,0.095,-0.0224,-5.12,-26.12,30.75,17.57,-83.2,-155.08
52.403263,-1.508746,151.7,9.36,4,279.13,24 / 27,116321,2019-09-08 10:09:42:945,1.0455,-4.3735,10.2661,-0.0001,-0.0174,9.8066,0.1105,0.1137,-0.053,-5.69,-27.06,30.69,14.15,-83.31,-156.39
52.403263,-1.508746,151.7,9.36,4,279.13,24 / 27,116421,2019-09-08 10:09:43:045,0.1922,-1.4055,10.875,0.0053,0.0081,9.8066,0.1708,-0.0211,-0.0085,-5.69,-26.06,30.25,13.13,-83.33,-156.93
52.403263,-1.508746,151.7,9.36,4,279.13,24 / 27,116522,2019-09-08 10:09:43:146,3.206,-8.2137,8.2629,0.0072,0.0222,9.8066,-0.0944,0.0226,0.0176,-5.69,-26,30.38,13.63,-83.51,-156.44
52.403263,-1.508746,151.7,9.36,4,279.13,24 / 27,116621,2019-09-08 10:09:43:245,2.0811,-2.5558,9.2917,-0.0311,0.0076,9.8065,-0.1074,0.1228,-0.1315,-6.37,-25.87,30.19,15.46,-83.37,-154.83
52.403263,-1.508746,151.7,9.36,4,279.13,24 / 27,116721,2019-09-08 10:09:43:345,0.8947,-0.4795,10.0584,0.0129,-0.0222,9.8065,0.1042,0.1505,-0.1268,-7.19,-26.5,29.88,14.99,-83.62,-153.36
52.403263,-1.508746,151.7,9.36,4,279.13,24 / 27,116821,2019-09-08 10:09:43:445,-0.3722,0.7116,10.2321,0.0024,-0.0308,9.8065,-0.0708,-0.0064,-0.0709,-6.37,-27.19,30.06,17.51,-83.67,-152.96
52.403263,-1.508746,151.7,9.36,4,279.13,24 / 27,116922,2019-09-08 10:09:43:546,0.5975,1.4889,10.3266,-0.0223,0.0025,9.8065,0.0657,-0.0066,0.093,-5.87,-26.19,30.25,16.36,-83.84,-153.89
52.403263,-1.508746,151.7,9.36,4,279.13,24 / 27,117021,2019-09-08 10:09:43:645,-2.1441,-0.1534,10.0335,0.0292,0.0182,9.8066,0.0621,0.1858,-0.2458,-6.44,-26.37,30.13,15.09,-83.85,-155.04
52.403263,-1.508746,151.7,9.36,4,279.13,24 / 27,117122,2019-09-08 10:09:43:746,0.7238,-0.0293,11.05,0,-0.0184,9.8066,-0.0027,-0.0619,0.1022,-6.62,-27.44,30.5,12.9,-83.74,-155.64
52.403263,-1.508746,151.7,9.36,4,279.13,24 / 27,117221,2019-09-08 10:09:43:845,-1.2295,0.6801,10.6493,0.0305,0.0018,9.8065,0.1388,0.0552,-0.0271,-6.06,-27.25,30.06,12.81,-83.97,-157.12
52.403263,-1.508746,151.7,9.36,4,279.13,24 / 27,117321,2019-09-08 10:09:43:945,-1.0435,-2.0504,10.6351,-0.0021,-0.0151,9.8065,0.1182,0.0042,0.0908,-6.81,-27.19,30.5,12.8,-84.08,-155.66
52.403263,-1.508746,151.7,9.36,4,279.13,24 / 27,117421,2019-09-08 10:09:44:045,1.4616,1.4532,9.4499,0.0314,-0.0141,9.8065,-0.0202,-0.0601,-0.0177,-6.62,-26.31,30.75,10.15,-83.96,-158.05
52.403263,-1.508746,151.7,9.36,4,279.13,24 / 27,117521,2019-09-08 10:09:44:145,-0.3681,-1.992,10.1107,-0.0015,-0.0015,9.8066,-0.0105,-0.1111,0.0176,-6.56,-26.56,30.5,10.16,-83.77,-158.11
52.403263,-1.508746,151.7,9.36,4,279.13,24 / 27,117621,2019-09-08 10:09:44:245,-1.4723,-0.0072,10.245,0.0111,0.0127,9.8066,0.0137,0.0257,-0.0752,-5.62,-26.19,29.31,10.42,-83.76,-158.94
52.403263,-1.508746,151.7,9.36,4,279.13,24 / 27,117721,2019-09-08 10:09:44:345,1.344,-0.5212,10.745,0.0223,-0.0198,9.8066,0.0553,-0.0116,-0.0163,-5.81,-26.87,30.25,9,-83.82,-160.59
52.403263,-1.508746,151.7,9.36,4,279.13,25 / 27,117822,2019-09-08 10:09:44:446,-1.8833,1.8942,9.9441,0.0245,-0.0357,9.8065,0.0472,0.0855,-0.0213,-4.75,-26.62,30,9.29,-83.87,-162.18
52.403263,-1.508746,151.7,9.36,4,279.13,25 / 27,117921,2019-09-08 10:09:44:545,-0.3097,-1.0064,10.6038,0.0136,0.0044,9.8066,0.068,-0.0327,0.0837,-4.75,-26.62,30.5,9.7,-83.93,-162.07
52.403263,-1.508746,151.7,9.36,4,279.13,25 / 27,118021,2019-09-08 10:09:44:645,-1.2229,-1.6973,10.0007,0.0259,-0.0325,9.8065,-0.1037,-0.0407,-0.0406,-5.44,-27.06,29.94,6.27,-83.92,-164.89
52.403263,-1.508746,151.7,9.36,4,279.13,25 / 27,118121,2019-09-08 10:09:44:745,-1.4967,-0.7238,9.9766,-0.0069,0.0193,9.8066,-0.0208,0.027,0.0179,-4.62,-26.94,30.81,7.12,-84.06,-164.39
52.403263,-1.508746,151.7,9.36,4,279.13,25 / 27,118221,2019-09-08 10:09:44:845,-1.5232,-2.3773,9.1783,0.0088,-0.0264,9.8066,-0.1604,0.0846,0.0054,-4.37,-26.75,30.38,7.85,-83.84,-165.35
52.403263,-1.508746,151.7,9.36,4,279.13,25 / 27,118322,2019-09-08 10:09:44:946,-2.3252,0.5493,10.4828,-0.0004,0.0215,9.8065,-0.1274,-0.1008,0.1011,-4.5,-27.06,30.69,8.89,-83.8,-164.64
52.403263,-1.508746,151.7,9.36,4,279.13,25 / 27,118421,2019-09-08 10:09:45:045,-1.6636,-1.1363,10.4608,-0.0064,-0.0219,9.8066,-0.1619,-0.1497,0.0169,-4.44,-26.75,30.38,7.69,-83.75,-165.51
52.403263,-1.508746,151.7,9.36,4,279.13,25 / 27,118521,2019-09-08 10:09:45:145,-1.2505,-1.5001,9.4314,-0.0066,0.0273,9.8066,-0.0153,-0.1091,0.1013,-4.5,-26.19,30.69,6.4,-83.59,-166.88
52.403263,-1.508746,151.7,9.36,4,279.13,25 / 27,118622,2019-09-08 10:09:45:246,-0.4764,2.0933,10.9329,0.0091,0.0142,9.8066,0.2524,-0.2396,-0.0097,-4.62,-26.56,30.31,3.04,-83.68,-167.82
52.403263,-1.508746,151.7,9.36,4,279.13,25 / 27,118722,2019-09-08 10:09:45:346,-3.5558,4.6713,11.6861,-0.0072,-0.0708,9.8064,0.289,-0.1131,-0.0139,-4.25,-26.37,30.19,2.9,-83.2,-169.82
52.403263,-1.508746,151.7,9.36,4,279.13,25 / 27,118822,2019-09-08 10:09:45:446,-1.8623,-2.3307,10.1825,0.0052,-0.0799,9.8063,-0.1536,-0.0706,-0.0131,-4.75,-26.19,30.5,0.46,-82.98,-170.42
52.403263,-1.508746,151.7,9.36,4,279.13,25 / 27,118922,2019-09-08 10:09:45:546,-1.4957,-0.7115,9.9548,0.0203,-0.0061,9.8066,-0.0381,-0.3307,0.0196,-4.56,-26.25,29.63,358.76,-83.08,-171.64
52.403263,-1.508746,151.7,9.36,4,279.13,25 / 27,119022,2019-09-08 10:09:45:646,-0.6849,-3.3872,8.4157,0.0027,0.0087,9.8066,0.0911,-0.1599,-0.0495,-4.31,-26.56,29.44,357.94,-83.04,-173.96
52.403263,-1.508746,151.7,9.36,4,279.13,25 / 27,119122,2019-09-08 10:09:45:746,-3.4948,-1.6202,10.0978,0.0036,-0.0256,9.8065,0.1055,-0.2072,0.1864,-3.62,-26.37,29.13,358.05,-83.16,-173.87
52.403263,-1.508746,151.7,9.36,4,279.13,25 / 27,119222,2019-09-08 10:09:45:846,1.3059,-1.3671,10.2404,0.0024,-0.0428,9.8065,0.1372,-0.3777,0.2829,-4.37,-26.56,29.31,356.53,-82.92,-175.19
52.403263,-1.508746,151.7,9.36,4,279.13,25 / 27,119321,2019-09-08 10:09:45:945,-4.993,-0.5187,9.0104,-0.0094,-0.0389,9.8065,0.1461,0.0105,-0.03,-3.5,-26.37,29.81,356.85,-82.59,-177.06
52.403263,-1.508746,151.7,9.36,4,279.13,25 / 27,119422,2019-09-08 10:09:46:046,-4.2731,-1.0209,10.7416,0.0406,-0.0114,9.8065,0.0134,-0.1758,-0.0892,-3.62,-26.19,30,352.04,-82.42,-179.4
52.403263,-1.508746,151.7,9.36,4,279.13,25 / 27,119521,2019-09-08 10:09:46:145,-0.1977,2.7347,12.3091,0.0126,-0.0008,9.8066,0.017,-0.0534,-0.0514,-3.87,-26.19,30.19,351.89,-82.13,-179.49
52.403263,-1.508746,151.7,9.36,4,279.13,25 / 27,119621,2019-09-08 10:09:46:245,-5.7376,0.1241,10.7757,-0.0356,-0.0429,9.8065,0.0198,-0.1142,-0.0096,-4.19,-25.5,29.88,353.41,-81.67,-178.14
52.403263,-1.508746,151.7,9.36,4,279.13,25 / 27,119722,2019-09-08 10:09:46:346,0.8034,0.476,9.9929,-0.0168,-0.069,9.8063,0.168,-0.0138,0.0407,-4.19,-26.19,30.25,349.44,-81.59,178.47
52.403263,-1.508746,151.7,9.36,4,279.13,24 / 26,119821,2019-09-08 10:09:46:445,-3.2504,1.6648,10.4911,0.0312,-0.0594,9.8064,0.0364,-0.0698,-0.163,-4.56,-26.56,29.88,349.06,-81.13,-179.86
52.403263,-1.508746,151.7,9.36,4,279.13,24 / 26,119921,2019-09-08 10:09:46:545,-1.7638,-0.4075,10.4366,-0.0073,0.0255,9.8066,-0.0854,-0.2306,0.0467,-5,-26.31,29.44,348.09,-81.44,179.56
52.403263,-1.508746,151.7,9.36,4,279.13,24 / 26,120022,2019-09-08 10:09:46:646,-1.6879,-3.7079,11.0822,0.0018,0.0358,9.8066,0.1896,-0.0647,-0.1052,-4.5,-26.5,29.06,349.64,-81.36,178.98
52.403263,-1.508746,151.7,9.36,4,279.13,24 / 26,120121,2019-09-08 10:09:46:745,-1.3682,-2.2357,8.5927,0.0187,-0.0491,9.8064,-0.294,-0.2967,0.1784,-4.31,-26.19,29.44,348.04,-81.33,177.62
52.403263,-1.508746,151.7,9.36,4,279.13,24 / 26,120221,2019-09-08 10:09:46:845,-2.0968,0.7526,11.1313,0.0215,-0.0422,9.8065,-0.3142,0.2102,-0.1676,-4,-25.75,28.81,346.71,-80.84,176.59
52.403263,-1.508746,151.7,9.36,4,279.13,24 / 26,120321,2019-09-08 10:09:46:945,-6.0223,0.1421,9.9225,-0.0004,0.1429,9.8055,-0.022,-0.2515,0.3061,-3.31,-25.25,28.69,347.99,-80.27,175.79
52.403263,-1.508746,151.7,9.36,4,279.13,24 / 26,120421,2019-09-08 10:09:47:045,-2.2637,-1.5322,9.5454,0.0453,0.1645,9.8051,0.3178,-0.2382,-0.0574,-3.19,-25.06,29.13,341.2,-80.59,169.93
52.403263,-1.508746,151.7,9.36,4,279.13,24 / 26,120521,2019-09-08 10:09:47:145,-0.6122,-3.771,10.4476,0.0133,-0.149,9.8054,0.5137,-0.1767,0.1313,-3.25,-25.31,29.38,343.9,-79.53,172.54
52.403263,-1.508746,151.7,9.36,4,279.13,24 / 26,120621,2019-09-08 10:09:47:245,-1.2276,-1.0944,9.569,0.017,-0.1301,9.8057,-0.358,0.0121,-0.0563,-2.87,-25.75,28.94,343.49,-79.49,172.31
52.403263,-1.508746,151.7,9.36,4,279.13,24 / 26,120722,2019-09-08 10:09:47:346,-3.1519,2.4054,9.8752,-0.0208,0.0542,9.8064,-0.1341,-0.0315,0.0082,-3.44,-26,28.38,343.96,-79.67,172.95
52.403263,-1.508746,151.7,9.36,4,279.13,26 / 28,120821,2019-09-08 10:09:47:445,-3.2332,-4.5592,11.4013,-0.0035,0.0376,9.8065,-0.1226,-0.0148,0.0698,-3,-25.75,29.19,344.8,-79.75,173.32
52.403263,-1.508746,151.7,9.36,4,279.13,26 / 28,120921,2019-09-08 10:09:47:545,-2.5875,1.6286,9.3667,0.028,0.0164,9.8065,-0.1699,-0.2338,0.0635,-3.12,-25.5,28.63,342.47,-79.56,171.33
52.403263,-1.508746,151.7,9.36,4,279.13,26 / 28,121022,2019-09-08 10:09:47:646,-6.3089,0.9759,10.3715,-0.0078,0.0087,9.8066,0.4212,-0.0571,-0.0615,-2.94,-25.69,28.13,341.67,-79.69,171.05
52.403263,-1.508746,151.7,9.36,4,279.13,26 / 28,121121,2019-09-08 10:09:47:745,-3.9586,0.0422,10.087,-0.0239,-0.1141,9.8059,0.4095,-0.1238,-0.0099,-3.25,-25.44,27.94,343.27,-80.15,172.13
52.403263,-1.508746,151.7,9.36,4,279.13,26 / 28,121221,2019-09-08 10:09:47:845,-0.1963,-1.3768,8.4555,-0.0221,-0.1259,9.8058,-0.6488,-0.3012,0.2294,-3.19,-25.62,27,347.71,-79.41,176.4
52.403263,-1.508746,151.7,9.36,4,279.13,26 / 28,121322,2019-09-08 10:09:47:946,-1.2001,-0.6324,8.9964,-0.0045,0.0955,9.8062,-0.3832,-0.0948,-0.064,-3.37,-25.81,27.75,348.63,-79.31,176.87
52.403263,-1.508746,151.7,9.36,4,279.13,26 / 28,121421,2019-09-08 10:09:48:045,-4.5353,0.557,8.8467,-0.0064,0.0679,9.8063,0.3129,-0.0268,-0.0591,-3,-26.75,27.63,348.31,-79.81,176.57
52.403263,-1.508746,151.7,9.36,4,279.13,26 / 28,121521,2019-09-08 10:09:48:145,-1.9304,-1.3727,9.9977,0.0044,-0.0394,9.8065,0.1313,-0.132,0.0046,-2.87,-26.75,27.63,347.79,-79.74,176.17
52.403263,-1.508746,151.7,9.36,4,279.13,26 / 28,121621,2019-09-08 10:09:48:245,-2.9466,0.5908,8.716,0.0197,-0.0073,9.8065,-0.1039,-0.0933,-0.0563,-3.19,-27.06,26.88,346.62,-79.95,175.46
52.403263,-1.508746,151.7,9.36,4,279.13,26 / 28,121721,2019-09-08 10:09:48:345,-3.2977,-1.7738,10.0403,-0.0064,0.0291,9.8066,-0.0953,-0.1449,0.0219,-3.37,-26.25,26.5,346.52,-80.15,175.24
52.403263,-1.508746,151.7,9.36,4,279.13,26 / 28,121821,2019-09-08 10:09:48:445,-2.0847,-1.1023,9.2875,-0.001,0.0084,9.8066,0.0837,-0.0397,-0.0062,-3.06,-25.87,26,345.88,-80.23,175.02
52.403263,-1.508746,151.7,9.36,4,279.13,24 / 26,121921,2019-09-08 10:09:48:545,-1.4418,0.0822,9.8246,-0.0028,-0.0079,9.8066,-0.1705,-0.1287,0.0361,-3.19,-26.25,25.94,345.61,-80.22,174.8
52.403263,-1.508746,151.7,9.36,4,279.13,24 / 26,122022,2019-09-08 10:09:48:646,-3.2466,0.1309,9.684,0.0022,0.0068,9.8066,0.1174,-0.1539,0.0678,-2.69,-26.56,25.5,346.01,-80.23,175.21
52.403263,-1.508746,151.7,9.36,4,279.13,24 / 26,122121,2019-09-08 10:09:48:745,-1.7001,1.4242,10.7243,0.0053,0.0175,9.8066,0.0548,-0.1494,0.0212,-2.62,-26.87,25.31,344.53,-80.41,174.31
52.403263,-1.508746,151.7,9.36,4,279.13,24 / 26,122221,2019-09-08 10:09:48:845,-1.3947,0.704,10.2585,0.0108,-0.0148,9.8066,-0.0803,-0.0611,-0.0373,-2.69,-27.31,25.25,343.56,-80.36,173.54
52.403263,-1.508746,151.7,9.36,4,279.13,24 / 26,122321,2019-09-08 10:09:48:945,-0.5686,0.5785,8.4166,-0.0162,-0.0032,9.8065,0.2736,-0.3021,0.2013,-2.69,-26.62,24.94,344.47,-80.44,174.25
52.403263,-1.508746,151.7,9.36,4,279.13,24 / 26,122422,2019-09-08 10:09:49:046,-1.8013,-0.7581,9.9871,-0.0234,0.0092,9.8065,0.1379,-0.059,0.0082,-2.62,-27.19,24.63,344.76,-80.46,174.49
52.403263,-1.508746,151.7,9.36,4,279.13,24 / 26,122521,2019-09-08 10:09:49:145,-2.1846,-0.544,10.3432,-0.0043,-0.0286,9.8066,-0.0418,-0.2002,0.0401,-3.19,-27.19,23.81,346.68,-80.54,176.4
52.403263,-1.508746,151.7,9.36,4,279.13,24 / 26,122622,2019-09-08 10:09:49:246,-0.9133,0.6568,9.3004,-0.0137,0.0137,9.8066,-0.087,-0.0686,-0.1044,-2.44,-26.75,24.06,350.21,-80.79,176.85
52.403263,-1.508746,151.7,9.36,4,279.13,24 / 26,122722,2019-09-08 10:09:49:346,-2.717,-0.7567,10.1306,-0.0138,0.0114,9.8066,-0.0471,-0.1559,-0.003,-2.81,-27,23.06,348.67,-80.99,178.29
52.403263,-1.508746,151.7,9.36,4,279.13,24 / 26,122822,2019-09-08 10:09:49:446,-3.9438,0.5912,10.5704,-0.0192,-0.0197,9.8065,0.0489,-0.1388,0.0191,-2.94,-26.94,22.81,347.98,-80.95,177.74
52.40285,-1.510218,151.23,15.55,3,264.79,25 / 27,122921,2019-09-08 10:09:49:545,-2.4791,-1.2769,8.7792,0.0232,0.0034,9.8066,-0.0328,-0.2307,0.2677,-2.94,-27.31,22.94,348.9,-80.9,178.5
52.40285,-1.510218,151.23,15.55,3,264.79,25 / 27,123022,2019-09-08 10:09:49:646,1.4996,-2.1139,9.976,-0.0418,-0.0546,9.8063,-0.2663,0.194,-0.2943,-3.25,-27.31,22.06,349.81,-80.78,179.68
52.40285,-1.510218,151.23,15.55,3,264.79,25 / 27,123122,2019-09-08 10:09:49:746,-1.0887,3.0185,8.7963,-0.0134,0.0921,9.8062,0.3775,-0.3655,0.2591,-3,-26.87,22.31,346.19,-81.3,176.63
52.40285,-1.510218,151.23,15.55,3,264.79,25 / 27,123221,2019-09-08 10:09:49:845,-0.9404,-0.7299,10.2336,-0.0161,0.1075,9.806,0.3572,-0.0999,-0.0236,-3.44,-27.06,22,347.98,-81.42,178.04
52.40285,-1.510218,151.23,15.55,3,264.79,25 / 27,123321,2019-09-08 10:09:49:945,-2.1783,-1.2746,11.5038,0.0384,-0.1061,9.806,-0.2474,0.014,0.0177,-3.06,-26.94,21.75,348.04,-81.36,178.1
52.40285,-1.510218,151.23,15.55,3,264.79,25 / 27,123421,2019-09-08 10:09:50:045,-0.5816,0.0008,10.302,-0.0062,-0.0922,9.8061,-0.2023,-0.1193,0.0225,-3.12,-27.25,21.75,347.08,-80.81,177.49
52.40285,-1.510218,151.23,15.55,3,264.79,25 / 27,123521,2019-09-08 10:09:50:145,-2.7727,1.7247,9.8594,-0.01,0.0609,9.8064,0.1858,-0.1316,0.0083,-3,-27.06,21.81,347.22,-81.03,177.54
52.40285,-1.510218,151.23,15.55,3,264.79,25 / 27,123621,2019-09-08 10:09:50:245,-0.9997,-2.2079,9.2608,-0.0225,0.0545,9.8064,0.1274,0.0465,-0.0037,-2.5,-27.5,21.06,350.3,-81.44,177.68
52.40285,-1.510218,151.23,15.55,3,264.79,25 / 27,123722,2019-09-08 10:09:50:346,-1.368,1.6291,10.0132,-0.0215,0.0155,9.8066,0.0423,-0.1383,0.1552,-3.56,-28.06,20.75,345.38,-81.39,179.16
52.40285,-1.510218,151.23,15.55,3,264.79,25 / 27,123822,2019-09-08 10:09:50:446,-3.0764,-2.7578,10.0113,-0.0174,0.0139,9.8065,0.0935,-0.1353,0.1063,-3.31,-28.06,21.06,350.48,-81.43,-179.42
52.40285,-1.510218,151.23,15.55,3,264.79,26 / 28,123921,2019-09-08 10:09:50:545,-1.1535,-0.8572,9.5929,0.005,-0.0088,9.8066,-0.0535,-0.1962,0.0428,-3.06,-27.5,20.38,350.87,-81.46,-178.69
52.40285,-1.510218,151.23,15.55,3,264.79,26 / 28,124021,2019-09-08 10:09:50:645,-1.8609,-0.5121,10.2313,0.0132,-0.0085,9.8066,-0.052,-0.0043,-0.0808,-3.37,-27.62,20.13,349.78,-81.46,-179.49
52.40285,-1.510218,151.23,15.55,3,264.79,26 / 28,124121,2019-09-08 10:09:50:745,-1.4508,-0.7148,9.4211,0.0067,0.0143,9.8065,0.0551,-0.0739,-0.0395,-3.19,-26.94,19.94,348.09,-81.56,179.07
52.40285,-1.510218,151.23,15.55,3,264.79,26 / 28,124221,2019-09-08 10:09:50:845,-0.5578,-1.0451,9.6373,0.0029,0.0047,9.8066,-0.0561,-0.0356,-0.055,-2.5,-27.12,19.81,350.56,-81.66,178.2
52.40285,-1.510218,151.23,15.55,3,264.79,26 / 28,124322,2019-09-08 10:09:50:946,-0.3531,-0.7834,10.1014,-0.0106,0.0171,9.8065,-0.0843,-0.0559,0.0097,-2.94,-27.56,19.44,346.99,-81.84,178.76
52.40285,-1.510218,151.23,15.55,3,264.79,26 / 28,124421,2019-09-08 10:09:51:045,-1.8966,-0.0732,10.381,-0.0191,0.0176,9.8065,0.0331,-0.1385,0.1153,-3.12,-28.12,19.5,349.37,-81.94,-179.95
52.40285,-1.510218,151.23,15.55,3,264.79,26 / 28,124521,2019-09-08 10:09:51:145,-2.3123,0.1944,10.2124,-0.0094,-0.0364,9.8066,-0.0349,-0.0719,-0.0555,-3.81,-27.62,20.13,348.02,-81.95,-178.27
52.40285,-1.510218,151.23,15.55,3,264.79,26 / 28,124622,2019-09-08 10:09:51:246,-2.0458,-1.3063,9.7949,-0.0036,-0.018,9.8065,0.0119,-0.005,-0.0094,-3.87,-27.62,19.81,349.25,-81.68,-177.2
52.40285,-1.510218,151.23,15.55,3,264.79,26 / 28,124721,2019-09-08 10:09:51:345,-1.1939,-2.3316,8.94,-0.0078,0.0141,9.8066,0.0565,-0.1019,0.0385,-3.56,-28.19,19.06,348.55,-81.59,-177.04
52.40285,-1.510218,151.23,15.55,3,264.79,26 / 28,124822,2019-09-08 10:09:51:446,-1.3532,0.4402,10.2915,0.0022,0.025,9.8066,-0.0648,-0.0987,-0.0488,-3.5,-28.37,19.38,352.57,-81.62,-176.81
52.40285,-1.510218,151.23,15.55,3,264.79,26 / 28,124922,2019-09-08 10:09:51:546,-1.335,-0.4687,9.6713,0.008,-0.0276,9.8066,-0.0894,-0.0366,-0.0217,-2.94,-27.25,19.63,351.57,-81.52,-178.16
52.40285,-1.510218,151.23,15.55,3,264.79,26 / 28,125022,2019-09-08 10:09:51:646,-1.1618,-0.1854,9.0176,0.0094,-0.0168,9.8065,-0.0586,-0.0604,0.0122,-2.87,-27.25,19.06,350.05,-81.69,-178.86
52.40285,-1.510218,151.23,15.55,3,264.79,26 / 28,125122,2019-09-08 10:09:51:746,-0.4044,1.0321,8.9929,-0.0016,0.0351,9.8066,-0.0015,-0.0831,0.0713,-3,-27.12,19.25,350.13,-81.83,-178.84
52.40285,-1.510218,151.23,15.55,3,264.79,26 / 28,125222,2019-09-08 10:09:51:846,-0.4941,0.0642,8.9582,-0.0189,0.0343,9.8066,-0.0035,-0.0645,0.0114,-3.69,-27.62,18.31,346.41,-82.14,-178.14
52.40285,-1.510218,151.23,15.55,3,264.79,26 / 28,125322,2019-09-08 10:09:51:946,-0.3562,-0.1189,10.2104,0.0025,-0.023,9.8065,-0.0692,-0.0783,0.0422,-3.62,-28.56,18.13,348.6,-82.12,-176.32
52.40285,-1.510218,151.23,15.55,3,264.79,26 / 28,125422,2019-09-08 10:09:52:046,-0.3182,-1.9242,9.2771,-0.0014,-0.0245,9.8066,-0.0268,-0.0328,-0.0162,-3.25,-27.69,18.44,353.86,-81.95,-175.3
52.40285,-1.510218,151.23,15.55,3,264.79,26 / 28,125522,2019-09-08 10:09:52:146,-1.8624,0.265,9.8509,-0.0116,0.0213,9.8065,-0.0282,0.0428,-0.0046,-3.19,-28,17.81,354.53,-82.13,-174.81
52.40285,-1.510218,151.23,15.55,3,264.79,26 / 28,125622,2019-09-08 10:09:52:246,-0.2102,-0.7078,9.531,0.0019,0.0057,9.8066,0.0086,0.0215,-0.0427,-3.06,-27.5,17.88,354.34,-82.22,-175.01
52.40285,-1.510218,151.23,15.55,3,264.79,26 / 28,125721,2019-09-08 10:09:52:345,-0.4994,-0.507,9.704,0.0081,0.0166,9.8065,-0.0229,0.0103,-0.0481,-2.87,-27.31,17.25,353.47,-82.23,-175.08
52.40285,-1.510218,151.23,15.55,3,264.79,25 / 28,125821,2019-09-08 10:09:52:445,-0.3565,-0.933,9.3149,-0.0016,0.011,9.8065,-0.026,-0.0927,0.0186,-3.06,-26.87,18.13,353.03,-82.32,-176.07
52.40285,-1.510218,151.23,15.55,3,264.79,25 / 28,125922,2019-09-08 10:09:52:546,-0.6183,-0.8121,10.103,0.0142,-0.0268,9.8065,-0.1038,-0.0265,-0.0107,-2.75,-27.81,17.5,353.18,-82.37,-175.91
52.40285,-1.510218,151.23,15.55,3,264.79,25 / 28,126022,2019-09-08 10:09:52:646,-0.4747,-0.4578,10.0488,-0.0141,-0.0105,9.8066,-0.0336,0.0058,0.0042,-2.69,-27.37,17.75,353.23,-82.28,-175.9
52.40285,-1.510218,151.23,15.55,3,264.79,25 / 28,126121,2019-09-08 10:09:52:745,1.1221,-1.4302,9.365,0.0086,-0.0095,9.8066,-0.0417,-0.0871,0.0793,-3.19,-27.69,17.5,353.16,-82.31,-175.91
52.40285,-1.510218,151.23,15.55,3,264.79,25 / 28,126222,2019-09-08 10:09:52:846,-0.2056,-0.7687,9.7892,-0.014,-0.0048,9.8066,-0.0455,0.0325,-0.0308,-2.94,-27.81,17.56,354.14,-82.35,-175.15
52.40285,-1.510218,151.23,15.55,3,264.79,25 / 28,126322,2019-09-08 10:09:52:946,0.1161,-1.0231,10.245,-0.0009,-0.0153,9.8065,-0.0049,-0.0298,0.0277,-2.25,-28,17.75,358.71,-82.43,-174.68
52.40285,-1.510218,151.23,15.55,3,264.79,25 / 28,126421,2019-09-08 10:09:53:045,-0.271,-0.1702,10.2423,-0.0013,-0.0211,9.8066,-0.0223,0.0109,-0.0198,-2.75,-27.5,17.88,355.09,-82.29,-174.43
52.40285,-1.510218,151.23,15.55,3,264.79,25 / 28,126522,2019-09-08 10:09:53:146,1.2335,-0.7917,10.0215,0.0014,-0.0075,9.8066,0.0204,-0.024,0.0038,-3,-27.25,17.63,354.2,-82.3,-175.14
52.40285,-1.510218,151.23,15.55,3,264.79,25 / 28,126622,2019-09-08 10:09:53:246,-1.1562,-0.945,9.3814,0.0044,0.0001,9.8066,-0.0259,-0.0771,0.0598,-2.37,-27.56,17.88,358.19,-82.29,-175.08
52.40285,-1.510218,151.23,15.55,3,264.79,25 / 28,126722,2019-09-08 10:09:53:346,-0.2358,0.6799,9.3411,-0.0045,0.0173,9.8065,0.0469,0.0258,-0.0066,-2.94,-26.94,17.5,354.86,-82.51,-174.64
52.40285,-1.510218,151.23,15.55,3,264.79,25 / 28,126822,2019-09-08 10:09:53:446,0.323,0.6631,9.9222,0.0081,0.0031,9.8066,-0.0003,-0.0562,0.0641,-2.87,-26.87,17.44,354.33,-82.57,-174.47
52.40285,-1.510218,151.23,15.55,3,264.79,26 / 28,126922,2019-09-08 10:09:53:546,-0.7919,-0.7781,10.5297,-0.0025,-0.0348,9.8066,-0.1073,0.077,-0.0208,-2.12,-27.25,18.25,359.2,-82.57,-174.3
52.40285,-1.510218,151.23,15.55,3,264.79,26 / 28,127021,2019-09-08 10:09:53:645,-1.8534,-1.2996,10.0048,-0.0007,-0.0214,9.8066,-0.0634,-0.1204,0.1508,-1.94,-27.87,17.69,359.63,-82.36,-173.95
52.40285,-1.510218,151.23,15.55,3,264.79,26 / 28,127122,2019-09-08 10:09:53:746,1.076,0.9425,10.4711,-0.0049,-0.0164,9.8066,0.0483,-0.0404,0.0677,-2.62,-27.31,17.31,355.7,-82.52,-173.38
52.40285,-1.510218,151.23,15.55,3,264.79,26 / 28,127221,2019-09-08 10:09:53:845,-0.3143,-1.0624,9.0303,0.0034,-0.0232,9.8066,-0.0715,-0.0888,0.0824,-2.62,-28.31,17.13,357.23,-82.47,-172.15
52.40285,-1.510218,151.23,15.55,3,264.79,26 / 28,127321,2019-09-08 10:09:53:945,-0.1163,0.4431,9.7405,-0.0166,0.0333,9.8066,0.1195,0.0032,-0.0528,-2.37,-27.56,16.94,3.04,-82.62,-170.91
52.40285,-1.510218,151.23,15.55,3,264.79,26 / 28,127421,2019-09-08 10:09:54:045,0.539,-0.7062,10.4302,-0.0066,0.0107,9.8066,0.0525,0.0265,-0.0436,-2.19,-27.25,17.13,4.26,-82.77,-169.91
52.40285,-1.510218,151.23,15.55,3,264.79,26 / 28,127521,2019-09-08 10:09:54:145,-0.231,0.0136,10.0182,-0.0135,-0.0134,9.8065,0.0342,-0.0271,-0.0135,-2.62,-27,16.75,359.53,-82.73,-170.36
52.40285,-1.510218,151.23,15.55,3,264.79,26 / 28,127622,2019-09-08 10:09:54:246,0.7958,0.4324,9.9693,-0.0127,-0.0064,9.8066,0.1024,0.005,-0.0505,-2.19,-27.31,16.69,5.51,-82.59,-168.95
52.40285,-1.510218,151.23,15.55,3,264.79,26 / 28,127721,2019-09-08 10:09:54:345,0.1705,-0.6019,10.0375,-0.0048,0.0005,9.8066,-0.0262,-0.0357,-0.0067,-2.62,-28.12,16.69,1.58,-82.52,-168.76
52.40285,-1.510218,151.23,15.55,3,264.79,24 / 27,127821,2019-09-08 10:09:54:445,-0.6431,-1.2023,9.046,0.002,-0.0036,9.8066,-0.1036,0.0423,-0.0498,-2.69,-27.69,16.81,1.59,-82.52,-168.75
52.40285,-1.510218,151.23,15.55,3,264.79,24 / 27,127922,2019-09-08 10:09:54:546,0.7597,-0.971,9.6772,-0.0012,-0.0079,9.8066,0.0295,-0.0022,0.0261,-2.12,-27.12,16.75,5.02,-82.68,-169.32
52.40285,-1.510218,151.23,15.55,3,264.79,24 / 27,128022,2019-09-08 10:09:54:646,0.1866,0.1527,10.0377,-0.0112,-0.0132,9.8065,-0.0022,0.0585,0.0221,-2.5,-27.31,16.19,5.31,-82.65,-168.74
52.40285,-1.510218,151.23,15.55,3,264.79,24 / 27,128122,2019-09-08 10:09:54:746,-0.3655,0.9878,10.6628,-0.0238,0.0125,9.8066,0.1843,-0.035,0.0626,-2.56,-26.87,16.31,1.78,-82.71,-167.99
52.40285,-1.510218,151.23,15.55,3,264.79,24 / 27,128221,2019-09-08 10:09:54:845,0.0631,0.4518,9.985,-0.013,-0.0014,9.8066,0.0991,0.069,0.0254,-2.5,-26.56,15.63,8.73,-82.68,-166.07
52.40285,-1.510218,151.23,15.55,3,264.79,24 / 27,128321,2019-09-08 10:09:54:945,0.4015,-1.3215,9.7677,0.0005,-0.0055,9.8066,-0.0278,-0.0023,0.0431,-2.5,-26.5,15.25,8.75,-82.58,-165.66
52.40285,-1.510218,151.23,15.55,3,264.79,24 / 27,128422,2019-09-08 10:09:55:046,-0.4164,-0.2371,10.0628,-0.011,0.0298,9.8065,0.0407,0.0217,0.0089,-3.06,-26.56,15.19,4.07,-82.61,-165.57
52.40285,-1.510218,151.23,15.55,3,264.79,24 / 27,128522,2019-09-08 10:09:55:146,0.319,0.1201,10.2215,0.0053,-0.0174,9.8066,-0.0834,0.0426,-0.0123,-3.25,-25.25,14.44,3.15,-82.66,-165.49
52.40285,-1.510218,151.23,15.55,3,264.79,24 / 27,128621,2019-09-08 10:09:55:245,0.2965,-0.0229,9.3036,-0.0083,-0.0125,9.8065,-0.0981,0.0121,-0.0198,-3.37,-23.06,13.81,3.43,-82.72,-165.2
52.40285,-1.510218,151.23,15.55,3,264.79,24 / 27,128722,2019-09-08 10:09:55:346,1.4201,-0.8728,6.9435,-0.0017,0.0159,9.8066,-0.332,0.1373,-0.0851,-4.06,-20.81,13.13,358.24,-82.9,-164.31
52.40285,-1.510218,151.23,15.55,3,264.79,24 / 27,128821,2019-09-08 10:09:55:445,-0.5951,2.8086,10.4192,-0.0124,-0.009,9.8066,-0.1303,-0.0499,0.0183,-4.56,-18.94,14.31,356.86,-83.16,-162.99
52.40285,-1.510218,151.23,15.55,3,264.79,25 / 27,128921,2019-09-08 10:09:55:545,-1.8232,0.8216,12.035,0.0025,-0.0966,9.8061,0.0633,0.1323,-0.012,-3.94,-18.69,17.94,5,-82.82,-163.16
52.40285,-1.510218,151.23,15.55,3,264.79,25 / 27,129022,2019-09-08 10:09:55:646,-0.3842,-0.6,10.4135,0.0118,-0.09,9.8061,0.0788,-0.0416,0.0599,-4,-20.06,19.5,6,-82.45,-163.51
52.40285,-1.510218,151.23,15.55,3,264.79,25 / 27,129121,2019-09-08 10:09:55:745,0.2615,0.5278,9.8613,-0.0139,0.0411,9.8065,0.0092,-0.0024,0.0469,-3.87,-22.69,19.88,6,-82.37,-163.64
52.40285,-1.510218,151.23,15.55,3,264.79,25 / 27,129221,2019-09-08 10:09:55:845,-0.505,0.9715,9.1268,-0.0044,0.0459,9.8065,0.0399,0.0539,0.0143,-3,-24.25,19.94,10.66,-82.79,-162.47
52.40285,-1.510218,151.23,15.55,3,264.79,25 / 27,129322,2019-09-08 10:09:55:946,1.8317,1.1642,8.7255,0.0146,-0.0135,9.8065,-0.2233,0.0818,-0.0271,-2.69,-25.81,19.13,10.35,-82.88,-162.48
52.40285,-1.510218,151.23,15.55,3,264.79,25 / 27,129421,2019-09-08 10:09:56:045,-0.3655,0.9359,9.7196,0.0073,-0.0197,9.8066,-0.0351,-0.0541,0.0646,-2.56,-26.06,18.81,9.33,-82.9,-163.32
52.40285,-1.510218,151.23,15.55,3,264.79,25 / 27,129521,2019-09-08 10:09:56:145,-2.5612,-0.1795,10.0363,-0.0169,-0.0593,9.8064,0.0172,0.0949,-0.1267,-1.75,-26.44,19.44,13.23,-82.64,-163.16
52.40285,-1.510218,151.23,15.55,3,264.79,25 / 27,129621,2019-09-08 10:09:56:245,1.8769,1.3737,9.5124,0.0176,-0.031,9.8065,-0.0047,0.0465,-0.0197,-2.19,-26.44,18.63,12.11,-82.74,-164.04
52.40285,-1.510218,151.23,15.55,3,264.79,25 / 27,129721,2019-09-08 10:09:56:345,0.6336,1.0305,8.5237,-0.0133,0.0437,9.8065,0.0689,0.0101,0.1443,-2.75,-26.62,18.69,8.68,-82.68,-163.96
52.40285,-1.510218,151.23,15.55,3,264.79,24 / 27,129821,2019-09-08 10:09:56:445,-0.6271,0.9402,8.7282,-0.0377,0.0208,9.8065,-0.0808,0.1571,-0.0691,-2.37,-26.19,18.38,15.67,-82.84,-160.88
52.40285,-1.510218,151.23,15.55,3,264.79,24 / 27,129921,2019-09-08 10:09:56:545,0.101,0.4847,10.2679,-0.0021,-0.0023,9.8065,0.009,-0.0122,-0.0338,-2.75,-26.19,18.25,13.6,-82.82,-159.44
52.40285,-1.510218,151.23,15.55,3,264.79,24 / 27,130022,2019-09-08 10:09:56:646,0.0614,0.4292,10.9136,-0.0142,-0.049,9.8064,-0.0248,0.0553,-0.0367,-3,-26.5,19,14.64,-82.51,-159.06
52.40285,-1.510218,151.23,15.55,3,264.79,24 / 27,130122,2019-09-08 10:09:56:746,0.1427,0.3701,9.9778,0.0015,-0.015,9.8066,0.0472,0.0103,0.0014,-2.94,-26.19,19.13,14.2,-82.34,-159.48
52.40285,-1.510218,151.23,15.55,3,264.79,24 / 27,130222,2019-09-08 10:09:56:846,0.4052,-0.4026,9.1697,0.0107,0.0089,9.8066,-0.0541,0.0117,-0.0636,-2.75,-25.94,18.31,12.76,-82.36,-160.29
52.40285,-1.510218,151.23,15.55,3,264.79,24 / 27,130322,2019-09-08 10:09:56:946,0.067,1.0538,9.5897,0.0094,0.0075,9.8066,-0.1153,0.1451,-0.1266,-2.56,-25.31,18.06,12.21,-82.56,-160.58
52.40285,-1.510218,151.23,15.55,3,264.79,24 / 27,130422,2019-09-08 10:09:57:046,0.9898,0.9034,10.0406,0.0086,-0.0479,9.8065,-0.1957,0.0074,-0.0306,-2.37,-25.87,18.19,14.89,-82.62,-161.61
52.40285,-1.510218,151.23,15.55,3,264.79,24 / 27,130522,2019-09-08 10:09:57:146,1.3872,0.4351,9.8397,0.0035,0.0383,9.8065,0.3004,0.0913,-0.0837,-2.06,-25.81,18.13,12.58,-82.74,-163.44
52.40285,-1.510218,151.23,15.55,3,264.79,24 / 27,130621,2019-09-08 10:09:57:245,0.4472,-1.5072,9.7859,-0.0053,0.0119,9.8066,0.1996,0.0094,0.0101,-1.56,-24.87,18.38,12.08,-82.88,-163.72
52.40285,-1.510218,151.23,15.55,3,264.79,24 / 27,130721,2019-09-08 10:09:57:345,0.4282,1.335,10.1692,-0.0121,0.0008,9.8066,0.0328,-0.0062,0.0177,-2.19,-25.94,18.06,12.72,-82.86,-163.29
52.40285,-1.510218,151.23,15.55,3,264.79,24 / 27,130822,2019-09-08 10:09:57:446,0.9533,2.0743,10.817,-0.0047,0.0222,9.8066,0.0268,0.0083,-0.0196,-2.25,-25.31,18.25,13.18,-82.9,-162.81
52.40285,-1.510218,151.23,15.55,3,264.79,24 / 26,130921,2019-09-08 10:09:57:545,1.401,-0.8756,10.7754,-0.0051,0.0281,9.8066,0.0343,-0.095,0.0884,-1.37,-25.31,18.94,18.18,-82.87,-161.85
52.40285,-1.510218,151.23,15.55,3,264.79,24 / 26,131021,2019-09-08 10:09:57:645,-0.2974,-0.5237,10.4268,-0.0172,-0.0056,9.8066,-0.0698,0.1061,0.023,-1.62,-25.75,19.31,16.38,-82.6,-160.57
52.40285,-1.510218,151.23,15.55,3,264.79,24 / 26,131122,2019-09-08 10:09:57:746,-0.3164,0.7468,9.5519,0.0037,0.0191,9.8066,0.1436,-0.0574,0.1222,-1.62,-25.94,18.88,17.75,-82.64,-159.43
52.40285,-1.510218,151.23,15.55,3,264.79,24 / 26,131221,2019-09-08 10:09:57:845,0.1285,-0.7881,10.3202,0.0071,-0.0159,9.8065,0.1321,0.031,0.0504,-1.69,-25.75,18.44,19.05,-82.59,-158.22
52.40285,-1.510218,151.23,15.55,3,264.79,24 / 26,131321,2019-09-08 10:09:57:945,0.5607,0.4704,10.2664,0.0081,-0.0335,9.8065,0.0511,-0.0194,-0.02,-1.56,-25.31,18.56,17.75,-82.53,-159.36
52.40285,-1.510218,151.23,15.55,3,264.79,24 / 26,131421,2019-09-08 10:09:58:045,0.222,1.2696,10.9421,0.0118,0.0175,9.8065,0.0975,-0.0046,0.0004,-0.75,-25.5,19.31,19.81,-82.54,-160.65
52.40285,-1.510218,151.23,15.55,3,264.79,24 / 26,131522,2019-09-08 10:09:58:146,0.9866,-0.6501,10.0255,0.0259,-0.011,9.8066,-0.1514,0.0291,-0.0922,-1.12,-24.44,18.69,16.46,-82.64,-163.28
52.40285,-1.510218,151.23,15.55,3,264.79,24 / 26,131622,2019-09-08 10:09:58:246,2.1406,0.2517,9.9692,0.0043,0.027,9.8066,-0.0811,-0.0689,0.0034,-0.81,-24.37,19.75,15,-82.78,-164.49
52.40285,-1.510218,151.23,15.55,3,264.79,24 / 26,131721,2019-09-08 10:09:58:345,1.072,0.2076,10.7812,-0.0052,0.0236,9.8066,0.2374,0.0652,0.0174,-0.87,-24.06,19.63,15.56,-82.75,-164.02
52.40285,-1.510218,149.42,18.82,3,270.95,22 / 25,131821,2019-09-08 10:09:58:445,0.8308,-0.1439,10.9262,-0.0101,-0.0571,9.8064,0.1355,-0.0269,0.0738,-0.69,-23.56,19.63,17.16,-82.65,-162.71
52.4029,-1.512574,149.42,18.82,4,270.95,22 / 25,131921,2019-09-08 10:09:58:545,0.827,2.6684,9.8158,-0.0193,-0.0336,9.8065,-0.1362,-0.0457,0.011,-1.25,-23.75,19.19,18,-82.15,-162.2
52.4029,-1.512574,149.42,18.82,4,270.95,22 / 25,132022,2019-09-08 10:09:58:646,0.7345,0.3478,9.873,-0.011,0.0434,9.8065,0.1918,-0.0651,0.1308,-0.94,-23.44,19.25,18.91,-82.17,-161.3
52.4029,-1.512574,149.42,18.82,4,270.95,22 / 25,132121,2019-09-08 10:09:58:745,0.5028,-0.0569,10.1614,-0.009,0.0232,9.8066,0.1219,0.0062,0.0382,-1.44,-23.5,19.94,21.07,-82.36,-159.39
52.4029,-1.512574,149.42,18.82,4,270.95,22 / 25,132221,2019-09-08 10:09:58:845,0.0131,1.0188,10.4873,-0.0088,-0.0032,9.8066,-0.0101,0.0148,-0.008,-1.44,-21.81,19.81,21.4,-82.33,-158.99
52.4029,-1.512574,149.42,18.82,4,270.95,22 / 25,132321,2019-09-08 10:09:58:945,0.4691,-0.1599,10.0167,-0.0042,0.0057,9.8066,0.0999,-0.0187,-0.0285,-1.12,-20.5,20.75,21.18,-82.2,-158.95
52.4029,-1.512574,149.42,18.82,4,270.95,22 / 25,132421,2019-09-08 10:09:59:045,0.2623,-1.0828,10.189,0.0015,-0.0717,9.8063,-0.2427,-0.0584,-0.0326,-0.75,-19.12,19.63,19.44,-81.99,-160.4
52.4029,-1.512574,149.42,18.82,4,270.95,22 / 25,132522,2019-09-08 10:09:59:146,0.55,1.8837,10.8351,-0.0034,-0.0358,9.8065,-0.1442,0.0644,-0.0301,-0.31,-19.06,20,22.82,-82.25,-160.22
52.4029,-1.512574,149.42,18.82,4,270.95,22 / 25,132621,2019-09-08 10:09:59:245,-0.25,-0.0516,10.1405,0.0089,0.0009,9.8065,0.1449,-0.0059,-0.056,0.13,-18.81,18.5,21.84,-82.3,-161.2
52.4029,-1.512574,149.42,18.82,4,270.95,22 / 25,132722,2019-09-08 10:09:59:346,0.2757,0.0516,10.5036,0.0113,0.0102,9.8066,0.1832,-0.0382,-0.0102,-0.31,-19.31,18.5,20.03,-82.25,-162.79
52.4029,-1.512574,149.42,18.82,4,270.95,23 / 25,132821,2019-09-08 10:09:59:445,0.1973,1.4579,10.1648,-0.0049,-0.012,9.8066,-0.0697,0.005,0.0258,-1,-20.44,18,16.2,-82.04,-163.23
52.4029,-1.512574,149.42,18.82,4,270.95,23 / 25,132921,2019-09-08 10:09:59:545,-0.2656,1.3926,10.4709,-0.0081,-0.0082,9.8066,-0.0295,-0.0316,0.0476,-1,-21.94,17.81,17.17,-81.91,-162.72
52.4029,-1.512574,149.42,18.82,4,270.95,23 / 25,133021,2019-09-08 10:09:59:645,-0.8475,-0.0785,10.2859,-0.0037,0.0015,9.8066,-0.0312,0.0248,-0.0138,-1.25,-22.62,19.13,17.79,-81.9,-162.35
52.4029,-1.512574,149.42,18.82,4,270.95,23 / 25,133121,2019-09-08 10:09:59:745,-1.1014,0.1431,9.4776,0.0007,-0.0034,9.8066,0.0233,-0.0872,0.0386,-0.69,-22.87,19.25,18.04,-81.94,-162.12
52.4029,-1.512574,149.42,18.82,4,270.95,23 / 25,133221,2019-09-08 10:09:59:845,-0.2881,0.249,9.4152,-0.0011,-0.0132,9.8066,-0.0935,0.0345,-0.053,-0.19,-22.44,19.44,21.46,-81.98,-162.12
52.4029,-1.512574,149.42,18.82,4,270.95,23 / 25,133321,2019-09-08 10:09:59:945,0.2299,1.0681,10.1016,-0.005,-0.0107,9.8066,-0.0395,0.0046,-0.023,0.38,-22,19.31,21.51,-81.91,-162.11
52.4029,-1.512574,149.42,18.82,4,270.95,23 / 25,133422,2019-09-08 10:10:00:046,0.2972,0.306,10.3725,-0.0055,0.006,9.8066,0.0055,0.0098,-0.0293,1.06,-21.69,18.19,26.28,-81.94,-161.48
52.4029,-1.512574,149.42,18.82,4,270.95,23 / 25,133521,2019-09-08 10:10:00:145,-0.6723,0.3471,10.026,-0.0018,-0.0001,9.8066,0.0882,-0.0126,0.0123,0.88,-20.81,17.44,26.56,-81.92,-161.49
52.4029,-1.512574,149.42,18.82,4,270.95,23 / 25,133621,2019-09-08 10:10:00:245,0.2144,0.3622,10.3701,0.0138,-0.0034,9.8066,-0.0161,-0.023,0.0301,0.06,-20.62,17.5,21,-81.68,-162.68
52.4029,-1.512574,149.42,18.82,4,270.95,23 / 25,133721,2019-09-08 10:10:00:345,-0.0804,1.185,9.7894,0.0032,0.0171,9.8066,0.0506,-0.0227,0.017,-0.81,-18.69,17.69,15.65,-81.66,-163.69
52.4029,-1.512574,149.42,18.82,4,270.95,21 / 26,133821,2019-09-08 10:10:00:445,-0.6958,-0.9637,9.4485,0.0002,-0.0184,9.8066,-0.2445,-0.0245,-0.1475,-0.37,-18.62,18.56,19.89,-81.59,-163.16
52.4029,-1.512574,149.42,18.82,4,270.95,21 / 26,133922,2019-09-08 10:10:00:546,0.1022,1.606,9.8521,0.0065,-0.0215,9.8065,-0.1867,-0.027,-0.068,-0.69,-17.56,17.94,16.12,-81.85,-163.11
52.4029,-1.512574,149.42,18.82,4,270.95,21 / 26,134021,2019-09-08 10:10:00:645,0.0673,1.0744,10.6074,0.0056,0.0166,9.8066,0.1365,-0.0026,0.003,-0.12,-16.94,17.69,19.57,-81.96,-163.14
52.4029,-1.512574,149.42,18.82,4,270.95,21 / 26,134122,2019-09-08 10:10:00:746,-0.0539,0.7551,11.1081,-0.003,-0.0154,9.8065,0.0572,0.0133,0.0059,-0.31,-16.81,16.25,19.48,-81.82,-163.6
52.4029,-1.512574,149.42,18.82,4,270.95,21 / 26,134221,2019-09-08 10:10:00:845,-0.4614,-0.2172,10.7483,-0.0013,-0.0186,9.8066,0.061,-0.0274,0.0439,-0.81,-17.19,15.13,14.63,-81.61,-164.09
52.4029,-1.512574,149.42,18.82,4,270.95,21 / 26,134321,2019-09-08 10:10:00:945,-0.3078,0.7736,9.4709,0.0012,-0.0159,9.8066,-0.1277,-0.0101,0.0001,-2.25,-16.87,15.75,10.33,-81.36,-164.29
52.4029,-1.512574,149.42,18.82,4,270.95,21 / 26,134421,2019-09-08 10:10:01:045,-0.8862,1.1435,9.6829,-0.0119,0.0283,9.8066,0.0762,0.0059,0.0139,-3,-16.94,15.13,7.04,-81.58,-162.86
52.4029,-1.512574,149.42,18.82,4,270.95,21 / 26,134521,2019-09-08 10:10:01:145,-0.0226,1.3456,9.83,-0.0079,0.0118,9.8065,0.0225,0.0391,0.0017,-3.87,-16.62,15.88,4.1,-81.59,-162.52
52.4029,-1.512574,149.42,18.82,4,270.95,21 / 26,134622,2019-09-08 10:10:01:246,-0.9063,0.627,9.9455,0.0003,-0.0056,9.8066,-0.0064,0.04,-0.0693,-5,-17.06,15.44,358.61,-81.58,-162.72
52.4029,-1.512574,149.42,18.82,4,270.95,21 / 26,134721,2019-09-08 10:10:01:345,-0.0466,0.7674,9.7991,0.0159,-0.0085,9.8066,-0.0997,0.0186,-0.0448,-6.56,-17.37,15.31,349.43,-81.5,-163.84
52.4029,-1.512574,149.42,18.82,4,270.95,19 / 24,134822,2019-09-08 10:10:01:446,-0.6467,1.223,9.972,-0.0035,0.0177,9.8066,0.1217,-0.054,0.0107,-6.81,-17.81,15.19,348.35,-81.5,-164.65
52.4029,-1.512574,149.42,18.82,4,270.95,19 / 24,134921,2019-09-08 10:10:01:545,-1.0564,0.6332,10.8186,-0.002,0.0013,9.8065,0.082,-0.0378,0.0137,-7.5,-18,16.06,350.04,-81.57,-164.73
52.4029,-1.512574,149.42,18.82,4,270.95,19 / 24,135022,2019-09-08 10:10:01:646,-0.1959,-0.0604,9.4421,-0.0026,0.0087,9.8066,0.0355,-0.0773,0.0318,-6.75,-18.62,16.06,349.88,-81.54,-164.77
52.4029,-1.512574,149.42,18.82,4,270.95,19 / 24,135121,2019-09-08 10:10:01:745,-1.2722,1.7652,9.5549,-0.0116,0.0288,9.8066,0.0063,-0.0819,0.011,-5.94,-20.56,16.13,354.07,-81.5,-164.24
52.4029,-1.512574,149.42,18.82,4,270.95,19 / 24,135221,2019-09-08 10:10:01:845,-1.8841,0.8061,9.6393,0,-0.0024,9.8066,-0.0171,-0.0246,-0.0055,-5.25,-20.31,15.13,357.17,-81.41,-163.83
52.4029,-1.512574,149.42,18.82,4,270.95,19 / 24,135322,2019-09-08 10:10:01:946,-1.4665,-0.9487,8.7632,0.009,-0.0116,9.8066,-0.1189,-0.0964,0.0464,-4.94,-20.19,14.31,355.62,-81.44,-163.8
52.4029,-1.512574,149.42,18.82,4,270.95,19 / 24,135422,2019-09-08 10:10:02:046,-1.7328,2.2908,10.0909,-0.0106,0.0316,9.8066,0.1758,-0.0659,-0.0272,-4.87,-20.12,13.44,354.38,-81.56,-163.34
52.4029,-1.512574,149.42,18.82,4,270.95,19 / 24,135522,2019-09-08 10:10:02:146,-1.6423,0.746,10.0758,0.009,0.0089,9.8065,0.0529,-0.0412,0.0009,-5.44,-19.69,14.06,355.85,-81.67,-163.64
52.4029,-1.512574,149.42,18.82,4,270.95,19 / 24,135622,2019-09-08 10:10:02:246,-0.8487,-0.0844,10.5502,0.0129,-0.0076,9.8066,0.1159,-0.0079,-0.028,-6.06,-19.19,15.5,353.42,-81.39,-164.86
52.4029,-1.512574,149.42,18.82,4,270.95,19 / 24,135722,2019-09-08 10:10:02:346,-0.613,0.0337,9.8606,0.0057,-0.0182,9.8065,-0.0074,-0.0655,0.0604,-6.5,-18.37,16.19,352.82,-81.14,-165.38
52.4029,-1.512574,149.42,18.82,4,270.95,16 / 19,135821,2019-09-08 10:10:02:445,-1.1616,-0.327,9.1963,-0.0316,0.0164,9.8066,0.2482,0.0286,-0.0234,-6.62,-18.87,16.88,351.42,-80.98,-164.71
52.4029,-1.512574,149.42,18.82,4,270.95,16 / 19,135924,2019-09-08 10:10:02:548,-2.2016,0.1965,9.0724,0.0041,-0.0076,9.8066,0.0476,-0.1245,0.0969,-6.94,-19.69,17.13,353.06,-81.19,-163.32
52.4029,-1.512574,149.42,18.82,4,270.95,16 / 19,136022,2019-09-08 10:10:02:646,-3.3686,2.4429,9.6119,-0.0295,0.0479,9.8064,0.0985,-0.0123,-0.0601,-6.56,-20.12,18.69,358.09,-81.47,-161.38
52.4029,-1.512574,149.42,18.82,4,270.95,16 / 19,136121,2019-09-08 10:10:02:745,-0.5081,-1.0322,8.7655,0.0117,0.0328,9.8065,-0.0844,-0.1272,-0.0536,-6.19,-21.44,18.19,358.64,-81.4,-162.68
52.4029,-1.512574,149.42,18.82,4,270.95,16 / 19,136221,2019-09-08 10:10:02:845,-2.7768,-0.0876,10.2207,0.0227,-0.0173,9.8065,0.0432,-0.0186,-0.07,-6.25,-21.25,17.81,357.37,-81.44,-163.73
52.4029,-1.512574,149.42,18.82,4,270.95,16 / 19,136321,2019-09-08 10:10:02:945,-0.4902,1.3017,10.0267,0.0206,-0.0305,9.8065,-0.1457,-0.0331,-0.0219,-6,-21.5,17.94,354.47,-81.3,-166.11
52.4029,-1.512574,149.42,18.82,4,270.95,16 / 19,136421,2019-09-08 10:10:03:045,-0.8504,0.4547,9.273,-0.0076,0.0167,9.8065,0.1197,-0.0626,-0.0114,-5.81,-22.25,17.81,354.29,-81.41,-166.22
52.4029,-1.512574,149.42,18.82,4,270.95,16 / 19,136522,2019-09-08 10:10:03:146,-0.4371,1.2243,10.119,-0.0155,0.006,9.8066,-0.0771,0.0172,-0.0001,-5.12,-22.12,17.81,358.2,-81.43,-165.94
52.4029,-1.512574,149.42,18.82,4,270.95,16 / 19,136622,2019-09-08 10:10:03:246,-1.6675,-0.1435,10.3067,0.0007,-0.0016,9.8066,0.0464,-0.089,0.0766,-5.56,-23.25,18.44,355.12,-81.38,-165.5
52.4029,-1.512574,149.42,18.82,4,270.95,16 / 19,136721,2019-09-08 10:10:03:345,-1.2192,0.1662,9.5503,-0.0038,-0.0184,9.8066,-0.034,-0.0567,-0.0459,-5,-23.25,18.19,358.62,-81.19,-165.58
52.4029,-1.512574,149.42,18.82,4,270.95,15 / 21,136821,2019-09-08 10:10:03:445,-1.7503,0.5774,9.7517,0.0088,0.0137,9.8066,0.0748,-0.0989,0.0143,-5.37,-24.31,17.63,358.07,-81.11,-166
52.4029,-1.512574,149.42,18.82,4,270.95,15 / 21,136922,2019-09-08 10:10:03:546,-0.2259,-1.1928,9.8585,-0.0123,0.0046,9.8066,0.0321,-0.0217,-0.071,-5.81,-25.5,16.44,351.03,-81.2,-166.31
52.4029,-1.512574,149.42,18.82,4,270.95,15 / 21,137021,2019-09-08 10:10:03:645,-0.7154,-1.0509,9.8232,0.0028,0.0039,9.8066,-0.186,-0.1498,0.0508,-5.75,-25.81,15.56,351.1,-81.23,-166.19
52.4029,-1.512574,149.42,18.82,4,270.95,15 / 21,137122,2019-09-08 10:10:03:746,-2.0847,0.3532,10.2077,-0.0142,0.0204,9.8066,-0.0237,-0.0876,-0.005,-6.25,-25.87,14.63,349.88,-81.31,-165.76
52.4029,-1.512574,149.42,18.82,4,270.95,15 / 21,137222,2019-09-08 10:10:03:846,-0.5654,-0.0936,9.4446,0.0081,-0.0084,9.8066,-0.0352,-0.1732,0.0727,-6.81,-24.19,13.38,341.4,-81.19,-165.53
52.4029,-1.512574,149.42,18.82,4,270.95,15 / 21,137322,2019-09-08 10:10:03:946,-2.4242,-1.3039,9.6138,-0.0062,-0.0046,9.8066,0.0158,-0.0688,-0.0123,-7.06,-23.56,13.63,345.1,-81.17,-164.69
52.4029,-1.512574,149.42,18.82,4,270.95,15 / 21,137421,2019-09-08 10:10:04:045,-1.3398,-0.3322,9.3098,-0.0045,0.008,9.8066,-0.1299,-0.1171,-0.0111,-7.31,-22.94,14.56,348.23,-81.21,-164.13
52.4029,-1.512574,149.42,18.82,4,270.95,15 / 21,137521,2019-09-08 10:10:04:145,-1.9127,0.0622,9.9614,-0.0058,0.0041,9.8066,-0.0128,-0.0614,-0.0483,-7.37,-21.25,15,349.21,-81.31,-163.59
52.4029,-1.512574,149.42,18.82,4,270.95,15 / 21,137621,2019-09-08 10:10:04:245,-1.6614,-0.4657,9.7439,-0.0002,-0.0149,9.8066,-0.0281,-0.0719,-0.0216,-8.5,-21.87,15.31,344.72,-81.24,-164.06
52.4029,-1.512574,149.42,18.82,4,270.95,15 / 21,137721,2019-09-08 10:10:04:345,-0.5497,-0.9456,9.331,0.009,-0.0057,9.8065,-0.0357,-0.077,0.0124,-8.5,-21.62,14.88,344.77,-81.1,-163.96
52.4029,-1.512574,149.42,18.82,4,270.95,May-23,137822,2019-09-08 10:10:04:446,-2.2463,-0.482,10.6862,-0.0111,0.0158,9.8065,0.0904,-0.0525,-0.0197,-8.94,-23.62,16.19,343.71,-81.06,-163.48
52.4029,-1.512574,149.42,18.82,4,270.95,May-23,137922,2019-09-08 10:10:04:546,-1.4121,-2.6144,11.1545,0.0083,-0.0247,9.8066,0.0749,-0.1317,0.0018,-9.25,-25.56,16.88,345.02,-80.96,-163.76
52.4029,-1.512574,149.42,18.82,4,270.95,May-23,138021,2019-09-08 10:10:04:645,-3.285,0.1316,10.1572,-0.0073,0.025,9.8066,0.0784,-0.0589,-0.0614,-8.56,-26.06,15.75,342.2,-80.88,-164.29
52.4029,-1.512574,149.42,18.82,4,270.95,May-23,138122,2019-09-08 10:10:04:746,-0.985,-0.3567,10.4542,-0.0017,0.0227,9.8065,0.0745,-0.1134,-0.0112,-7.44,-26.31,15.06,346.14,-81.04,-165.32
52.4029,-1.512574,149.42,18.82,4,270.95,May-23,138222,2019-09-08 10:10:04:846,-1.1634,-2.1091,9.8482,0.0039,-0.0091,9.8066,0.0184,-0.0364,-0.007,-7.44,-26.69,14.31,343.25,-80.97,-165.51
52.4029,-1.512574,149.42,18.82,4,270.95,May-23,138322,2019-09-08 10:10:04:946,-2.4669,-0.8902,10.2124,0.0054,-0.0212,9.8066,0.0243,-0.1217,0.0982,-7.62,-26.62,13.81,339.05,-80.9,-165.52
52.4029,-1.512574,149.42,18.82,4,270.95,May-23,138422,2019-09-08 10:10:05:046,-1.8901,-0.5239,10.3493,0.004,-0.0094,9.8065,0.0482,-0.0963,0.0307,-7.06,-26.06,13.19,341.46,-80.84,-164.9
52.4029,-1.512574,149.42,18.82,4,270.95,May-23,138521,2019-09-08 10:10:05:145,-1.4259,0.3196,9.6422,-0.0021,-0.0143,9.8066,-0.0248,-0.086,0.0197,-7.06,-24.81,12.69,341.88,-80.78,-164.76
52.4029,-1.512574,149.42,18.82,4,270.95,May-23,138621,2019-09-08 10:10:05:245,-1.4944,-0.8952,9.6253,0.0026,-0.0083,9.8066,0.0272,-0.1081,0.0932,-7.56,-24.25,13.44,338.48,-80.88,-164.41
52.4029,-1.512574,149.42,18.82,4,270.95,May-23,138722,2019-09-08 10:10:05:346,-0.5676,-0.6119,9.5887,-0.002,-0.0179,9.8066,0.0314,-0.0495,-0.0221,-7.87,-23.25,13.69,342.16,-80.73,-163.84
52.4029,-1.512574,149.42,18.82,4,270.95,May-19,138821,2019-09-08 10:10:05:445,-2.0191,-1.3272,10.4327,0.002,-0.0166,9.8066,0.0463,-0.0888,0.0544,-7.81,-22.81,13.56,342.13,-80.74,-163.86
52.4029,-1.512574,149.42,18.82,4,270.95,May-19,138921,2019-09-08 10:10:05:545,-1.6724,-1.3983,10.355,0.0008,-0.0016,9.8066,0.1493,-0.1192,0.0268,-7.37,-22.69,14.25,346.15,-80.57,-163.8
52.4029,-1.512574,149.42,18.82,4,270.95,May-19,139021,2019-09-08 10:10:05:645,-1.1557,-0.3901,10.3662,0.018,-0.0143,9.8065,-0.0137,-0.116,0.0187,-6.94,-23.62,14.13,344.1,-80.24,-165.02
52.4029,-1.512574,149.42,18.82,4,270.95,May-19,139122,2019-09-08 10:10:05:746,-1.1082,-1.369,10.3082,0.0027,0.0017,9.8066,-0.0147,-0.0952,0.0181,-6.69,-23.19,13.56,343.97,-80.18,-165.27
52.4029,-1.512574,149.42,18.82,4,270.95,May-19,139221,2019-09-08 10:10:05:845,-2.3343,-1.6189,9.8363,-0.0097,-0.0104,9.8066,-0.0305,-0.119,-0.0047,-7.06,-22.31,12.44,339.11,-80.19,-164.82
52.4029,-1.512574,149.42,18.82,4,270.95,May-19,139321,2019-09-08 10:10:05:945,-2.0356,-1.87,10.8453,-0.0042,0.0118,9.8065,0.1339,-0.1615,0.0447,-7.19,-21.56,10.06,332.28,-80.26,-164.21
52.4029,-1.512574,149.42,18.82,4,270.95,May-19,139421,2019-09-08 10:10:06:045,-2.6463,-1.4989,9.926,0.0459,-0.0188,9.8065,-0.0941,-0.015,-0.0537,-7.5,-21.12,9.81,331.56,-80.09,-164.96
52.4029,-1.512574,149.42,18.82,4,270.95,May-19,139521,2019-09-08 10:10:06:145,0.0206,-0.6238,9.4707,0.0322,-0.0253,9.8065,-0.1654,-0.149,0.0406,-7.31,-20.5,10.13,328.54,-79.71,-167.23
52.4029,-1.512574,149.42,18.82,4,270.95,May-19,139621,2019-09-08 10:10:06:245,-0.2238,-0.5505,10.0441,-0.0711,0.0734,9.8061,0.2424,-0.153,0.0317,-8,-20.69,11.31,329.97,-80.18,-166.04
52.4029,-1.512574,149.42,18.82,4,270.95,May-19,139721,2019-09-08 10:10:06:345,-3.4201,-1.5933,10.9394,-0.0635,0.0761,9.8061,0.4678,-0.2372,0.1342,-7.62,-20.19,12.81,337.97,-80.3,-165.38
52.4029,-1.512574,149.42,18.82,4,270.95,May-17,139822,2019-09-08 10:10:06:446,-2.4122,-1.2901,11.8668,0.0784,-0.0931,9.8058,-0.0971,-0.1846,-0.0709,-7.87,-21.62,13.88,339.83,-80.17,-165.54
52.4029,-1.512574,149.42,18.82,4,270.95,May-17,139922,2019-09-08 10:10:06:546,-2.0779,-1.6766,10.1542,0.0773,-0.0709,9.806,-0.1112,-0.0307,-0.053,-7,-20.56,14.5,341.14,-79.42,-169.22
52.4029,-1.512574,149.42,18.82,4,270.95,May-17,140022,2019-09-08 10:10:06:646,-2.0216,-0.9779,8.1965,-0.0476,0.107,9.8058,0.0744,-0.2117,0.0412,-6.81,-20.75,14.81,340.29,-79.28,-169.8
52.4029,-1.512574,149.42,18.82,4,270.95,May-17,140122,2019-09-08 10:10:06:746,-1.4644,-0.0982,9.9031,-0.0449,0.06,9.8063,0.1634,-0.1678,0.0908,-7.25,-22.06,14.63,341.47,-80.06,-169.06
52.4029,-1.512574,149.42,18.82,4,270.95,May-17,140222,2019-09-08 10:10:06:846,-1.1998,-1.6169,10.3763,0.018,-0.045,9.8064,-0.0299,-0.1011,0.0425,-7.87,-24.62,15.75,340.18,-79.67,-168.07
52.4029,-1.512574,149.42,18.82,4,270.95,May-17,140322,2019-09-08 10:10:06:946,0.1497,-0.8142,10.1996,0.022,-0.0364,9.8065,0.001,-0.0286,-0.0548,-7.69,-26.44,14.31,333.85,-79.47,-168.54
52.4029,-1.512574,149.42,18.82,4,270.95,May-17,140422,2019-09-08 10:10:07:046,-2.64,0.4298,10.3543,0.0039,0.0281,9.8066,0.2384,-0.0335,-0.0698,-7.5,-27.62,12.44,330.42,-79.27,-168.17
52.4029,-1.512574,149.42,18.82,4,270.95,May-17,140522,2019-09-08 10:10:07:146,-2.7943,-1.6178,8.7671,-0.0641,0.0315,9.8063,0.19,-0.0553,0.1177,-7.37,-27.56,10.19,321.25,-79.62,-168.21
52.4029,-1.512574,149.42,18.82,4,270.95,May-17,140621,2019-09-08 10:10:07:245,-2.8207,0.831,9.5109,-0.0154,0.0021,9.8066,-0.0776,-0.2368,0.2666,-8.06,-26.31,9.56,320.21,-79.71,-167.17
52.4029,-1.512574,149.42,18.82,4,270.95,May-17,140721,2019-09-08 10:10:07:345,-2.3186,-0.9371,9.9377,0.0189,-0.0385,9.8065,0.0066,0.0835,-0.1679,-7.62,-26.87,9.63,321.65,-79.49,-165.32
52.40319,-1.514908,148.3,17.71,32,304.26,Nov-17,140822,2019-09-08 10:10:07:446,-4.0627,-0.8338,9.0194,-0.0358,0.039,9.8065,0.3034,-0.0417,-0.0882,-7.5,-26.5,11.13,329.95,-79.19,-166.29
52.40319,-1.514908,148.3,17.71,32,304.26,Nov-17,140921,2019-09-08 10:10:07:545,0.4307,-0.4551,10.4724,0.0151,0.049,9.8064,0.2336,-0.0289,-0.0008,-7.37,-26.44,10.69,327.28,-79.34,-168.24
52.40319,-1.514908,148.3,17.71,32,304.26,Nov-17,141021,2019-09-08 10:10:07:645,-0.4444,-0.7091,10.2827,0.0376,-0.0229,9.8065,-0.1724,-0.0445,0.0507,-7.31,-26.25,11.75,330.42,-79.15,-168.83
52.40319,-1.514908,148.3,17.71,32,304.26,Nov-17,141122,2019-09-08 10:10:07:746,-2.0669,-1.7283,9.3425,0.0185,-0.0527,9.8064,-0.2179,-0.0515,0.011,-6.44,-27,11.63,334.74,-78.93,-168.76
52.40319,-1.514908,148.3,17.71,32,304.26,Nov-17,141222,2019-09-08 10:10:07:846,-0.7586,-1.9282,9.7479,-0.0318,0.0224,9.8065,0.0591,-0.179,0.0571,-5.69,-28,11.56,337.26,-79.32,-167.2
52.40319,-1.514908,148.3,17.71,32,304.26,Nov-17,141322,2019-09-08 10:10:07:946,-3.2354,0.1059,10.9435,-0.0054,-0.0105,9.8066,0.0259,-0.059,-0.0177,-6.06,-27.69,10.63,333.79,-79.2,-166.5
52.40319,-1.514908,148.3,17.71,32,304.26,Nov-17,141422,2019-09-08 10:10:08:046,-1.2644,-0.8137,11.2334,0.0316,-0.0443,9.8064,-0.0773,-0.0858,0.0237,-6.31,-27.94,10.75,332.56,-79.11,-167.14
52.40319,-1.514908,148.3,17.71,32,304.26,Nov-17,141521,2019-09-08 10:10:08:145,-0.2766,-0.0654,9.9305,0.045,-0.042,9.8064,-0.0671,-0.0536,0.0124,-6.69,-28.69,10.31,318.08,-78.52,-167.77
52.40319,-1.514908,148.3,17.71,32,304.26,Nov-17,141621,2019-09-08 10:10:08:245,-1.7244,-1.7726,10.0253,-0.0223,0.0194,9.8065,0.0481,-0.0559,-0.0194,-5.69,-28.87,9.81,324.48,-78.58,-167.28
52.40319,-1.514908,148.3,17.71,32,304.26,Nov-17,141722,2019-09-08 10:10:08:346,-3.492,-1.0163,9.9599,-0.049,0.0154,9.8064,0.1647,-0.0942,0.0731,-6.75,-28.81,9.44,314.93,-78.97,-166.3
52.40319,-1.514908,148.3,17.71,32,304.26,17 / 22,141822,2019-09-08 10:10:08:446,-1.1082,-2.3156,9.9875,0.044,-0.0162,9.8064,-0.1043,-0.0922,0.0357,-7.94,-28.25,8.25,305.83,-79,-165.86
52.40319,-1.514908,148.3,17.71,32,304.26,17 / 22,141921,2019-09-08 10:10:08:545,-1.2036,-1.1529,9.7582,0.0361,-0.0089,9.8065,-0.0922,-0.1032,0.0793,-9.06,-27.62,8.56,307.66,-78.77,-166.74
52.40319,-1.514908,148.3,17.71,32,304.26,17 / 22,142021,2019-09-08 10:10:08:645,-2.2237,-1.3668,9.8203,-0.0316,0.0127,9.8065,0.1293,-0.0878,-0.0357,-10.44,-26.37,8.88,307.66,-78.74,-166.19
52.40319,-1.514908,148.3,17.71,32,304.26,17 / 22,142121,2019-09-08 10:10:08:745,-1.8794,-1.186,10.0647,-0.0334,0.015,9.8065,0.0639,-0.0909,-0.003,-10.19,-24.5,8.94,309.91,-78.95,-166.18
52.40319,-1.514908,148.3,17.71,32,304.26,17 / 22,142222,2019-09-08 10:10:08:846,-0.6954,-1.7233,9.5716,0.037,-0.0127,9.8065,-0.1706,-0.1029,-0.0272,-10.37,-22.75,10.38,314.16,-78.89,-167.17
52.40319,-1.514908,148.3,17.71,32,304.26,17 / 22,142322,2019-09-08 10:10:08:946,-2.0858,0.3421,9.4531,0.0054,0.0096,9.8065,-0.1384,-0.0725,-0.0232,-9.56,-22.81,9.5,313.95,-79.12,-167.64
52.40319,-1.514908,148.3,17.71,32,304.26,17 / 22,142422,2019-09-08 10:10:09:046,-2.0826,-0.8932,10.8129,-0.0041,-0.012,9.8066,0.0737,-0.0626,-0.0119,-8.87,-23.56,9.44,311.74,-79.25,-167.39
52.40319,-1.514908,148.3,17.71,32,304.26,17 / 22,142521,2019-09-08 10:10:09:145,-2.3038,0.8054,13.0368,0.0446,-0.0154,9.8065,0.0937,-0.0864,0.0363,-7.81,-25.12,9.31,312.04,-78.77,-168.11
52.40319,-1.514908,148.3,17.71,32,304.26,17 / 22,142621,2019-09-08 10:10:09:245,0.0817,-3.6812,11.1733,0.0824,-0.0781,9.8059,-0.1222,-0.1185,0.0603,-6.56,-26.94,9.63,319.36,-78.36,-168.02
52.40319,-1.514908,148.3,17.71,32,304.26,17 / 22,142722,2019-09-08 10:10:09:346,0.7646,1.0172,8.2864,0.0211,-0.0477,9.8064,-0.361,-0.1031,0.0212,-6.81,-27.44,9.56,317.69,-77.84,-168.2
52.40319,-1.514908,148.3,17.71,32,304.26,19 / 25,142822,2019-09-08 10:10:09:446,-0.0503,-0.53,7.5237,-0.0586,0.052,9.8063,0.0122,-0.2113,0.1593,-8.44,-27.12,9.69,319.19,-78.95,-166.18
52.40319,-1.514908,148.3,17.71,32,304.26,19 / 25,142921,2019-09-08 10:10:09:545,-2.5074,0.8173,9.3289,-0.0665,0.043,9.8063,0.1061,-0.0919,-0.0714,-8.87,-27.87,8.13,305.32,-79.41,-165.2
52.40319,-1.514908,148.3,17.71,32,304.26,19 / 25,143022,2019-09-08 10:10:09:646,-1.3502,-1.7657,10.4973,0.0433,-0.0056,9.8065,0.021,-0.0948,-0.0558,-9.31,-26.87,8.94,310.9,-79.24,-165.99
52.40319,-1.514908,148.3,17.71,32,304.26,19 / 25,143121,2019-09-08 10:10:09:745,-8.3689,0.6293,12.9823,-0.0431,0.0533,9.8064,0.1577,-0.4101,0.3901,-8.87,-27.69,10.31,313.29,-79.11,-167.4
52.40319,-1.514908,148.3,17.71,32,304.26,19 / 25,143221,2019-09-08 10:10:09:845,-5.3196,-2.1879,10.4973,-0.0223,0.0122,9.8066,0.9294,0.2889,-0.3523,-8.87,-27.87,11.19,319.42,-78.29,-165.49
52.40319,-1.514908,148.3,17.71,32,304.26,19 / 25,143321,2019-09-08 10:10:09:945,3.3774,-7.8243,10.4539,-0.0018,-0.0244,9.8066,0.3407,0.4844,-0.3484,-8.25,-28.62,10.56,322.23,-78.17,-165.5
52.40319,-1.514908,148.3,17.71,32,304.26,19 / 25,143421,2019-09-08 10:10:10:045,-4.3037,-1.1498,6.9588,-0.049,0.0506,9.8063,-0.5084,0.0374,-0.0149,-7.37,-29.25,9.31,314.02,-79.02,-166.99
52.40319,-1.514908,148.3,17.71,32,304.26,19 / 25,143521,2019-09-08 10:10:10:145,-2.2919,0.5902,7.2888,0.0184,0.0029,9.8065,-0.5319,-0.0075,0.0129,-6.81,-29.37,8.81,311.43,-78.93,-168.45
52.40319,-1.514908,148.3,17.71,32,304.26,19 / 25,143621,2019-09-08 10:10:10:245,-1.5547,1.5715,8.6772,-0.0064,0.0165,9.8066,0.3332,-0.0169,-0.034,-5.19,-29.12,8.38,312.33,-78.94,-168.99
52.40319,-1.514908,148.3,17.71,32,304.26,19 / 25,143721,2019-09-08 10:10:10:345,0.2424,-1.3312,10.0674,-0.0189,0.0089,9.8066,0.1141,-0.0563,0.0761,-6,-29.37,8.38,306.34,-78.94,-169.3
52.40319,-1.514908,148.3,17.71,32,304.26,22 / 27,143823,2019-09-08 10:10:10:447,0.8974,0.8106,10.3026,0.0344,-0.0067,9.8065,-0.2619,-0.1557,0.1166,-6.31,-29.19,8.31,306.73,-79.04,-169.32
52.40319,-1.514908,148.3,17.71,32,304.26,22 / 27,143921,2019-09-08 10:10:10:545,0.1934,-0.0541,10.8195,0.0514,-0.0278,9.8065,-0.1943,-0.0685,-0.0065,-6.56,-28.87,9,309.6,-78.89,-169.54
52.40319,-1.514908,148.3,17.71,32,304.26,22 / 27,144021,2019-09-08 10:10:10:645,-0.2179,1.9537,10.643,-0.0453,0.0412,9.8064,0.2821,-0.0794,0.0351,-5.81,-29.44,9.13,315.18,-79.25,-169.79
52.40319,-1.514908,148.3,17.71,32,304.26,22 / 27,144122,2019-09-08 10:10:10:746,0.7191,-0.1786,9.6245,-0.0295,0.0182,9.8065,0.1837,-0.0192,0.0001,-4.94,-30.19,9.13,320.08,-79.2,-169.7
52.40319,-1.514908,148.3,17.71,32,304.26,22 / 27,144221,2019-09-08 10:10:10:845,-0.9242,-0.4847,10.3775,0.0132,-0.0267,9.8066,-0.1528,0.0366,-0.0354,-5.12,-29.69,8.63,320.78,-79.15,-169.22
52.40319,-1.514908,148.3,17.71,32,304.26,22 / 27,144321,2019-09-08 10:10:10:945,-0.5558,0.8253,8.8407,0.0115,-0.0212,9.8065,-0.0962,0.0001,0.0226,-4.75,-29.81,9,321.58,-78.99,-168.47
52.40319,-1.514908,148.3,17.71,32,304.26,22 / 27,144421,2019-09-08 10:10:11:045,-1.0847,-0.653,9.7888,-0.0357,-0.0033,9.8065,0.1081,0.0912,-0.0549,-4.81,-30.37,8.5,322.69,-78.89,-167.69
52.40319,-1.514908,148.3,17.71,32,304.26,22 / 27,144521,2019-09-08 10:10:11:145,-1.1125,-0.9449,10.7088,-0.0107,-0.0173,9.8066,-0.0067,-0.0648,0.0711,-4.69,-30.25,7.69,317.02,-79.02,-165.83
52.40319,-1.514908,148.3,17.71,32,304.26,22 / 27,144622,2019-09-08 10:10:11:246,-0.7555,0.5097,10.3829,0.0037,-0.0019,9.8066,-0.0517,0.0316,-0.0589,-5.25,-30.56,6.81,303.65,-79.21,-165.71
52.40319,-1.514908,148.3,17.71,32,304.26,22 / 27,144722,2019-09-08 10:10:11:346,-0.7772,0.4078,9.6478,0.0323,0.0151,9.8065,-0.0272,-0.101,0.005,-5.62,-30.69,7.19,298.34,-79.27,-166.68
52.40319,-1.514908,148.3,17.71,32,304.26,24 / 26,144821,2019-09-08 10:10:11:445,0.4956,0.2625,8.4087,-0.0392,0.0064,9.8065,0.1121,0.0421,-0.0227,-6.56,-30,6.63,297.07,-79.27,-166.9
52.40319,-1.514908,148.3,17.71,32,304.26,24 / 26,144922,2019-09-08 10:10:11:546,-0.8503,-0.0633,10.2033,-0.0346,-0.0053,9.8066,0.0483,-0.0369,0.0842,-7.31,-30.56,6.63,298.23,-79.54,-165.89
52.40319,-1.514908,148.3,17.71,32,304.26,24 / 26,145021,2019-09-08 10:10:11:645,0.1304,-0.2723,10.3436,0.0066,-0.013,9.8066,-0.0177,-0.0605,0.0282,-6.62,-29.19,6.94,303.05,-79.51,-164.6
52.40319,-1.514908,148.3,17.71,32,304.26,24 / 26,145121,2019-09-08 10:10:11:745,-0.9247,0.2054,9.8998,-0.0164,0.0043,9.8066,0.149,0.0152,-0.0566,-6.12,-29.5,8.06,317.03,-79.45,-164.21
52.40319,-1.514908,148.3,17.71,32,304.26,24 / 26,145221,2019-09-08 10:10:11:845,-0.9825,0.3888,8.8013,-0.0345,0.0139,9.8065,-0.0193,-0.052,0.0652,-5.56,-29.44,6.88,306.89,-79.54,-164.55
52.40319,-1.514908,148.3,17.71,32,304.26,24 / 26,145322,2019-09-08 10:10:11:946,0.3428,1.2947,8.5396,-0.0671,0.0339,9.8063,0.0803,0.0454,-0.1109,-6.5,-29,6.25,298.08,-79.86,-164.04
52.40319,-1.514908,148.3,17.71,32,304.26,24 / 26,145421,2019-09-08 10:10:12:045,-1.4825,0.7762,9.8301,0.0151,-0.0057,9.8065,-0.0889,-0.0048,-0.0795,-6.94,-29.37,5.75,296.23,-79.98,-164.21
52.40319,-1.514908,148.3,17.71,32,304.26,24 / 26,145521,2019-09-08 10:10:12:145,-0.071,2.0113,10.352,0.0021,0.013,9.8066,0.1151,0.0546,-0.0722,-7.69,-28.69,5.5,293.58,-80.03,-165.18
52.40319,-1.514908,148.3,17.71,32,304.26,24 / 26,145621,2019-09-08 10:10:12:245,0.4367,1.2322,8.6791,0.024,0.0138,9.8066,-0.1527,-0.0266,0.0721,-8.12,-28.19,5.88,294.54,-79.96,-165.27
52.40319,-1.514908,148.3,17.71,32,304.26,24 / 26,145721,2019-09-08 10:10:12:345,-1.9712,-0.1434,10.6784,-0.0041,-0.0221,9.8066,-0.0705,-0.035,0.0296,-8.19,-27.81,5.81,294.08,-79.85,-165.28
52.40319,-1.514908,148.3,17.71,32,304.26,24 / 26,145821,2019-09-08 10:10:12:445,0.4534,1.8909,9.0203,0.0013,-0.0064,9.8066,-0.211,-0.0649,0.1073,-8.87,-28.44,7.06,300.03,-79.95,-165.42
52.40319,-1.514908,148.3,17.71,32,304.26,25 / 27,145922,2019-09-08 10:10:12:546,-1.596,1.5231,6.8887,-0.0394,0.0181,9.8065,-0.2626,-0.0965,0.1088,-8.75,-27.87,7.13,302.41,-80.22,-164.24
52.40319,-1.514908,148.3,17.71,32,304.26,25 / 27,146021,2019-09-08 10:10:12:645,-1.8962,-0.0885,8.8734,0.0046,-0.0233,9.8066,0.2289,0.1162,-0.0472,-7.87,-28.37,7.31,308.51,-80.3,-161.75
52.40319,-1.514908,148.3,17.71,32,304.26,25 / 27,146122,2019-09-08 10:10:12:746,-0.2036,1,10.678,-0.0042,-0.0112,9.8066,0.2123,0.0259,-0.0527,-6.94,-28.25,7.13,314.03,-80.47,-160.76
52.40319,-1.514908,148.3,17.71,32,304.26,25 / 27,146221,2019-09-08 10:10:12:845,-0.9034,0.6845,9.6974,-0.0226,0.0181,9.8066,-0.1182,-0.0026,-0.0269,-7.25,-28.56,6.63,312.15,-80.42,-161.08
52.40319,-1.514908,148.3,17.71,32,304.26,25 / 27,146322,2019-09-08 10:10:12:946,-1.5463,1.3594,10.1077,-0.0195,0.0064,9.8066,0.0082,0.0004,-0.0962,-6.62,-28.87,6.25,303.02,-80.55,-161.31
52.40319,-1.514908,148.3,17.71,32,304.26,25 / 27,146421,2019-09-08 10:10:13:045,0.7009,1.1476,9.9484,0.0327,-0.0045,9.8065,-0.0691,-0.1159,0.0833,-6.31,-28.19,6.31,307.61,-80.58,-161.46
52.40319,-1.514908,148.3,17.71,32,304.26,25 / 27,146521,2019-09-08 10:10:13:145,-0.9101,0.3622,9.7213,0.0011,-0.0019,9.8066,-0.0707,-0.0254,0.0311,-7,-29.19,6.19,303.41,-80.53,-160.97
52.40319,-1.514908,148.3,17.71,32,304.26,25 / 27,146621,2019-09-08 10:10:13:245,-2.2676,0.2175,9.7814,-0.0221,-0.0051,9.8066,0.0065,0.0606,-0.03,-6.87,-28.69,6.25,305.66,-80.7,-159.95
52.40319,-1.514908,148.3,17.71,32,304.26,25 / 27,146721,2019-09-08 10:10:13:345,0.2419,0.1744,9.502,-0.0098,0.0024,9.8066,-0.007,0.0105,0.0419,-7.62,-28.5,5.94,304.9,-80.76,-159.79
52.40319,-1.514908,148.3,17.71,32,304.26,25 / 27,146825,2019-09-08 10:10:13:449,-0.4909,1.4911,9.6628,-0.0018,0.0041,9.8066,-0.0118,-0.0009,0.0665,-7.75,-29.06,5,296.37,-80.76,-158.81
52.40319,-1.514908,148.3,17.71,32,304.26,27 / 28,146921,2019-09-08 10:10:13:545,-0.5016,0.3867,10.1368,-0.0104,-0.0182,9.8066,0.0287,0.0251,0.0474,-8.06,-30.19,5.38,296.03,-80.7,-157.85
52.40319,-1.514908,148.3,17.71,32,304.26,27 / 28,147022,2019-09-08 10:10:13:646,0.13,0.996,9.2646,-0.0209,-0.011,9.8066,0.0348,-0.003,0.0168,-8.31,-30.5,6.56,314.32,-80.61,-157.12
52.40319,-1.514908,148.3,17.71,32,304.26,27 / 28,147121,2019-09-08 10:10:13:745,-2.0772,0.6796,10.2095,-0.0187,0.0007,9.8065,0.0078,-0.0533,0.062,-8.44,-30.06,7.31,317.24,-80.66,-155.33
52.40319,-1.514908,148.3,17.71,32,304.26,27 / 28,147221,2019-09-08 10:10:13:845,0.4377,0.4689,9.1927,-0.0026,0.0019,9.8066,-0.0631,0.0328,0.0023,-7.62,-28.44,7.13,321.35,-80.77,-154.1
52.40319,-1.514908,148.3,17.71,32,304.26,27 / 28,147321,2019-09-08 10:10:13:945,-0.7364,0.5331,10.1751,-0.0161,0.0036,9.8066,-0.0055,0.0417,0.0108,-8.25,-28.5,7.31,322.08,-80.89,-153.82
52.40319,-1.514908,148.3,17.71,32,304.26,27 / 28,147421,2019-09-08 10:10:14:045,0.4749,0.7788,10.2221,0.0092,-0.0031,9.8066,0.0224,-0.023,-0.0138,-8.19,-28.37,6.19,314.06,-80.93,-153.84
52.40319,-1.514908,148.3,17.71,32,304.26,27 / 28,147521,2019-09-08 10:10:14:145,-0.0063,-0.5403,10.2078,0.0075,-0.0028,9.8066,0.0336,0.0042,-0.0708,-8.62,-28.87,5.88,310.22,-80.82,-153.9
52.40319,-1.514908,148.3,17.71,32,304.26,27 / 28,147621,2019-09-08 10:10:14:245,-1.6538,-0.0002,9.6798,-0.0168,0.0035,9.8066,0.0791,-0.0273,0.0241,-8.69,-28.06,6,310.46,-80.83,-154.43
52.40319,-1.514908,148.3,17.71,32,304.26,27 / 28,147721,2019-09-08 10:10:14:345,-0.4165,1.3885,8.9307,-0.0327,0.0035,9.8065,-0.0053,0.0368,-0.0693,-8.31,-28.44,5.88,314.52,-81.02,-153.73
52.40319,-1.514908,148.3,17.71,32,304.26,25 / 26,147821,2019-09-08 10:10:14:445,-0.0243,-0.0946,9.3659,-0.0086,0.006,9.8066,-0.0675,-0.0199,0.0184,-8.62,-29.19,5.69,311.68,-81.17,-153.64
52.40319,-1.514908,148.3,17.71,32,304.26,25 / 26,147922,2019-09-08 10:10:14:546,-0.7606,-0.0744,10.1927,-0.0059,0.0074,9.8066,0.0601,-0.052,0.0468,-9.19,-28.75,5.63,312.99,-81.44,-153.31
52.40319,-1.514908,148.3,17.71,32,304.26,25 / 26,148021,2019-09-08 10:10:14:645,0.5065,0.5479,9.676,0.0089,-0.0005,9.8066,-0.1,0.0086,0.0068,-8.87,-28.87,5.63,313.68,-81.48,-152.91
52.40319,-1.514908,148.3,17.71,32,304.26,25 / 26,148121,2019-09-08 10:10:14:745,-0.2061,2.5809,8.9996,0.0091,-0.0143,9.8066,-0.0808,0.0916,-0.0391,-9,-28.87,5.06,306.31,-81.4,-152.44
52.40319,-1.514908,148.3,17.71,32,304.26,25 / 26,148222,2019-09-08 10:10:14:846,-1.1379,-0.1481,9.8897,-0.026,-0.0043,9.8066,0.1319,-0.0603,0.0554,-9.12,-29.06,4.88,308.34,-81.49,-151.19
52.40319,-1.514908,148.3,17.71,32,304.26,25 / 26,148321,2019-09-08 10:10:14:945,-0.5597,1.059,10.4274,-0.0148,0.0053,9.8066,0.0901,-0.0035,-0.0244,-9,-30.06,5.25,308.23,-81.48,-150.56
52.40319,-1.514908,148.3,17.71,32,304.26,25 / 26,148422,2019-09-08 10:10:15:046,-0.0019,0.1237,9.4412,0.0053,0.0103,9.8066,-0.117,0.0281,-0.045,-8.75,-29.69,5.5,315.73,-81.52,-150.95
52.40319,-1.514908,148.3,17.71,32,304.26,25 / 26,148521,2019-09-08 10:10:15:145,0.1768,0.8031,9.4315,-0.0029,-0.005,9.8066,-0.1048,0.0111,-0.0783,-8.37,-29.12,5.88,318.87,-81.58,-151.4
52.40319,-1.514908,148.3,17.71,32,304.26,25 / 26,148621,2019-09-08 10:10:15:245,0.1011,1.2589,9.8912,-0.0077,-0.006,9.8066,0.0217,-0.0103,0.0043,-8.81,-28.94,6,316.53,-81.7,-151.34
52.40319,-1.514908,148.3,17.71,32,304.26,25 / 26,148721,2019-09-08 10:10:15:345,-0.9667,0.4847,10.193,0.0071,-0.0111,9.8066,0.0076,-0.0749,0.0771,-9.37,-29.31,5.38,310.14,-81.64,-150.24
52.40319,-1.514908,148.3,17.71,32,304.26,25 / 26,148822,2019-09-08 10:10:15:446,0.2944,0.5492,9.559,0.0141,-0.0115,9.8065,-0.0757,-0.0644,0.0597,-9.94,-29,5.56,317.39,-81.45,-148.68
52.40319,-1.514908,148.3,17.71,32,304.26,25 / 26,148921,2019-09-08 10:10:15:545,0.3518,0.8964,9.1536,-0.0099,-0.0007,9.8066,0.0006,0.0527,-0.0458,-9.75,-28.87,5.5,319.4,-81.49,-147.32
52.40319,-1.514908,148.3,17.71,32,304.26,25 / 26,149021,2019-09-08 10:10:15:645,-1.071,0.3645,9.2331,0.0178,0.0023,9.8066,-0.0122,0.0218,-0.1155,-9.44,-28.81,5.25,315.1,-81.57,-146.6
52.40319,-1.514908,148.3,17.71,32,304.26,25 / 26,149121,2019-09-08 10:10:15:745,-0.9514,0.4267,9.2177,-0.029,0.0328,9.8065,0.0069,-0.0329,-0.0269,-9.37,-28.5,5.56,323.15,-82.03,-147.8
52.40319,-1.514908,148.3,17.71,32,304.26,25 / 26,149222,2019-09-08 10:10:15:846,0.9955,1.5036,10.5603,-0.0399,0.0451,9.8064,0.0604,0.0376,0.0138,-8.94,-28.5,4.94,313.03,-82.21,-150.04
52.40319,-1.514908,148.3,17.71,32,304.26,25 / 26,149322,2019-09-08 10:10:15:946,0.3967,0.563,10.4773,0.0356,-0.0085,9.8065,0.0729,-0.0289,0.0483,-9.37,-28.12,5.5,317.7,-82.31,-152.2
52.40319,-1.514908,148.3,17.71,32,304.26,25 / 26,149421,2019-09-08 10:10:16:045,1.8182,1.3024,9.7175,0.0543,-0.0275,9.8064,-0.0922,0.0299,0.0994,-8.87,-28.69,5.25,307.97,-82.03,-152.76
52.40319,-1.514908,148.3,17.71,32,304.26,25 / 26,149521,2019-09-08 10:10:16:145,-0.7441,-0.7796,10.0763,-0.0147,-0.0003,9.8066,0.0278,-0.0161,0.0735,-8.5,-29.25,5.19,312.96,-81.98,-150.37
52.40319,-1.514908,148.3,17.71,32,304.26,25 / 26,149621,2019-09-08 10:10:16:245,-0.4754,1.2779,9.7402,-0.0138,0.0148,9.8066,0.1516,-0.0514,0.0116,-8.87,-28.56,5.63,318.87,-82.11,-150.49
52.40319,-1.514908,148.3,17.71,32,304.26,25 / 26,149721,2019-09-08 10:10:16:345,-0.4643,0.9902,9.6865,0.0012,0.0064,9.8066,0.0295,-0.0805,0.0015,-9.12,-28.69,5.06,309.17,-82.09,-152.02
52.40319,-1.514908,148.3,17.71,32,304.26,26 / 27,149821,2019-09-08 10:10:16:445,0.8957,0.9623,10.1788,-0.0027,-0.0103,9.8066,-0.1015,0.0298,0.0132,-9.19,-28.87,5.88,315.79,-82.06,-152.58
52.404137,-1.516428,148.39,15.52,4,317.95,26 / 27,149921,2019-09-08 10:10:16:545,0.0796,0.4049,10.1694,-0.0003,-0.0038,9.8066,-0.1056,0.0399,0.0355,-9.19,-28.62,6.19,314.16,-81.93,-153.49
52.404137,-1.516428,148.39,15.52,4,317.95,26 / 27,150022,2019-09-08 10:10:16:646,-1.6027,-1.0404,10.1871,0.0006,0.0023,9.8066,0.1136,0.1891,-0.1528,-8.75,-28.75,5.81,314.13,-81.88,-153.41
52.404137,-1.516428,148.39,15.52,4,317.95,26 / 27,150121,2019-09-08 10:10:16:745,-0.6419,0.6046,10.0524,0.0124,0.0276,9.8065,-0.0359,0.0356,-0.0591,-9.25,-28.75,5.38,307.43,-81.97,-153.03
52.404137,-1.516428,148.39,15.52,4,317.95,26 / 27,150222,2019-09-08 10:10:16:846,-0.3939,1.9213,9.1485,-0.0094,0.0158,9.8066,0.041,-0.0902,0.0414,-8.62,-29.25,5.56,313.06,-82.17,-154.81
52.404137,-1.516428,148.39,15.52,4,317.95,26 / 27,150322,2019-09-08 10:10:16:946,-0.1443,-0.4402,9.5088,-0.0046,0.021,9.8066,0.0302,-0.041,-0.0804,-8.5,-29.31,5.88,313.28,-82.37,-156.98
52.404137,-1.516428,148.39,15.52,4,317.95,26 / 27,150422,2019-09-08 10:10:17:046,-0.4977,1.4688,10.2614,-0.0124,-0.0099,9.8066,0.0791,0.0019,-0.0348,-7.81,-28.94,5.75,312.87,-82.41,-157.37
52.404137,-1.516428,148.39,15.52,4,317.95,26 / 27,150521,2019-09-08 10:10:17:145,1.8424,2.2908,10.8157,0.0334,-0.0027,9.8066,0.0473,0.1335,-0.1068,-8.12,-28.44,6.63,318.92,-82.41,-158.76
52.404137,-1.516428,148.39,15.52,4,317.95,26 / 27,150621,2019-09-08 10:10:17:245,0.0418,0.1633,10.8469,0.0422,-0.0079,9.8065,0.0029,0.0192,-0.0329,-8.37,-28.75,6.06,309.95,-82.19,-158.97
52.404137,-1.516428,148.39,15.52,4,317.95,26 / 27,150722,2019-09-08 10:10:17:346,-0.9658,-0.0282,10.1775,-0.0124,-0.0074,9.8065,0.0078,-0.0464,0.0361,-9.31,-28.12,6,308.49,-82.08,-158.61
52.404137,-1.516428,148.39,15.52,4,317.95,26 / 27,150821,2019-09-08 10:10:17:445,1.2943,-0.1991,9.8916,-0.0162,-0.0117,9.8066,-0.1728,0.006,-0.0302,-8.25,-28.81,6.06,310.98,-81.99,-157.74
52.404137,-1.516428,148.39,15.52,4,317.95,26 / 27,150921,2019-09-08 10:10:17:545,-0.1096,0.5503,9.9432,-0.0078,0.0118,9.8066,-0.1105,-0.0349,-0.0103,-8.06,-28.44,6.13,310.75,-82.08,-158.76
52.404137,-1.516428,148.39,15.52,4,317.95,26 / 27,151021,2019-09-08 10:10:17:645,0.035,0.5803,9.6464,-0.0103,0.0313,9.8066,0.0828,0.0518,-0.0681,-7.87,-29.31,6.44,308.67,-82.36,-160.33
52.404137,-1.516428,148.39,15.52,4,317.95,26 / 27,151121,2019-09-08 10:10:17:745,-0.1287,1.5653,9.8746,0.0155,0.0004,9.8066,0.0078,0.0563,-0.0847,-7.62,-28.56,5.88,308.94,-82.47,-160.39
52.404137,-1.516428,148.39,15.52,4,317.95,26 / 27,151222,2019-09-08 10:10:17:846,-0.598,-0.4993,10.3682,0.0132,-0.0129,9.8066,-0.0576,0.0323,-0.0693,-7.94,-29.5,5.69,308.73,-82.36,-160.3
52.404137,-1.516428,148.39,15.52,4,317.95,26 / 27,151322,2019-09-08 10:10:17:946,-1.1443,1.3774,9.7317,-0.0349,0.0128,9.8066,-0.1417,0.0258,-0.0975,-8.37,-28.87,6,311.76,-82.64,-158.71
52.404137,-1.516428,148.39,15.52,4,317.95,26 / 27,151422,2019-09-08 10:10:18:046,0.0405,1.6454,9.6018,-0.0093,-0.0078,9.8066,-0.0616,-0.1021,0.0316,-8.19,-28.81,5.06,304.57,-82.6,-158.08
52.404137,-1.516428,148.39,15.52,4,317.95,26 / 27,151521,2019-09-08 10:10:18:145,0.0731,1.2345,9.344,0.003,0.0008,9.8066,0.0802,-0.0951,0.0128,-8.37,-28.87,5.06,304.67,-82.54,-157.83
52.404137,-1.516428,148.39,15.52,4,317.95,26 / 27,151622,2019-09-08 10:10:18:246,-0.935,-0.2987,11.4568,0.019,-0.0125,9.8066,0.0317,-0.0548,-0.0319,-8.5,-30.31,4.63,302.22,-82.36,-158.45
52.404137,-1.516428,148.39,15.52,4,317.95,26 / 27,151722,2019-09-08 10:10:18:346,-2.5339,0.5735,10.6134,0.0572,-0.0099,9.8064,0.1208,-0.0087,-0.0774,-9.37,-33.94,4.44,290.2,-82.36,-157.88
52.404137,-1.516428,148.39,15.52,4,317.95,26 / 27,151822,2019-09-08 10:10:18:446,0.0594,-0.422,10.7306,0.0416,-0.027,9.8064,0.1461,-0.0466,-0.0216,-10.62,-34.75,10.19,322.04,-81.82,-158.01
52.404137,-1.516428,148.39,15.52,4,317.95,26 / 27,151921,2019-09-08 10:10:18:545,-1.0332,1.3572,9.4173,0.0243,-0.0236,9.8065,-0.1861,0.0109,0.0525,-10.81,-20.31,9.94,328.4,-81.81,-157.84
52.404137,-1.516428,148.39,15.52,4,317.95,26 / 27,152022,2019-09-08 10:10:18:646,0.111,1.4649,9.3525,-0.0062,-0.0025,9.8066,0.0575,0.0062,0.0709,-9.87,-24.75,0.88,277.78,-81.88,-157.25
52.404137,-1.516428,148.39,15.52,4,317.95,26 / 27,152121,2019-09-08 10:10:18:745,0.8656,-0.0379,9.1961,-0.0182,-0.0035,9.8066,0.0077,0.0206,-0.0072,-8.37,-33.06,2.38,273.07,-81.96,-156.58
52.404137,-1.516428,148.39,15.52,4,317.95,26 / 27,152221,2019-09-08 10:10:18:845,-0.9882,0.6208,9.9189,0.0005,0.0084,9.8066,-0.0356,-0.004,-0.0212,-9.44,-31.5,9.38,327.27,-82.11,-157.04
52.404137,-1.516428,148.39,15.52,4,317.95,26 / 27,152321,2019-09-08 10:10:18:945,0.0399,0.8942,10.1163,0.0113,-0.0072,9.8066,0.0366,0.0175,-0.0363,-8.25,-28.56,9.13,331.31,-82.05,-157.61
52.404137,-1.516428,148.39,15.52,4,317.95,26 / 27,152422,2019-09-08 10:10:19:046,0.1167,0.6834,10.3569,0.0017,-0.0096,9.8066,0.0852,0.0679,-0.0313,-8.5,-28.81,8.5,329.47,-81.88,-158.68
52.404137,-1.516428,148.39,15.52,4,317.95,26 / 27,152521,2019-09-08 10:10:19:145,0.4759,0.6474,9.7585,-0.0047,-0.0057,9.8066,0.0237,0.0518,0.0208,-8.25,-28.81,8.06,323.44,-81.73,-158.54
52.404137,-1.516428,148.39,15.52,4,317.95,26 / 27,152621,2019-09-08 10:10:19:245,-0.0877,1.1298,9.438,-0.0246,0.0032,9.8066,-0.0285,0.0658,0.0047,-8.12,-28.81,8.25,324.7,-81.79,-157.77
52.404137,-1.516428,148.39,15.52,4,317.95,26 / 27,152721,2019-09-08 10:10:19:345,-0.6858,-0.4625,9.1684,-0.0189,0.0171,9.8066,-0.011,-0.0972,0.0741,-8,-28.37,7.31,321.1,-82.04,-156.53
52.404137,-1.516428,148.39,15.52,4,317.95,26 / 27,152821,2019-09-08 10:10:19:445,0.475,0.5676,9.5414,0.0321,-0.0023,9.8065,-0.0827,-0.0601,0.0149,-8.37,-28.37,8.19,328.23,-82.17,-156.28
52.404137,-1.516428,148.39,15.52,4,317.95,26 / 28,152921,2019-09-08 10:10:19:545,-0.0232,0.0983,9.5552,0.0187,0.0048,9.8066,0.0288,-0.0422,-0.0242,-8.62,-28.31,7.75,322.26,-82.15,-157.86
52.404137,-1.516428,148.39,15.52,4,317.95,26 / 28,153022,2019-09-08 10:10:19:646,0.9238,2.0314,9.9019,-0.0008,0.0147,9.8066,0.006,-0.086,0.1313,-7.87,-28.31,7.38,318.34,-82.2,-158.78
52.404137,-1.516428,148.39,15.52,4,317.95,26 / 28,153122,2019-09-08 10:10:19:746,-2.63,0.7084,10.5277,-0.0149,-0.003,9.8066,0.041,0.0476,-0.0105,-8.44,-28.37,7.63,325.78,-82.23,-158.1
52.404137,-1.516428,148.39,15.52,4,317.95,26 / 28,153222,2019-09-08 10:10:19:846,-0.7063,0.2325,10.7845,0.0056,-0.0117,9.8066,0.0725,-0.0007,-0.0184,-8.25,-28.69,7.25,317.38,-82.17,-158.89
52.404137,-1.516428,148.39,15.52,4,317.95,26 / 28,153322,2019-09-08 10:10:19:946,0.7391,1.4072,10.4794,-0.0099,-0.0089,9.8066,0.1369,0.034,-0.0893,-8,-28.69,8.63,328.99,-81.89,-159.02
52.404137,-1.516428,148.39,15.52,4,317.95,26 / 28,153422,2019-09-08 10:10:20:046,-0.0644,0.9102,9.9132,-0.001,-0.0022,9.8066,0.0905,0.0198,0.0352,-8.12,-27.87,7.81,322.58,-81.7,-159.54
52.404137,-1.516428,148.39,15.52,4,317.95,26 / 28,153522,2019-09-08 10:10:20:146,0.7786,1.2827,9.2031,-0.0213,-0.0117,9.8066,0.0249,0.0798,-0.0036,-7.81,-28,7.31,316.97,-81.68,-158.75
52.404137,-1.516428,148.39,15.52,4,317.95,26 / 28,153622,2019-09-08 10:10:20:246,-0.652,-0.908,10.4844,-0.0089,-0.0053,9.8066,-0.1696,0.2246,-0.0789,-8,-28.19,7.5,325.89,-81.77,-157.34
52.404137,-1.516428,148.39,15.52,4,317.95,26 / 28,153722,2019-09-08 10:10:20:346,-0.383,2.7666,10.1439,0.0255,-0.014,9.8066,-0.0693,-0.0081,0.0704,-8.94,-28.25,7.69,322.24,-81.83,-157.4
52.404137,-1.516428,148.39,15.52,4,317.95,26 / 28,153822,2019-09-08 10:10:20:446,-2.2019,5.1646,9.4994,-0.0465,0.0732,9.8062,0.311,-0.292,0.1542,-8.94,-28.75,7.13,314.03,-81.49,-157.74
52.404137,-1.516428,148.39,15.52,4,317.95,26 / 27,153922,2019-09-08 10:10:20:546,-0.2922,0.4097,10.2513,-0.0578,0.0719,9.8061,0.2174,-0.0467,0.0066,-8.75,-28.87,8.13,317.41,-81.88,-160.56
52.404137,-1.516428,148.39,15.52,4,317.95,26 / 27,154022,2019-09-08 10:10:20:646,0.2759,-0.8261,9.4782,0.04,-0.0221,9.8064,-0.0116,0.0245,-0.067,-7.75,-27.87,8.19,318.62,-81.68,-162.31
52.404137,-1.516428,148.39,15.52,4,317.95,26 / 27,154121,2019-09-08 10:10:20:745,0.8749,0.4603,9.5803,-0.0032,-0.0014,9.8066,0.0247,-0.0299,-0.0494,-8,-28.5,8.13,317,-81.56,-163.28
52.404137,-1.516428,148.39,15.52,4,317.95,26 / 27,154222,2019-09-08 10:10:20:846,-1.0661,1.7315,9.8651,-0.0244,-0.0271,9.8065,-0.1067,0.0106,0.0183,-8.44,-28.44,7.88,318.71,-81.75,-162.38
52.404137,-1.516428,148.39,15.52,4,317.95,26 / 27,154321,2019-09-08 10:10:20:945,-0.6943,0.2001,8.9364,-0.0047,-0.025,9.8065,-0.1264,-0.0067,0.0495,-8.87,-28.31,7.94,320.55,-81.82,-158.61
52.404137,-1.516428,148.39,15.52,4,317.95,26 / 27,154422,2019-09-08 10:10:21:046,-1.185,1.1756,10.1772,0.009,-0.0197,9.8066,0.0959,0.0191,0.0326,-8.56,-28.25,7.81,322.75,-81.7,-156.83
52.404137,-1.516428,148.39,15.52,4,317.95,26 / 27,154522,2019-09-08 10:10:21:146,-0.774,0.3666,10.5067,0.0126,-0.0193,9.8065,0.0575,-0.0157,0.086,-9.25,-28.12,8.38,322.83,-81.48,-156.43
52.404137,-1.516428,148.39,15.52,4,317.95,26 / 27,154621,2019-09-08 10:10:21:245,0.2443,-0.8762,9.4697,0.0032,-0.013,9.8066,-0.1496,0.042,-0.0102,-9.31,-28.06,8.56,328.66,-81.34,-156.1
52.404137,-1.516428,148.39,15.52,4,317.95,26 / 27,154721,2019-09-08 10:10:21:345,0.5551,0.5809,8.8733,-0.0002,0.0009,9.8066,-0.2181,-0.0158,0.0515,-9.25,-27.81,8.13,325.15,-81.6,-154.96
52.404137,-1.516428,148.39,15.52,4,317.95,25 / 28,154821,2019-09-08 10:10:21:445,-1.0362,-0.0998,9.352,-0.0226,0.007,9.8065,-0.0153,-0.0484,0.0267,-9.25,-28.69,7.25,322.87,-82.08,-152.48
52.404137,-1.516428,148.39,15.52,4,317.95,25 / 28,154921,2019-09-08 10:10:21:545,-0.5337,-0.3513,8.3098,-0.0004,0.0049,9.8066,-0.1701,-0.0917,-0.0112,-8.87,-28.87,6.56,324.28,-82.12,-151.56
52.404137,-1.516428,148.39,15.52,4,317.95,25 / 28,155021,2019-09-08 10:10:21:645,-2.3923,0.443,10.2296,-0.0412,-0.0022,9.8065,0.0228,0.0983,-0.0204,-8.69,-30.06,6.31,318.52,-82.3,-150.61
52.404137,-1.516428,148.39,15.52,4,317.95,25 / 28,155121,2019-09-08 10:10:21:745,-3.107,-1.0749,10.3213,0.0526,-0.0481,9.8063,-0.0994,0.1191,-0.1679,-8.94,-30.31,7.13,326.27,-82.32,-150.08
52.404137,-1.516428,148.39,15.52,4,317.95,25 / 28,155221,2019-09-08 10:10:21:845,-0.1139,0.064,9.5178,0.0331,-0.0052,9.8066,-0.116,-0.0736,-0.031,-8.87,-29,7.81,330.42,-81.99,-151.41
52.404137,-1.516428,148.39,15.52,4,317.95,25 / 28,155321,2019-09-08 10:10:21:945,2.5146,1.8414,8.8168,-0.0277,0.0293,9.8065,0.0152,-0.2132,0.1678,-9.5,-28.31,7.06,326.43,-82.25,-150.63
52.404137,-1.516428,148.39,15.52,4,317.95,25 / 28,155422,2019-09-08 10:10:22:046,-1.0042,-0.8861,9.357,-0.0182,0.0335,9.8065,-0.0228,-0.1135,0.0155,-9.81,-28.56,6.44,318.69,-82.41,-149.46
52.404137,-1.516428,148.39,15.52,4,317.95,25 / 28,155522,2019-09-08 10:10:22:146,-2.062,-0.0786,10.1839,-0.0121,0.0356,9.8065,0.0759,0.1285,-0.0861,-9.37,-28.69,6.06,322.2,-82.67,-149.11
52.404137,-1.516428,148.39,15.52,4,317.95,25 / 28,155622,2019-09-08 10:10:22:246,4.3462,7.7268,9.3364,0.0601,0.0401,9.8063,-0.0566,-0.0261,-0.0439,-9.19,-28.81,5.81,315.45,-83.05,-154.82
52.404137,-1.516428,148.39,15.52,4,317.95,25 / 28,155722,2019-09-08 10:10:22:346,-2.5301,-5.2342,11.52,-0.1479,-0.0125,9.8055,-0.1195,0.3564,-0.2986,-9.19,-28.44,5.25,309.85,-82.68,-153.47
52.404137,-1.516428,148.39,15.52,4,317.95,26 / 28,155821,2019-09-08 10:10:22:445,-1.0383,1.7453,7.5846,-0.0538,0.0905,9.806,-0.2937,-0.4091,0.3154,-9.56,-28.75,4.75,309.27,-83.17,-153.21
52.404137,-1.516428,148.39,15.52,4,317.95,26 / 28,155921,2019-09-08 10:10:22:545,-1.5883,-0.3391,7.933,-0.0572,0.0038,9.8064,0.0944,-0.0039,-0.0297,-9.25,-29,5,312.55,-82.71,-150.93
52.404137,-1.516428,148.39,15.52,4,317.95,26 / 28,156022,2019-09-08 10:10:22:646,-0.8406,1.9689,9.5167,-0.0441,0.0122,9.8065,0.104,-0.0325,-0.0217,-9.31,-29.37,5.13,317.3,-83.21,-148.46
52.404137,-1.516428,148.39,15.52,4,317.95,26 / 28,156121,2019-09-08 10:10:22:745,-2.1336,-0.8272,10.0541,-0.0228,-0.0019,9.8066,0.0365,0.0382,-0.1286,-9.19,-29.06,3.94,311.22,-83.28,-147.47
52.404137,-1.516428,148.39,15.52,4,317.95,26 / 28,156222,2019-09-08 10:10:22:846,0.4679,-0.3879,9.1684,-0.0225,0.0191,9.8066,0.0614,-0.0355,0.0875,-8.44,-29.62,4.69,320.3,-83.52,-148.22
52.404137,-1.516428,148.39,15.52,4,317.95,26 / 28,156321,2019-09-08 10:10:22:945,-0.0211,-0.5347,8.9005,-0.0085,0.0103,9.8066,0.029,0.0081,0.0158,-7.81,-29.31,4.69,321.45,-83.52,-147.86
52.404137,-1.516428,148.39,15.52,4,317.95,26 / 28,156422,2019-09-08 10:10:23:046,-1.1484,-0.2282,9.8778,-0.0175,0.0108,9.8066,0.031,-0.0195,0.0448,-7.5,-28.94,5,324.81,-83.63,-148.08
52.404137,-1.516428,148.39,15.52,4,317.95,26 / 28,156521,2019-09-08 10:10:23:145,-2.3841,1.0208,9.5945,-0.0212,0.0089,9.8066,-0.0043,0.0589,0.0369,-7,-29.62,5.06,324.68,-83.68,-147.84
52.404137,-1.516428,148.39,15.52,4,317.95,26 / 28,156622,2019-09-08 10:10:23:246,0.6572,1.8281,8.8378,-0.0117,0.0078,9.8066,0.0007,-0.0973,0.0453,-7.31,-29.37,5.31,326.79,-83.88,-147.23
52.404137,-1.516428,148.39,15.52,4,317.95,26 / 28,156722,2019-09-08 10:10:23:346,0.0306,-0.0462,9.5061,-0.0128,0.002,9.8066,-0.028,-0.0016,-0.0549,-6.81,-29.12,5.81,337.33,-83.93,-145.78
52.404137,-1.516428,148.39,15.52,4,317.95,26 / 28,156821,2019-09-08 10:10:23:445,-0.543,1.1577,9.8791,0.0151,-0.0208,9.8066,-0.1541,0.0322,-0.0655,-6.81,-28.75,6.31,338.78,-83.95,-144.81
52.404137,-1.516428,148.39,15.52,4,317.95,27 / 28,156925,2019-09-08 10:10:23:549,0.6294,0.2722,9.2653,-0.0215,0.0272,9.8065,0.0679,-0.0456,0.0488,-7.44,-27.19,6.38,340.33,-84.18,-144.44
52.404137,-1.516428,148.39,15.52,4,317.95,27 / 28,157021,2019-09-08 10:10:23:645,-0.4251,-0.3282,10.1299,-0.0071,0.0076,9.8066,0.1275,-0.0626,0.0107,-8.31,-26.81,5.5,335.85,-84.22,-144.51
52.404137,-1.516428,148.39,15.52,4,317.95,27 / 28,157122,2019-09-08 10:10:23:746,-0.3767,0.8589,9.4488,-0.0148,0.0131,9.8066,-0.1866,-0.0315,-0.0585,-7.94,-27.69,5.5,335.11,-84.36,-145
52.404137,-1.516428,148.39,15.52,4,317.95,27 / 28,157222,2019-09-08 10:10:23:846,0.1156,0.1181,9.0441,-0.027,0.0328,9.8065,-0.0224,-0.0772,0.0038,-8.75,-27.25,5.19,327.5,-84.8,-144.1
52.404137,-1.516428,148.39,15.52,4,317.95,27 / 28,157322,2019-09-08 10:10:23:946,0.1935,-0.6256,9.0677,0.0181,-0.0061,9.8066,0.0007,-0.0012,-0.0429,-7.94,-27,4.25,323.43,-84.97,-143.94
52.404137,-1.516428,148.39,15.52,4,317.95,27 / 28,157422,2019-09-08 10:10:24:046,-0.5913,0.6284,9.0617,0.0315,-0.0054,9.8065,-0.0273,0.0009,0.065,-8.31,-27.12,4,322.04,-84.99,-145.09
52.404137,-1.516428,148.39,15.52,4,317.95,27 / 28,157521,2019-09-08 10:10:24:145,-0.946,0.2587,9.7249,-0.0426,0.0159,9.8065,0.1192,-0.0072,0.0456,-7.37,-26.62,5.13,337.48,-85.29,-142.32
52.404137,-1.516428,148.39,15.52,4,317.95,27 / 28,157621,2019-09-08 10:10:24:245,-0.1685,-1.5649,9.5504,-0.0189,0.0082,9.8065,0.0812,-0.0275,0.0593,-8.31,-26,4.56,334.15,-85.34,-142.17
52.404137,-1.516428,148.39,15.52,4,317.95,27 / 28,157721,2019-09-08 10:10:24:345,-0.139,-0.5653,9.9501,-0.0141,0.0061,9.8066,-0.003,-0.0423,0.0379,-7.94,-26.37,3.75,328.13,-85.45,-141.35
52.404137,-1.516428,148.39,15.52,4,317.95,25 / 27,157821,2019-09-08 10:10:24:445,-0.2848,-0.6452,9.9419,-0.0309,0.0121,9.8065,0.0712,-0.0509,0.0334,-7.62,-26,2.94,323.17,-85.69,-139.42
52.404137,-1.516428,148.39,15.52,4,317.95,25 / 27,157922,2019-09-08 10:10:24:546,0.1766,0.2086,9.442,0.0033,-0.0005,9.8066,-0.032,0.0145,0.0236,-7.06,-25.81,2.88,325.33,-85.78,-139.59
52.404137,-1.516428,148.39,15.52,4,317.95,25 / 27,158021,2019-09-08 10:10:24:645,-0.6306,0.7066,10.0026,-0.0099,0.0036,9.8066,-0.0783,0.0491,-0.0479,-7.12,-26.06,3.19,326.19,-85.9,-139.13
52.404137,-1.516428,148.39,15.52,4,317.95,25 / 27,158122,2019-09-08 10:10:24:746,0.0352,-1.6908,9.8481,0.0101,-0.0119,9.8066,-0.0003,0.0891,-0.0939,-5.56,-25.56,2.44,317.49,-85.87,-139.33
52.404137,-1.516428,148.39,15.52,4,317.95,25 / 27,158222,2019-09-08 10:10:24:846,0.409,1.6901,9.4261,0.0041,0.0035,9.8066,-0.0349,0.0637,-0.0503,-5.94,-25.75,3.06,326.99,-85.98,-140.99
52.404137,-1.516428,148.39,15.52,4,317.95,25 / 27,158322,2019-09-08 10:10:24:946,-0.3072,0.578,9.7361,-0.0223,-0.0013,9.8065,-0.0259,0.0432,0.0097,-6.44,-25.56,3.25,326.77,-86.01,-141.22
52.404137,-1.516428,148.39,15.52,4,317.95,25 / 27,158421,2019-09-08 10:10:25:045,-0.1697,-0.6896,9.9012,-0.0378,0.0115,9.8065,0.0611,-0.0939,0.1068,-6.19,-25.37,3.69,342.63,-86.13,-137.01
52.404137,-1.516428,148.39,15.52,4,317.95,25 / 27,158521,2019-09-08 10:10:25:145,0.2359,0.0531,10.1334,0.0157,-0.0188,9.8066,-0.0513,0.0916,0.0049,-5.94,-24.44,3.06,335.69,-86.01,-134.93
52.404137,-1.516428,148.39,15.52,4,317.95,25 / 27,158621,2019-09-08 10:10:25:245,0.0596,-0.6789,10.0631,0.0149,-0.0134,9.8066,-0.0104,-0.0651,0.0985,-6.44,-24.56,2.38,323.42,-85.83,-135.06
52.404137,-1.516428,148.39,15.52,4,317.95,25 / 27,158721,2019-09-08 10:10:25:345,-0.107,-1.6596,10.0475,-0.021,-0.0207,9.8065,-0.0133,0.0276,-0.0255,-6.31,-24.31,2.25,328.72,-85.74,-131.21
52.404137,-1.516428,148.39,15.52,4,317.95,26 / 27,158821,2019-09-08 10:10:25:445,-1.454,1.2051,10.3923,-0.043,0.0024,9.8065,0.2782,0.0459,-0.1041,-7.06,-24.37,2.81,340.09,-85.96,-128.72
52.40497,-1.517673,147.36,11.94,3,319.72,26 / 27,158922,2019-09-08 10:10:25:546,1.481,0.0008,10.5351,-0.0009,0.0167,9.8066,-0.0429,-0.0883,-0.0123,-6.81,-24.56,3.25,335.69,-85.89,-131.89
52.40497,-1.517673,147.36,11.94,3,319.72,26 / 27,159021,2019-09-08 10:10:25:645,-1.702,1.6559,10.5009,-0.0016,0.0172,9.8066,0.1752,-0.1408,0.1449,-5.94,-24.06,2.75,341.13,-85.99,-130.76
52.40497,-1.517673,147.36,11.94,3,319.72,26 / 27,159122,2019-09-08 10:10:25:746,0.4628,-1.2255,8.7319,-0.03,0.0013,9.8066,0.2382,0.0097,-0.0112,-6.44,-24.06,2.25,330.61,-86.01,-130.31
52.40497,-1.517673,147.36,11.94,3,319.72,26 / 27,159222,2019-09-08 10:10:25:846,-1.2508,2.3074,10.2975,0.0214,-0.0022,9.8065,0.0403,-0.0397,0.0309,-6.31,-24.81,2.5,335.3,-85.89,-134.8
52.40497,-1.517673,147.36,11.94,3,319.72,26 / 27,159321,2019-09-08 10:10:25:945,-0.3799,0.7716,9.2633,0.0056,-0.0075,9.8066,-0.0571,0.0341,-0.0187,-6.25,-24.37,2.5,336.94,-85.91,-133.84
52.40497,-1.517673,147.36,11.94,3,319.72,26 / 27,159421,2019-09-08 10:10:26:045,-0.9223,0.374,9.0494,-0.0558,0.0116,9.8064,0.018,-0.0192,0.0306,-6.5,-24.69,2.38,324.79,-85.99,-134.4
52.40497,-1.517673,147.36,11.94,3,319.72,26 / 27,159521,2019-09-08 10:10:26:145,-0.9591,-0.0757,8.9121,-0.067,0.003,9.8064,0.1043,0.0692,-0.018,-6.37,-24.19,2.06,333.27,-86.3,-128.79
52.40497,-1.517673,147.36,11.94,3,319.72,26 / 27,159621,2019-09-08 10:10:26:245,-1.2155,0.1968,10.5265,0.0183,-0.0064,9.8066,0.002,0.0117,-0.0449,-6.56,-23.56,2.06,329.34,-86.26,-130.26
52.40497,-1.517673,147.36,11.94,3,319.72,26 / 27,159721,2019-09-08 10:10:26:345,-0.1235,-0.57,9.9847,0.0343,0.0193,9.8065,-0.076,-0.1105,0.0857,-6.69,-23.75,1.38,315.68,-86.28,-133.54
52.40497,-1.517673,147.36,11.94,3,319.72,25 / 28,159822,2019-09-08 10:10:26:446,-0.8199,0.4736,9.4463,-0.0209,0.0064,9.8066,0.1031,-0.0395,-0.0056,-5.94,-23.56,1.88,329.37,-86.34,-131.92
52.40497,-1.517673,147.36,11.94,3,319.72,25 / 28,159921,2019-09-08 10:10:26:545,-0.3238,-0.4399,9.9284,0.0136,-0.0057,9.8066,-0.0216,-0.0353,0.0222,-6.06,-24.31,1.75,327.31,-86.28,-133.43
52.40497,-1.517673,147.36,11.94,3,319.72,25 / 28,160022,2019-09-08 10:10:26:646,-0.3377,1.0536,10.1154,0.0155,0.0124,9.8066,-0.0258,-0.0805,0.046,-6.19,-24.5,1.63,329.78,-86.35,-131.63
52.40497,-1.517673,147.36,11.94,3,319.72,25 / 28,160121,2019-09-08 10:10:26:745,0.0882,0.886,10.0243,-0.0168,0.013,9.8065,0.1121,-0.1174,0.0947,-5.87,-23.62,2.5,339.82,-86.48,-132.37
52.40497,-1.517673,147.36,11.94,3,319.72,25 / 28,160222,2019-09-08 10:10:26:846,-0.2152,1.1114,9.9753,0.0167,-0.0058,9.8066,-0.0676,0.0162,0.056,-5.81,-24.06,2.31,330.33,-86.4,-131.28
52.40497,-1.517673,147.36,11.94,3,319.72,25 / 28,160322,2019-09-08 10:10:26:946,-1.09,0.514,9.7317,0.0223,-0.023,9.8065,-0.1338,0.0045,0.0173,-4.69,-24.06,1.75,333.95,-86.22,-130.39
52.40497,-1.517673,147.36,11.94,3,319.72,25 / 28,160421,2019-09-08 10:10:27:045,-1.6956,0.3269,10.2374,-0.0029,-0.0118,9.8066,0.0499,0.0691,-0.0207,-4.75,-24.19,3.63,0.03,-86.16,-128.64
52.40497,-1.517673,147.36,11.94,3,319.72,25 / 28,160522,2019-09-08 10:10:27:146,0.1778,0.8755,9.4129,0.0052,-0.0462,9.8065,-0.0941,0.0741,-0.0271,-5.06,-23.87,4.06,0.56,-85.95,-128.25
52.40497,-1.517673,147.36,11.94,3,319.72,25 / 28,160622,2019-09-08 10:10:27:246,-0.5871,1.1906,9.3011,-0.0276,0.0234,9.8065,0.0229,-0.0641,0.048,-5.44,-23.19,4.81,10.82,-85.89,-126.71
52.40497,-1.517673,147.36,11.94,3,319.72,25 / 28,160721,2019-09-08 10:10:27:345,-0.7515,-0.0475,10.1543,-0.0111,0.0108,9.8066,-0.0154,-0.104,0.0468,-6.19,-23.56,4.63,7.55,-85.96,-123.91
52.40497,-1.517673,147.36,11.94,3,319.72,25 / 28,160822,2019-09-08 10:10:27:446,0.2829,0.194,10.3342,0.0139,-0.0214,9.8065,-0.0831,-0.0143,-0.0053,-6.19,-24.56,4.5,10.38,-85.92,-121.8
52.40497,-1.517673,147.36,11.94,3,319.72,25 / 26,160921,2019-09-08 10:10:27:545,0.4351,1.239,9.5725,0.0132,-0.0222,9.8066,-0.0696,0.0901,-0.0524,-7.06,-24.19,5.13,4.91,-85.8,-121.65
52.40497,-1.517673,147.36,11.94,3,319.72,25 / 26,161021,2019-09-08 10:10:27:645,-0.7541,0.0453,9.6248,-0.0127,0.0046,9.8066,0.1502,0.0509,-0.0545,-8.25,-24.62,5.31,3.33,-85.82,-119.33
52.40497,-1.517673,147.36,11.94,3,319.72,25 / 26,161121,2019-09-08 10:10:27:745,-0.5725,1.4789,9.5571,0.0076,0.0074,9.8066,0.002,0.0228,0.0168,-8.44,-25.12,5.38,0.5,-85.83,-121.6
52.40497,-1.517673,147.36,11.94,3,319.72,25 / 26,161222,2019-09-08 10:10:27:846,-0.4266,0.6177,9.799,-0.014,-0.0076,9.8065,0.0668,0.0184,-0.0118,-9.37,-25,5.13,357.12,-85.65,-121.4
52.40497,-1.517673,147.36,11.94,3,319.72,25 / 26,161321,2019-09-08 10:10:27:945,-0.6804,-0.8152,9.9231,-0.0011,-0.0029,9.8066,-0.012,-0.0466,0.0841,-10.31,-25.31,4.88,354.92,-85.47,-120.73
52.40497,-1.517673,147.36,11.94,3,319.72,25 / 26,161421,2019-09-08 10:10:28:045,-1.3391,0.6777,7.3337,-0.0533,0.0213,9.8064,-0.3219,0.0415,-0.1422,-10.31,-24.87,5.31,355.59,-85.29,-120.16
52.40497,-1.517673,147.36,11.94,3,319.72,25 / 26,161521,2019-09-08 10:10:28:145,-1.7004,2.6234,8.3785,-0.0692,0.0146,9.8063,-0.092,0.0836,-0.1407,-10.81,-25.37,4.63,359.3,-85.4,-115.02
52.40497,-1.517673,147.36,11.94,3,319.72,25 / 26,161621,2019-09-08 10:10:28:245,-0.0816,1.0667,9.2176,0.0283,-0.0196,9.8066,0.2528,0.0349,0.0372,-11.06,-25.69,5.88,360,-85.27,-118.61
52.40497,-1.517673,147.36,11.94,3,319.72,25 / 26,161721,2019-09-08 10:10:28:345,2.2147,-2.1871,10.1078,-0.0041,-0.0122,9.8066,0.4437,-0.0457,0.1071,-11.5,-25.94,5.06,357.98,-85.31,-116.1
52.40497,-1.517673,147.36,11.94,3,319.72,25 / 26,161821,2019-09-08 10:10:28:445,-0.5815,0.678,10.4241,-0.0026,-0.027,9.8065,-0.2004,0.0393,0.0693,-11.19,-25.25,5.44,1.27,-85.33,-113.39
52.40497,-1.517673,147.36,11.94,3,319.72,25 / 27,161921,2019-09-08 10:10:28:545,-1.4512,0.9638,9.4956,-0.0124,0.0032,9.8066,-0.134,0.057,0.0232,-12.12,-25.19,5.31,0.81,-85.12,-111.94
52.40497,-1.517673,147.36,11.94,3,319.72,25 / 27,162021,2019-09-08 10:10:28:645,-1.0119,1.7888,10.63,0.0022,-0.0059,9.8066,0.1369,0.067,0.0403,-11.69,-24.94,5.06,1.38,-85.23,-111.46
52.40497,-1.517673,147.36,11.94,3,319.72,25 / 27,162122,2019-09-08 10:10:28:746,0.2402,-3.6673,10.6826,-0.013,0.0057,9.8066,0.2656,-0.2641,0.272,-11.44,-25.31,4.19,359.16,-85.18,-110.67
52.40497,-1.517673,147.36,11.94,3,319.72,25 / 27,162222,2019-09-08 10:10:28:846,2.1498,0.6126,9.3141,0.0071,0.0183,9.8066,-0.1151,-0.0984,0.0866,-11.25,-25.81,4.19,359.48,-85.06,-110.4
52.40497,-1.517673,147.36,11.94,3,319.72,25 / 27,162322,2019-09-08 10:10:28:946,1.9276,0.9132,9.5318,-0.0094,0.0072,9.8066,-0.008,0.0446,0.0488,-11.75,-26,4.06,359.26,-85.04,-109.04
52.40497,-1.517673,147.36,11.94,3,319.72,25 / 27,162422,2019-09-08 10:10:29:046,-2.7679,2.5183,11.6447,-0.0143,0.007,9.8065,0.0894,-0.0288,-0.0157,-11.5,-26.19,4.75,11.74,-85.02,-104.92
52.40497,-1.517673,147.36,11.94,3,319.72,25 / 27,162521,2019-09-08 10:10:29:145,0.6738,-0.2129,9.8656,-0.0234,-0.0125,9.8066,0.0703,0.0231,-0.0301,-12.44,-25.62,3.5,2.57,-85.01,-106.33
52.40497,-1.517673,147.36,11.94,3,319.72,25 / 27,162621,2019-09-08 10:10:29:245,0.875,0.878,10.2656,0.0422,-0.0241,9.8065,0.0248,0.0819,-0.0002,-12.5,-26.37,4.56,3.37,-84.64,-109.9
52.40497,-1.517673,147.36,11.94,3,319.72,25 / 27,162721,2019-09-08 10:10:29:345,1.0684,0.8284,9.5411,0.0351,-0.0201,9.8065,-0.0448,0.0593,0.0194,-12.5,-25.94,4.19,355.87,-84.49,-111.73
52.40497,-1.517673,147.36,11.94,3,319.72,25 / 27,162821,2019-09-08 10:10:29:445,0.4484,-0.1056,9.757,-0.0395,-0.002,9.8065,0.0231,0.1422,0.0027,-12.69,-26.69,3.94,354.91,-84.4,-111.18
52.40497,-1.517673,147.36,11.94,3,319.72,25 / 26,162922,2019-09-08 10:10:29:546,0.1722,0.6464,10.1933,-0.0087,-0.0029,9.8066,-0.0156,0.0436,0.0622,-12.75,-26.81,3.5,359.46,-84.37,-107.54
52.40497,-1.517673,147.36,11.94,3,319.72,25 / 26,163021,2019-09-08 10:10:29:645,0.6343,2.013,9.9096,-0.0208,-0.0094,9.8065,0.1007,0.0614,0.051,-12.56,-27,3.69,0.86,-84.18,-106.42
52.40497,-1.517673,147.36,11.94,3,319.72,25 / 26,163121,2019-09-08 10:10:29:745,0.1326,0.7741,9.7522,-0.0013,-0.0062,9.8066,0.0762,0.0837,0.0092,-13.44,-26,4.38,1.29,-83.88,-106.08
52.40497,-1.517673,147.36,11.94,3,319.72,25 / 26,163222,2019-09-08 10:10:29:846,1.037,1.1381,9.5147,0.0023,0.0097,9.8066,-0.0062,0.1764,-0.0826,-13,-26.31,3.69,359.99,-83.93,-107.11
52.40497,-1.517673,147.36,11.94,3,319.72,25 / 26,163322,2019-09-08 10:10:29:946,0.6974,1.6543,10.1197,-0.0049,0.0143,9.8066,-0.014,0.1359,0.0065,-11.81,-26,4.13,2.99,-84.15,-106.08
52.40497,-1.517673,147.36,11.94,3,319.72,25 / 26,163421,2019-09-08 10:10:30:045,0.4477,0.973,11.1038,0.0136,0.0008,9.8066,-0.0293,0.147,-0.0557,-11.56,-26.25,3.88,4.86,-84.2,-104.61
52.40497,-1.517673,147.36,11.94,3,319.72,25 / 26,163522,2019-09-08 10:10:30:146,0.9846,1.0286,10.1338,0.0267,0.0294,9.8065,0.0254,0.1165,-0.049,-11.06,-25.94,4.5,8.57,-84.44,-107.69
52.40497,-1.517673,147.36,11.94,3,319.72,25 / 26,163622,2019-09-08 10:10:30:246,2.7159,1.6388,8.7927,0.0347,0.0061,9.8065,-0.0225,0.1391,-0.0397,-11.44,-27,4.75,4.38,-84.51,-111.02
52.40497,-1.517673,147.36,11.94,3,319.72,25 / 26,163721,2019-09-08 10:10:30:345,1.5746,2.4258,8.7697,-0.0125,0.0061,9.8066,-0.0306,0.1612,0.0356,-10.94,-26.06,4.31,356.94,-84.62,-112.39
52.40497,-1.517673,147.36,11.94,3,319.72,25 / 28,163821,2019-09-08 10:10:30:445,1.0081,0.7919,11.9443,0.0138,0.0047,9.8066,-0.0839,0.1395,-0.0274,-11.75,-26.31,3.94,357.3,-84.5,-110.59
52.40497,-1.517673,147.36,11.94,3,319.72,25 / 28,163922,2019-09-08 10:10:30:546,1.1755,1.7584,11.5959,0.0595,-0.0113,9.8064,0.0223,0.2,-0.0938,-10.06,-26.87,4.94,5.44,-84.68,-112.36
52.40497,-1.517673,147.36,11.94,3,319.72,25 / 28,164021,2019-09-08 10:10:30:645,1.3244,1.6344,9.644,0.0286,-0.0106,9.8065,0.2901,0.088,0.0294,-10.31,-27.19,5.63,4.96,-84.74,-117.07
52.40497,-1.517673,147.36,11.94,3,319.72,25 / 28,164121,2019-09-08 10:10:30:745,2.4557,0.0847,9.4827,0.0031,0.0085,9.8066,0.1222,0.1743,-0.0369,-9.12,-26.12,6.81,4.81,-84.49,-124.14
52.40497,-1.517673,147.36,11.94,3,319.72,25 / 28,164222,2019-09-08 10:10:30:846,1.1596,0.7567,10.2989,-0.0088,0.0124,9.8066,0.0183,0.1212,-0.0246,-9.62,-26.44,6,354.75,-84.5,-125.07
52.40497,-1.517673,147.36,11.94,3,319.72,25 / 28,164322,2019-09-08 10:10:30:946,1.2316,0.1239,9.767,-0.0077,0.0234,9.8066,-0.0261,0.1361,-0.0032,-8.87,-26.94,5.19,354.86,-84.9,-122.98
52.40497,-1.517673,147.36,11.94,3,319.72,25 / 28,164422,2019-09-08 10:10:31:046,1.3485,1.0353,9.8622,0.0064,-0.0022,9.8066,-0.0178,0.1051,-0.0041,-9.06,-27.37,4.56,354.74,-85.03,-123.1
52.40497,-1.517673,147.36,11.94,3,319.72,25 / 28,164521,2019-09-08 10:10:31:145,0.3229,0.5404,10.6586,0.0242,-0.0173,9.8065,0.0127,0.1116,-0.0312,-8.81,-28.25,5.75,358.31,-84.88,-124.99
52.40497,-1.517673,147.36,11.94,3,319.72,25 / 28,164622,2019-09-08 10:10:31:246,1.5961,-0.1808,10.0643,0.0259,-0.0029,9.8066,-0.0116,0.1075,-0.0724,-8.81,-28.12,6.38,355.14,-84.86,-127.41
52.40497,-1.517673,147.36,11.94,3,319.72,25 / 28,164721,2019-09-08 10:10:31:345,3.1398,0.2568,10.3167,0.0078,0.0026,9.8066,0.0604,0.1405,-0.0643,-8.5,-28.56,6.56,0.76,-85,-130.61
52.40497,-1.517673,147.36,11.94,3,319.72,24 / 25,164822,2019-09-08 10:10:31:446,3.2762,2.8775,7.6332,0.0218,0.073,9.8063,-0.1035,-0.169,0.1835,-8.19,-28.31,6.5,358.06,-85.51,-132.72
52.40497,-1.517673,147.36,11.94,3,319.72,24 / 25,164921,2019-09-08 10:10:31:545,1.0293,0.5362,8.9643,-0.0091,0.04,9.8066,0.075,-0.0047,0.0455,-8.12,-28.81,6.13,354.16,-85.58,-131.39
52.40497,-1.517673,147.36,11.94,3,319.72,24 / 25,165021,2019-09-08 10:10:31:645,1.9432,-0.4985,9.215,-0.0247,-0.0022,9.8065,0.0169,0.1064,-0.0518,-7.56,-28.25,5.94,355.85,-85.74,-130.15
52.40497,-1.517673,147.36,11.94,3,319.72,24 / 25,165121,2019-09-08 10:10:31:745,1.8567,1.3124,10.529,0.0459,0.0042,9.8065,-0.0624,-0.0541,0.0538,-7.5,-28.94,6.44,356.21,-85.96,-133.54
52.40497,-1.517673,147.36,11.94,3,319.72,24 / 25,165221,2019-09-08 10:10:31:845,1.4809,-0.188,9.2193,0.0301,0.0076,9.8066,-0.0321,-0.0736,0.0158,-6.87,-28.37,6.63,352.48,-85.88,-140.98
52.40497,-1.517673,147.36,11.94,3,319.72,24 / 25,165321,2019-09-08 10:10:31:945,2.1351,-2.2471,10.4577,0.0448,-0.0063,9.8065,0.0459,-0.0669,-0.0064,-6.81,-27.25,7.94,348.83,-85.7,-147.83
52.40497,-1.517673,147.36,11.94,3,319.72,24 / 25,165422,2019-09-08 10:10:32:046,2.0989,-0.7008,10.4594,0.012,-0.0249,9.8065,0.0655,0.1174,-0.1093,-6.19,-27.5,7.69,352.93,-85.69,-148.75
52.40497,-1.517673,147.36,11.94,3,319.72,24 / 25,165522,2019-09-08 10:10:32:146,0.3949,-1.4436,10.3041,-0.0017,0.0022,9.8065,-0.0122,0.0993,-0.0778,-5.94,-26.69,8.19,349.34,-85.65,-151.59
52.40497,-1.517673,147.36,11.94,3,319.72,24 / 25,165621,2019-09-08 10:10:32:245,0.7328,-0.4058,9.7183,0.0131,0.0152,9.8066,-0.0281,0.0156,0.0206,-5.56,-27.37,8.5,349.54,-85.69,-154.79
52.40497,-1.517673,147.36,11.94,3,319.72,24 / 25,165722,2019-09-08 10:10:32:346,0.9334,-0.5423,9.8619,-0.0014,-0.0076,9.8066,0.0084,-0.0299,0.0613,-4.06,-26.62,8,357.97,-85.61,-154.99
52.40497,-1.517673,147.36,11.94,3,319.72,26 / 27,165821,2019-09-08 10:10:32:445,1.0394,-0.1897,9.9369,-0.0062,-0.0125,9.8066,0.0026,0.0589,0.0144,-4.19,-26.75,8.56,2.82,-85.43,-153.84
52.40497,-1.517673,147.36,11.94,3,319.72,26 / 27,165922,2019-09-08 10:10:32:546,1.0572,-1.4568,9.8507,-0.0105,-0.036,9.8065,0.0093,0.0485,-0.0034,-4.44,-26.06,8.13,2.33,-85.02,-151.7
52.40497,-1.517673,147.36,11.94,3,319.72,26 / 27,166021,2019-09-08 10:10:32:645,0.5845,-1.3724,8.9768,0.0041,-0.025,9.8066,-0.1456,-0.0004,0.0262,-4.75,-26.94,8,356.18,-84.95,-150.84
52.40497,-1.517673,147.36,11.94,3,319.72,26 / 27,166122,2019-09-08 10:10:32:746,1.519,0.9044,10.3908,-0.0321,0.0295,9.8065,-0.0176,-0.1392,0.1118,-4.81,-27.87,7.88,357.77,-85.05,-149.64
52.40497,-1.517673,147.36,11.94,3,319.72,26 / 27,166221,2019-09-08 10:10:32:845,1.2436,0.3091,9.8813,-0.0305,0.029,9.8065,0.0464,0.0986,-0.1275,-5.06,-27.81,8.63,6.58,-85.16,-145.9
52.40497,-1.517673,147.36,11.94,3,319.72,26 / 27,166321,2019-09-08 10:10:32:945,2.7513,-0.4268,10.7133,0.0391,-0.0245,9.8065,0.3911,-0.0914,0.151,-5.56,-27.31,9,354.46,-84.94,-150.61
52.40497,-1.517673,147.36,11.94,3,319.72,26 / 27,166421,2019-09-08 10:10:33:045,0.5976,-2.2333,11.144,0.0129,-0.041,9.8065,0.2645,0.0287,0.0812,-5.37,-26.56,9.75,359.7,-84.38,-153.66
52.40497,-1.517673,147.36,11.94,3,319.72,26 / 27,166522,2019-09-08 10:10:33:146,1.89,1.9237,9.0977,-0.0078,0.0336,9.8066,-0.1142,-0.0557,0.1349,-5.87,-27.87,9.69,354.54,-84.45,-153.21
52.40497,-1.517673,147.36,11.94,3,319.72,26 / 27,166622,2019-09-08 10:10:33:246,-0.7149,-1.2758,8.3253,-0.0147,0.0338,9.8065,-0.1093,-0.0866,0.1483,-6.94,-28.5,9.63,351.8,-84.44,-151.35
52.40497,-1.517673,147.36,11.94,3,319.72,26 / 27,166722,2019-09-08 10:10:33:346,-0.9752,0.4969,9.5772,-0.0101,-0.0209,9.8065,0.0848,0.0801,-0.0322,-7,-28.12,9.69,354.17,-84.36,-149.5
52.40497,-1.517673,147.36,11.94,3,319.72,23 / 26,166822,2019-09-08 10:10:33:446,0.6319,-0.922,9.9136,0.0068,-0.0254,9.8065,-0.0014,0.0504,0.021,-7.19,-28.19,10.25,355.82,-84.25,-148.2
52.40497,-1.517673,147.36,11.94,3,319.72,23 / 26,166921,2019-09-08 10:10:33:545,0.517,-0.2734,9.5505,-0.0105,0.0284,9.8065,-0.0273,0.0017,0.0187,-6.94,-28.19,9.75,357.43,-84.47,-146.99
52.40497,-1.517673,147.36,11.94,3,319.72,23 / 26,167022,2019-09-08 10:10:33:646,-0.2577,0.2098,9.105,-0.0141,0.0188,9.8065,-0.0431,0.0454,-0.0052,-6.37,-28.12,10.81,5.61,-84.42,-147.02
52.40497,-1.517673,147.36,11.94,3,319.72,23 / 26,167121,2019-09-08 10:10:33:745,0.3674,-1.2869,9.7679,0.0186,-0.0336,9.8065,-0.1068,0.0139,-0.0062,-6.56,-27.25,10.5,0.37,-84.43,-147.23
52.40497,-1.517673,147.36,11.94,3,319.72,23 / 26,167222,2019-09-08 10:10:33:846,0.3559,-0.4603,10.3697,0.0138,-0.0224,9.8066,-0.113,0.0164,0.0082,-6.37,-27.5,10.13,0.98,-84.29,-148.28
52.40497,-1.517673,147.36,11.94,3,319.72,23 / 26,167321,2019-09-08 10:10:33:945,-0.6474,1.5453,10.412,-0.0084,0.0143,9.8065,0.0284,-0.0125,0.0108,-6.19,-27.75,10.56,3.89,-84.29,-148.39
52.40497,-1.517673,147.36,11.94,3,319.72,23 / 26,167421,2019-09-08 10:10:34:045,0.4596,-0.2722,10.5108,-0.0005,-0.0013,9.8066,0.0351,0.0091,-0.0071,-6.56,-27.75,10.5,359.26,-84.27,-148.11
52.40497,-1.517673,147.36,11.94,3,319.72,23 / 26,167522,2019-09-08 10:10:34:146,-0.2201,-0.2253,9.7473,-0.0006,-0.0085,9.8066,0.0008,-0.006,0.0229,-6.37,-27.81,10.19,0.35,-84.15,-148.77
52.40497,-1.517673,147.36,11.94,3,319.72,23 / 26,167622,2019-09-08 10:10:34:246,-0.0318,-0.5262,10.2136,-0.004,-0.0095,9.8066,0.0355,0.0587,-0.0567,-6.06,-27.44,10.13,0.8,-84.12,-148.43
52.40497,-1.517673,147.36,11.94,3,319.72,23 / 26,167721,2019-09-08 10:10:34:345,-0.6862,1.8525,9.7993,-0.0135,0.0212,9.8065,0.0361,0.0144,-0.0661,-5.81,-28.31,9.81,0.81,-84.17,-148.42
52.40497,-1.517673,147.36,11.94,3,319.72,25 / 26,167821,2019-09-08 10:10:34:445,-1.0966,0.8245,10.243,-0.007,0.0314,9.8066,0.005,-0.0553,-0.0075,-5.56,-28.81,9.88,1.46,-84.36,-147.94
52.40553,-1.518683,145.44,10.81,4,300.95,25 / 26,167921,2019-09-08 10:10:34:545,0.7092,-1.8961,9.8302,0.0017,0.0138,9.8066,0.0907,-0.0761,0.0574,-6.31,-29,9.88,0.06,-84.34,-148.99
52.40553,-1.518683,145.44,10.81,4,300.95,25 / 26,168022,2019-09-08 10:10:34:646,-0.3425,-1.0342,9.1686,-0.0027,0.0123,9.8066,-0.0616,-0.0441,-0.0675,-5.81,-29.06,10.19,0.35,-84.3,-148.77
52.40553,-1.518683,145.44,10.81,4,300.95,25 / 26,168122,2019-09-08 10:10:34:746,-1.9795,1.2609,10.7513,0.0024,0.009,9.8066,-0.0044,-0.1395,0.0571,-5.69,-27.56,10.56,2.7,-84.38,-149.3
52.40553,-1.518683,145.44,10.81,4,300.95,25 / 26,168222,2019-09-08 10:10:34:846,1.2203,-2.186,9.6407,0.0182,-0.0026,9.8066,0.0312,-0.0318,0.0224,-6.37,-28,9.88,357.38,-84.43,-151.04
52.40553,-1.518683,145.44,10.81,4,300.95,25 / 26,168322,2019-09-08 10:10:34:946,-1.6776,2.0583,10.658,0.011,-0.0135,9.8066,-0.1,-0.0858,-0.0196,-5.69,-28.06,9,353.47,-84.39,-151.16
52.40553,-1.518683,145.44,10.81,4,300.95,25 / 26,168422,2019-09-08 10:10:35:046,0.6023,-0.8007,10.1129,0.0258,-0.0098,9.8066,-0.1281,0.0677,-0.0396,-6.37,-29.12,9.44,353.53,-84.59,-151.12
52.40553,-1.518683,145.44,10.81,4,300.95,25 / 26,168521,2019-09-08 10:10:35:145,0.5818,0.0109,10.007,0.0211,-0.0399,9.8065,-0.1351,0.0022,-0.0967,-6.62,-29.06,10.56,353.49,-84.53,-152.63
52.40553,-1.518683,145.44,10.81,4,300.95,25 / 26,168622,2019-09-08 10:10:35:246,-0.4663,-0.0963,9.5779,-0.0142,0.037,9.8065,0.1043,-0.0261,-0.0165,-5.62,-28.37,10.94,357.69,-84.51,-153.19
52.40553,-1.518683,145.44,10.81,4,300.95,25 / 26,168721,2019-09-08 10:10:35:345,0.3467,1.2189,10.8133,-0.0198,0.0187,9.8066,0.15,-0.0284,-0.0741,-6.37,-27,9.94,356.23,-84.74,-151.99
52.40553,-1.518683,145.44,10.81,4,300.95,25 / 26,168821,2019-09-08 10:10:35:445,-0.1119,-0.4427,9.8405,0.0115,-0.0292,9.8065,-0.1004,-0.0301,-0.0156,-5.94,-27.06,10.44,355.25,-84.52,-152.72
52.40553,-1.518683,145.44,10.81,4,300.95,25 / 26,168921,2019-09-08 10:10:35:545,0.4323,0.3834,8.6547,0.0102,-0.0062,9.8066,-0.136,-0.0142,-0.0029,-6,-26.75,9.31,351.73,-84.52,-152.58
52.40553,-1.518683,145.44,10.81,4,300.95,25 / 26,169022,2019-09-08 10:10:35:646,-1.048,-3.5015,11.9511,0.006,-0.0607,9.8064,-0.1198,-0.0095,-0.0061,-6.94,-28.19,9.5,354.28,-84.59,-149.47
52.40553,-1.518683,145.44,10.81,4,300.95,25 / 26,169121,2019-09-08 10:10:35:745,0.7735,-2.6192,10.1495,0.0445,-0.0866,9.8061,-0.2556,0.1056,-0.1416,-6.5,-27.37,9.5,357.39,-84.29,-151.03
52.40553,-1.518683,145.44,10.81,4,300.95,25 / 26,169221,2019-09-08 10:10:35:845,-3.4366,1.4664,10.4448,-0.027,0.027,9.8066,0.2976,-0.1062,0.0243,-6.31,-27.25,10.06,356.04,-84.5,-152.1
52.40553,-1.518683,145.44,10.81,4,300.95,25 / 26,169321,2019-09-08 10:10:35:945,-0.4312,-0.2469,11.3016,-0.0497,0.081,9.8062,0.3351,-0.038,-0.1582,-6.19,-26.81,10.06,359.55,-84.83,-149.39
52.40553,-1.518683,145.44,10.81,4,300.95,25 / 26,169421,2019-09-08 10:10:36:045,1.1699,-1.4363,10.6088,0.0611,-0.0587,9.8063,-0.3872,0.0164,-0.0779,-6,-27.31,9.38,349.07,-84.59,-154.63
52.40553,-1.518683,145.44,10.81,4,300.95,25 / 26,169521,2019-09-08 10:10:36:145,-0.8659,1.1181,9.5186,0.0505,-0.0537,9.8063,-0.3268,-0.0145,0.0445,-7.06,-27.75,8.69,343.21,-84.71,-155.09
52.40553,-1.518683,145.44,10.81,4,300.95,25 / 26,169621,2019-09-08 10:10:36:245,-0.2275,0.7999,9.558,-0.0357,0.033,9.8064,0.2462,-0.0307,0.0532,-6.94,-27.81,9.25,344.13,-84.75,-154.41
52.40553,-1.518683,145.44,10.81,4,300.95,25 / 26,169721,2019-09-08 10:10:36:345,-0.0988,0.1891,10.0071,-0.0245,0.0211,9.8065,0.1586,-0.0076,-0.0034,-7.69,-28.37,10,344.97,-84.72,-153.32
52.40553,-1.518683,145.44,10.81,4,300.95,26 / 28,169821,2019-09-08 10:10:36:445,-0.3374,0.1693,10.026,0.0074,-0.0155,9.8066,-0.1188,0.0234,-0.0411,-7.19,-28.75,10.25,351.27,-84.83,-151.84
52.40553,-1.518683,145.44,10.81,4,300.95,26 / 28,169921,2019-09-08 10:10:36:545,-1.0469,0.4351,9.7149,0.0104,-0.0103,9.8066,-0.0868,-0.0169,-0.0093,-7.12,-28.19,10.31,350.76,-84.76,-152.28
52.40553,-1.518683,145.44,10.81,4,300.95,26 / 28,170023,2019-09-08 10:10:36:647,-0.3439,0.1945,9.8322,0.0034,0,9.8066,-0.0115,0.0168,-0.0124,-7.44,-27.94,10.38,350.64,-84.83,-152.41
52.40553,-1.518683,145.44,10.81,4,300.95,26 / 28,170121,2019-09-08 10:10:36:745,-0.6679,0.9291,10.5505,0.0023,-0.007,9.8066,-0.0315,0.0104,-0.0221,-7.5,-27.62,9.81,350.38,-84.85,-152.62
52.40553,-1.518683,145.44,10.81,4,300.95,26 / 28,170221,2019-09-08 10:10:36:845,-0.8954,1.0705,9.7249,-0.013,0.0179,9.8065,0.0519,0.0449,-0.0542,-7.31,-27.62,9.38,345.96,-84.9,-153.08
52.40553,-1.518683,145.44,10.81,4,300.95,26 / 28,170322,2019-09-08 10:10:36:946,-0.4587,0.6976,10.0037,-0.0083,0.0231,9.8066,0.0492,-0.0366,0.0052,-6.69,-26.87,9.63,349.86,-84.92,-153.14
52.40553,-1.518683,145.44,10.81,4,300.95,26 / 28,170422,2019-09-08 10:10:37:046,-0.6947,0.2868,9.6171,0.0059,0.0077,9.8065,0.0875,-0.0086,0.0678,-7.06,-28,9.5,348.65,-84.81,-153.97
52.40553,-1.518683,145.44,10.81,4,300.95,26 / 28,170521,2019-09-08 10:10:37:145,0.0103,-0.1354,10.4481,-0.0031,-0.0087,9.8066,0.0269,0.0018,-0.0338,-6.62,-28.62,8.81,343.7,-84.72,-154.59
52.40553,-1.518683,145.44,10.81,4,300.95,26 / 28,170622,2019-09-08 10:10:37:246,-0.2043,0.6502,10.4536,0.0143,-0.0164,9.8066,-0.1234,0.028,-0.0585,-6.37,-29.31,9.44,347.91,-84.68,-155.36
52.40553,-1.518683,145.44,10.81,4,300.95,26 / 28,170721,2019-09-08 10:10:37:345,-0.1122,1.1102,9.3947,0.0083,-0.0125,9.8065,-0.124,0.0588,-0.0818,-5.87,-29.94,9.5,351.43,-84.7,-155.54
52.40553,-1.518683,145.44,10.81,4,300.95,25 / 27,170822,2019-09-08 10:10:37:446,0.6136,1.3018,9.497,-0.0022,0.0258,9.8065,0.0927,0.0258,-0.0191,-5.37,-29.56,9.81,356.26,-84.71,-156.23
52.40553,-1.518683,145.44,10.81,4,300.95,25 / 27,170921,2019-09-08 10:10:37:545,1.1682,0.4004,9.3216,0.0043,0.0174,9.8066,0.0105,0.0249,0.0057,-5.5,-29.44,10.63,357.67,-84.79,-157.37
52.40553,-1.518683,145.44,10.81,4,300.95,25 / 27,171022,2019-09-08 10:10:37:646,0.926,1.0292,10.0819,0.0053,0.0037,9.8066,-0.0066,0.0645,-0.013,-5.56,-28.62,10.81,352.34,-84.71,-157.39
52.40553,-1.518683,145.44,10.81,4,300.95,25 / 27,171121,2019-09-08 10:10:37:745,0.3481,0.7618,10.5052,0.0033,-0.0108,9.8066,0.0099,0.1067,0.0104,-6,-28.56,10.88,352.03,-84.66,-157.61
52.40553,-1.518683,145.44,10.81,4,300.95,25 / 27,171221,2019-09-08 10:10:37:845,1.1095,-0.1548,9.3281,-0.0004,0.0144,9.8066,0.0388,0.1892,0.0038,-5.5,-28.62,10.94,356.29,-84.77,-158.44
52.40553,-1.518683,145.44,10.81,4,300.95,25 / 27,171322,2019-09-08 10:10:37:946,1.1442,0.8303,9.8056,0.0044,0.0207,9.8065,0.0391,0.15,-0.0111,-6.19,-29.37,11.25,349.55,-84.83,-159.63
52.40553,-1.518683,145.44,10.81,4,300.95,25 / 27,171422,2019-09-08 10:10:38:046,1.683,1.6404,9.6465,0.0187,0.0059,9.8065,-0.0145,0.2032,-0.0407,-4.87,-28.87,12,356.03,-84.89,-160.54
52.40553,-1.518683,145.44,10.81,4,300.95,25 / 27,171521,2019-09-08 10:10:38:145,2.9016,0.3023,10.1513,0.0098,-0.0054,9.8066,-0.0163,0.0888,-0.0469,-5,-28.87,11.5,353.7,-84.97,-162.42
52.40553,-1.518683,145.44,10.81,4,300.95,25 / 27,171622,2019-09-08 10:10:38:246,-0.3822,-1.0158,12.8758,-0.0114,-0.0401,9.8065,0.1343,0.2176,-0.0945,-4.56,-28.75,11.88,352.22,-85.2,-163.69
52.40553,-1.518683,145.44,10.81,4,300.95,25 / 27,171721,2019-09-08 10:10:38:345,2.7037,1.3341,11.8918,0.0338,-0.045,9.8065,0.1094,0.3409,-0.1127,-5.12,-28.62,12.81,351.38,-84.94,-165.97
52.40553,-1.518683,145.44,10.81,4,300.95,26 / 28,171822,2019-09-08 10:10:38:446,0.169,1.5988,9.968,-0.0124,-0.0015,9.8065,-0.0582,0.3707,-0.1549,-4.75,-28.37,13.19,350.22,-84.82,-166.94
52.40553,-1.518683,145.44,10.81,4,300.95,26 / 28,171922,2019-09-08 10:10:38:546,2.4739,3.0171,8.9618,0.0259,-0.0366,9.8065,-0.1748,0.308,-0.1491,-5.37,-28.69,13.5,349.78,-84.5,-168.62
52.40553,-1.518683,145.44,10.81,4,300.95,26 / 28,172021,2019-09-08 10:10:38:645,3.7627,2.1514,8.6889,0.0134,0.0719,9.8063,0.1134,0.2348,-0.0027,-4.06,-28,13.5,352.21,-84.48,-170.37
52.40553,-1.518683,145.44,10.81,4,300.95,26 / 28,172122,2019-09-08 10:10:38:746,1.6797,1.9422,9.9913,-0.0183,0.054,9.8065,0.1285,0.3166,-0.0242,-4.12,-29.44,13.94,350.98,-84.91,-171.45
52.40553,-1.518683,145.44,10.81,4,300.95,26 / 28,172222,2019-09-08 10:10:38:846,2.1916,1.1932,10.0373,-0.0006,-0.0271,9.8066,-0.1184,0.2969,0.0183,-4.25,-28.06,14.94,351.76,-84.86,-171.95
52.40553,-1.518683,145.44,10.81,4,300.95,26 / 28,172322,2019-09-08 10:10:38:946,2.3411,2.2189,9.9177,-0.0055,-0.0043,9.8066,-0.0223,0.2819,0.0485,-4.56,-28.62,15.31,349.18,-84.78,-170.54
52.40553,-1.518683,145.44,10.81,4,300.95,26 / 28,172421,2019-09-08 10:10:39:045,1.6734,2.0601,10.8769,-0.0103,-0.0369,9.8065,-0.0044,0.36,-0.0637,-4.37,-27.87,16.06,358.25,-84.47,-167.42
52.40553,-1.518683,145.44,10.81,4,300.95,26 / 28,172521,2019-09-08 10:10:39:145,1.7129,2.0138,10.457,-0.0032,-0.0361,9.8065,0.0007,0.2915,-0.0079,-4.56,-28.25,16.69,355.94,-84.27,-167.01
52.40553,-1.518683,145.44,10.81,4,300.95,26 / 28,172622,2019-09-08 10:10:39:246,2.8572,-0.8047,8.9606,0.0203,0.0086,9.8065,-0.0423,0.3609,-0.1203,-4.25,-27.94,17.25,0.45,-83.91,-166.39
52.40553,-1.518683,145.44,10.81,4,300.95,26 / 28,172721,2019-09-08 10:10:39:345,3.526,2.9454,9.8639,0.0181,0.0258,9.8066,0.0651,0.3145,0.0257,-4.44,-28.25,17.88,357.38,-83.88,-169.65
52.40553,-1.518683,145.44,10.81,4,300.95,25 / 27,172821,2019-09-08 10:10:39:445,2.8518,1.9998,11.0729,0.0263,-0.0632,9.8064,-0.0622,0.4695,-0.0528,-4,-28.25,18.81,358.86,-83.63,-169.06
52.40553,-1.518683,145.44,10.81,4,300.95,25 / 27,172921,2019-09-08 10:10:39:545,4.2929,2.323,9.3832,0.018,-0.0514,9.8065,-0.0733,0.4293,-0.066,-4.62,-28.06,19.44,351.87,-83.06,-171.93
52.40553,-1.518683,145.44,10.81,4,300.95,25 / 27,173021,2019-09-08 10:10:39:645,-0.2182,1.5774,10.0116,-0.0161,-0.0137,9.8066,0.2981,0.5517,-0.2685,-4.31,-27.81,20.63,356.72,-82.7,-171.92
52.40553,-1.518683,145.44,10.81,4,300.95,25 / 27,173121,2019-09-08 10:10:39:745,4.077,0.1715,10.4519,0.0088,0.0091,9.8066,0.2111,0.4291,-0.171,-3.87,-27.75,21.38,352.63,-82.59,-175.28
52.40553,-1.518683,145.44,10.81,4,300.95,25 / 27,173221,2019-09-08 10:10:39:845,3.0185,0.1861,10.7867,0.0193,-0.0081,9.8066,-0.2291,0.371,-0.1599,-3.69,-27.81,21.88,352.75,-82.69,-175.74
52.40553,-1.518683,145.44,10.81,4,300.95,25 / 27,173321,2019-09-08 10:10:39:945,1.1577,0.9682,10.3837,0.0259,-0.0202,9.8066,-0.1736,0.3852,-0.124,-4.19,-27.62,22.25,349.82,-82.75,-178.19
52.40553,-1.518683,145.44,10.81,4,300.95,25 / 27,173421,2019-09-08 10:10:40:045,1.7594,1.2252,9.4625,-0.0112,0.004,9.8066,0.1112,0.3006,0.0444,-4.81,-27.37,22.5,345.85,-82.65,-179.72
52.40553,-1.518683,145.44,10.81,4,300.95,25 / 27,173522,2019-09-08 10:10:40:146,2.488,0.6928,9.718,-0.0322,-0.018,9.8065,0.1125,0.4152,-0.0557,-5.31,-27.37,23.94,349.82,-82.32,-176.83
52.40553,-1.518683,145.44,10.81,4,300.95,25 / 27,173621,2019-09-08 10:10:40:245,2.3319,-0.5425,10.293,0.0009,-0.0419,9.8065,-0.0264,0.3416,-0.1162,-5.56,-28.06,24.44,347.98,-81.85,-175.95
52.40553,-1.518683,145.44,10.81,4,300.95,25 / 27,173721,2019-09-08 10:10:40:345,1.5395,1.007,9.2468,0.009,-0.0132,9.8065,-0.1446,0.253,-0.0802,-5.87,-28.12,25.94,348.49,-81.83,-176.69
52.40553,-1.518683,145.44,10.81,4,300.95,25 / 27,173821,2019-09-08 10:10:40:445,1.9595,-0.1865,9.7128,-0.0004,-0.0095,9.8066,0.1462,0.2542,-0.0219,-6.69,-28.12,26.5,348.12,-81.67,-175.51
52.40553,-1.518683,145.44,10.81,4,300.95,25 / 27,173921,2019-09-08 10:10:40:545,1.4341,-2.366,10.3393,0.0196,-0.0088,9.8066,0.1698,0.2545,-0.009,-7,-26.5,27.44,347.09,-81.52,-176.48
52.40553,-1.518683,145.44,10.81,4,300.95,25 / 27,174021,2019-09-08 10:10:40:645,1.8955,0.296,9.1884,-0.012,0.0204,9.8065,0.0703,0.0914,-0.0224,-6.94,-26.87,27.19,346.72,-81.55,-176.73
52.40553,-1.518683,145.44,10.81,4,300.95,25 / 27,174121,2019-09-08 10:10:40:745,1.8467,-0.508,10.0178,-0.0014,0.0644,9.8064,0.0741,0.1969,-0.1517,-7.5,-26.56,27.31,346.2,-81.66,-177.2
52.40553,-1.518683,145.44,10.81,4,300.95,25 / 27,174222,2019-09-08 10:10:40:846,0.8928,-1.2708,9.7523,0.012,-0.0083,9.8066,-0.0267,0.1836,-0.0673,-6.56,-26.81,26.75,345.48,-81.68,-177.82
52.40553,-1.518683,145.44,10.81,4,300.95,25 / 27,174321,2019-09-08 10:10:40:945,1.7751,-0.1515,9.6811,0.0177,-0.0017,9.8066,0.0087,0.0679,0.0682,-6.44,-27.06,27.06,346.03,-81.72,-179.35
52.40553,-1.518683,145.44,10.81,4,300.95,25 / 27,174421,2019-09-08 10:10:41:045,-3.6474,-1.0532,8.9569,0.0081,0.0216,9.8066,0.0081,0.1388,0.2768,-6.31,-28.94,28.56,347.23,-81.51,-179.11
52.40553,-1.518683,145.44,10.81,4,300.95,25 / 27,174522,2019-09-08 10:10:41:146,2.3712,-0.9808,9.3882,-0.0715,0.0688,9.8061,0.2809,0.0957,0.0469,-6.62,-28.44,29.69,347.51,-81.6,-177.58
52.40553,-1.518683,145.44,10.81,4,300.95,25 / 27,174622,2019-09-08 10:10:41:246,-0.0587,-1.7132,10.6929,0.0162,-0.1017,9.806,-0.1939,-0.2055,0.086,-7.31,-27.5,29.81,350.04,-80.88,-175.32
52.40553,-1.518683,145.44,10.81,4,300.95,25 / 27,174722,2019-09-08 10:10:41:346,1.368,-1.3352,8.7885,-0.0332,-0.0156,9.8065,0.0374,0.1498,-0.1338,-7.19,-27.5,29.94,351.89,-81.25,-173.8
52.40553,-1.518683,145.44,10.81,4,300.95,25 / 27,174821,2019-09-08 10:10:41:445,-0.7009,-0.4533,10.3366,0.0044,-0.014,9.8066,0.0436,-0.0054,-0.0143,-6,-27.06,29.88,353.46,-81.15,-174.27
52.40553,-1.518683,145.44,10.81,4,300.95,27 / 28,174921,2019-09-08 10:10:41:545,-0.7793,-1.4067,9.7789,0.0217,-0.0086,9.8066,0.0189,-0.0309,0.0045,-5.5,-25.75,30.31,354.11,-80.85,-175.55
52.40553,-1.518683,145.44,10.81,4,300.95,27 / 28,175021,2019-09-08 10:10:41:645,-0.1757,-0.8397,9.9383,0.0057,-0.0054,9.8066,0.0387,-0.0609,-0.0134,-5.87,-27.12,30.19,351,-80.69,-176.29
52.40553,-1.518683,145.44,10.81,4,300.95,27 / 28,175122,2019-09-08 10:10:41:746,-0.636,0.5202,10.1032,0.0113,0.0073,9.8066,-0.0686,-0.0409,-0.0582,-5.12,-27.19,30.75,352.66,-80.58,-177.05
52.40553,-1.518683,145.44,10.81,4,300.95,27 / 28,175221,2019-09-08 10:10:41:845,-0.2343,0.0744,9.9969,0.005,0.0036,9.8066,-0.0069,-0.0677,-0.0171,-5.44,-27.44,29.44,350.81,-80.71,-177.94
52.40553,-1.518683,145.44,10.81,4,300.95,27 / 28,175321,2019-09-08 10:10:41:945,-1.1612,-1.3921,9.972,0.0037,-0.0082,9.8066,-0.0405,-0.1008,-0.0348,-5.69,-26.75,29.81,348.8,-80.7,-178.16
52.40553,-1.518683,145.44,10.81,4,300.95,27 / 28,175422,2019-09-08 10:10:42:046,-1.6608,-1.2485,10.1178,0.0016,0.0043,9.8066,0.0456,-0.0313,-0.048,-6.06,-27.31,29.56,348.49,-80.73,-178.42
52.40553,-1.518683,145.44,10.81,4,300.95,27 / 28,175521,2019-09-08 10:10:42:145,-0.5625,-0.1715,10.1607,0.0034,0.0014,9.8066,0.0294,-0.0695,0.0746,-6.19,-27.62,29.31,346.97,-80.7,-179.2
52.40553,-1.518683,145.44,10.81,4,300.95,27 / 28,175621,2019-09-08 10:10:42:245,-0.7511,0.434,10.1791,0.0056,-0.0148,9.8065,-0.0195,-0.0018,-0.0027,-5.37,-26.62,29.69,349.72,-80.73,-179.22
52.40553,-1.518683,145.44,10.81,4,300.95,27 / 28,175721,2019-09-08 10:10:42:345,-1.5558,-0.9732,9.4187,0.0051,-0.024,9.8066,-0.0676,-0.0802,0.0527,-5.19,-27,29.63,349.28,-80.57,-179.56
52.40553,-1.518683,145.44,10.81,4,300.95,27 / 28,175822,2019-09-08 10:10:42:446,-1.4485,-1.4229,10.2826,0.0078,0.0105,9.8065,0.107,-0.0851,0.0468,-5,-26.75,29.19,348.03,-80.64,179.74
52.40553,-1.518683,145.44,10.81,4,300.95,26 / 28,175922,2019-09-08 10:10:42:546,-1.4817,-0.9914,10.4495,0.0031,-0.0079,9.8066,0.0756,-0.0983,0.0392,-4.75,-28.12,28.69,347.49,-80.56,179.38
52.40553,-1.518683,145.44,10.81,4,300.95,26 / 28,176021,2019-09-08 10:10:42:645,-0.9741,-2.0329,9.6653,0.0146,-0.0067,9.8066,-0.0462,-0.11,-0.0286,-4.81,-27.94,29.25,346.81,-80.49,178.83
52.40553,-1.518683,145.44,10.81,4,300.95,26 / 28,176121,2019-09-08 10:10:42:745,-1.2093,-0.5849,9.5318,0.0122,0.001,9.8065,-0.0968,-0.0891,-0.0269,-4.62,-27,28.75,345.49,-80.42,177.67
52.40553,-1.518683,145.44,10.81,4,300.95,26 / 28,176221,2019-09-08 10:10:42:845,-1.1003,-1.2169,10.0959,0.0079,-0.0154,9.8066,-0.0532,-0.0755,-0.0111,-4.06,-27,29.25,346.7,-80.46,176.74
52.40553,-1.518683,145.44,10.81,4,300.95,26 / 28,176321,2019-09-08 10:10:42:945,-1.6554,-1.0839,9.5301,0.0152,-0.0156,9.8066,-0.0461,-0.0983,0.0338,-4.75,-27.25,28.44,342.85,-80.4,175.88
52.40553,-1.518683,145.44,10.81,4,300.95,26 / 28,176421,2019-09-08 10:10:43:045,-1.5242,-1.869,9.2536,-0.0035,0.0202,9.8065,0.0807,-0.0729,-0.0086,-4,-27.44,28.06,344.34,-80.62,175.08
52.40553,-1.518683,145.44,10.81,4,300.95,26 / 28,176522,2019-09-08 10:10:43:146,-1.0719,-1.1628,9.6972,-0.0017,0.0175,9.8066,0.0391,-0.0964,-0.0094,-4,-27.37,27.56,344.23,-80.73,174.96
52.40553,-1.518683,145.44,10.81,4,300.95,26 / 28,176622,2019-09-08 10:10:43:246,-0.5504,-0.697,8.8547,0.003,0.0094,9.8065,-0.1618,-0.122,0.0526,-4,-27.94,27.94,343.84,-80.85,174.68
52.40553,-1.518683,145.44,10.81,4,300.95,26 / 28,176722,2019-09-08 10:10:43:346,-0.7497,-0.0941,8.6655,-0.0026,0.0417,9.8065,-0.0458,-0.1454,0.0202,-3.5,-27.06,27.13,346.07,-80.9,174.75
52.40553,-1.518683,145.44,10.81,4,300.95,26 / 28,176821,2019-09-08 10:10:43:445,-1.8596,-2.0803,10.4494,-0.0033,-0.0311,9.8065,-0.0682,-0.0652,0.0134,-4.94,-27.25,27.19,341.29,-81.28,174.73
52.405643,-1.519874,143.8,10.6,4,253.31,25 / 26,176921,2019-09-08 10:10:43:545,-0.5638,-2.1824,9.7455,0.006,-0.0051,9.8066,-0.0667,-0.0781,0.0676,-4.87,-27.69,27.06,341.53,-81.33,175.02
52.405643,-1.519874,143.8,10.6,4,253.31,25 / 26,177021,2019-09-08 10:10:43:645,-0.7958,-0.6513,9.5093,-0.006,-0.0198,9.8066,-0.1453,-0.0652,0.0024,-4.31,-27.25,26.81,344.45,-81.27,175.35
52.405643,-1.519874,143.8,10.6,4,253.31,25 / 26,177121,2019-09-08 10:10:43:745,-0.3708,0.2737,10.1145,0.0053,0.0248,9.8066,0.1236,-0.1542,0.0431,-4.25,-27.19,26.81,344.37,-81.4,175.24
52.405643,-1.519874,143.8,10.6,4,253.31,25 / 26,177222,2019-09-08 10:10:43:846,-0.9526,-1.1786,10.6364,-0.0014,0.0061,9.8066,0.1124,-0.0488,-0.0308,-3.69,-27.12,26.31,343.74,-81.49,175.1
52.405643,-1.519874,143.8,10.6,4,253.31,25 / 26,177322,2019-09-08 10:10:43:946,-1.8169,-2.6724,10.0498,0.0047,-0.0164,9.8066,-0.1325,-0.0236,-0.0394,-4.19,-26.87,25.69,343.38,-81.26,174.87
52.405643,-1.519874,143.8,10.6,4,253.31,25 / 26,177421,2019-09-08 10:10:44:045,-1.2426,1.0903,10.5948,0.0089,-0.0131,9.8065,-0.1058,-0.0627,0.0357,-4.31,-27.5,25.69,342.7,-81.23,174.3
52.405643,-1.519874,143.8,10.6,4,253.31,25 / 26,177522,2019-09-08 10:10:44:146,-1.5432,-2.9066,9.4492,0.0049,-0.0208,9.8065,-0.032,-0.0284,-0.0286,-4.06,-27.37,25.75,343.39,-81.21,174.89
52.405643,-1.519874,143.8,10.6,4,253.31,25 / 26,177622,2019-09-08 10:10:44:246,-0.4362,-1.8613,9.3189,-0.0015,-0.0148,9.8066,-0.0627,-0.0853,-0.0451,-3.94,-28.19,25.81,343.19,-81.17,174.83
52.405643,-1.519874,143.8,10.6,4,253.31,25 / 26,177722,2019-09-08 10:10:44:346,-1.2272,0.7999,9.1959,-0.0031,0.0265,9.8065,-0.0666,-0.0845,-0.0303,-3.75,-27.62,25.94,342.75,-81.33,174.41
52.405643,-1.519874,143.8,10.6,4,253.31,25 / 26,177822,2019-09-08 10:10:44:446,-0.7617,0.117,10.0833,-0.0049,0.017,9.8065,-0.0806,0.0014,-0.0872,-3.87,-27.56,24.81,341.76,-81.64,173.92
52.405643,-1.519874,143.8,10.6,4,253.31,26 / 27,177921,2019-09-08 10:10:44:545,-0.6887,-0.8406,10.7361,-0.0024,0.03,9.8065,0.123,-0.032,-0.0231,-4,-28.44,25.19,340.41,-81.76,172.73
52.405643,-1.519874,143.8,10.6,4,253.31,26 / 27,178022,2019-09-08 10:10:44:646,-0.7397,-0.4653,10.6111,0.0122,-0.0342,9.8065,-0.0597,-0.0968,-0.0238,-3.94,-27.5,24.94,340.42,-81.42,172.77
52.405643,-1.519874,143.8,10.6,4,253.31,26 / 27,178122,2019-09-08 10:10:44:746,-1.6758,-2.1822,9.7564,0.0113,-0.0503,9.8064,-0.1264,-0.0266,-0.0909,-3.5,-27.12,24.31,342.55,-81.31,172.77
52.405643,-1.519874,143.8,10.6,4,253.31,26 / 27,178221,2019-09-08 10:10:44:845,-1.2399,0.1551,10.0566,-0.0058,0.0299,9.8066,0.1434,-0.0831,0.0561,-3.81,-27.81,25,339.31,-81.32,172.01
52.405643,-1.519874,143.8,10.6,4,253.31,26 / 27,178321,2019-09-08 10:10:44:945,0.647,-0.4658,10.323,0.009,0.0468,9.8065,0.0939,0.0231,-0.1381,-4.25,-27.5,25.44,338.52,-81.5,171.14
52.405643,-1.519874,143.8,10.6,4,253.31,26 / 27,178421,2019-09-08 10:10:45:045,-1.9121,-0.1136,9.0993,-0.0074,0.0098,9.8066,0.0777,0.045,-0.0906,-4.44,-26.75,24.88,336.85,-81.26,169.84
52.405643,-1.519874,143.8,10.6,4,253.31,26 / 27,178522,2019-09-08 10:10:45:146,-0.5868,0.498,8.8657,0.0214,0.022,9.8066,-0.1357,-0.0537,0.0418,-4,-27,24.88,335.93,-81.21,169.09
52.405643,-1.519874,143.8,10.6,4,253.31,26 / 27,178621,2019-09-08 10:10:45:245,-2.6222,1.1616,9.1709,-0.0309,0.0657,9.8063,0.1462,0.0142,-0.1629,-3.5,-26.81,24.44,338.68,-81.75,169.35
52.405643,-1.519874,143.8,10.6,4,253.31,26 / 27,178721,2019-09-08 10:10:45:345,-0.896,-1.1123,10.4007,0.0062,0.0126,9.8066,0.0109,-0.0911,0.0321,-4.12,-26.12,24.25,335.56,-81.68,168.93
52.405643,-1.519874,143.8,10.6,4,253.31,26 / 27,178821,2019-09-08 10:10:45:445,-0.8559,0.1796,9.7504,-0.0083,-0.0222,9.8066,-0.1009,-0.0559,-0.0185,-4,-27.06,24.19,336.18,-81.67,169.59
52.405643,-1.519874,143.8,10.6,4,253.31,26 / 27,178922,2019-09-08 10:10:45:546,-1.2803,-0.8208,10.2187,0.0066,-0.0025,9.8066,0.0428,-0.0306,0.0121,-4.12,-27.12,24.19,336.47,-81.66,169.84
52.405643,-1.519874,143.8,10.6,4,253.31,26 / 27,179021,2019-09-08 10:10:45:645,-0.522,0.4929,10.0064,0.0083,-0.0056,9.8066,-0.0412,-0.049,0.0105,-3.5,-26.75,23.56,338.26,-81.58,169.07
52.405643,-1.519874,143.8,10.6,4,253.31,26 / 27,179121,2019-09-08 10:10:45:745,-1.5779,-0.9677,9.4819,0.0045,0.0151,9.8065,-0.0519,-0.0871,0.0105,-3.37,-27,24.06,338.53,-81.48,169.35
52.405643,-1.519874,143.8,10.6,4,253.31,26 / 27,179221,2019-09-08 10:10:45:845,-1.51,-1.0326,9.602,0.0073,0.0439,9.8065,0.0418,-0.0256,-0.0774,-3.19,-26.44,23.94,337.42,-81.57,168.24
52.405643,-1.519874,143.8,10.6,4,253.31,26 / 27,179321,2019-09-08 10:10:45:945,-0.7238,-0.9232,9.272,0.0064,0.0002,9.8065,-0.0508,-0.0746,0.0172,-3.87,-26.81,24.5,335.11,-81.59,168.21
52.405643,-1.519874,143.8,10.6,4,253.31,26 / 27,179422,2019-09-08 10:10:46:046,-1.8386,-0.4381,9.6283,0.0043,0.0112,9.8066,0.075,-0.0146,-0.0631,-3.37,-26.87,23.69,336.34,-81.68,167.41
52.405643,-1.519874,143.8,10.6,4,253.31,26 / 27,179521,2019-09-08 10:10:46:145,-0.9707,-0.366,9.962,0.0063,-0.0152,9.8065,0.034,-0.0266,-0.0226,-3.56,-26.44,23.56,333.7,-81.73,167.31
52.405643,-1.519874,143.8,10.6,4,253.31,26 / 27,179622,2019-09-08 10:10:46:246,-1.2996,-0.6339,10.3605,0.0015,-0.0296,9.8066,-0.0795,-0.0674,-0.0156,-3.37,-26.56,23.63,336.55,-81.59,167.63
52.405643,-1.519874,143.8,10.6,4,253.31,26 / 27,179722,2019-09-08 10:10:46:346,-1.9694,-0.3878,10.0159,-0.0204,0.0203,9.8066,-0.0013,-0.1112,0.1087,-3.19,-26.56,23.44,336.87,-81.72,168.3
52.405643,-1.519874,143.8,10.6,4,253.31,26 / 27,179821,2019-09-08 10:10:46:445,-0.6907,-0.2741,10.2898,-0.0068,-0.0161,9.8065,-0.0032,-0.076,0.0485,-3.69,-26.75,23.69,335.46,-81.51,169.07
52.405643,-1.519874,143.8,10.6,4,253.31,26 / 27,179921,2019-09-08 10:10:46:545,-1.4229,-1.0434,9.848,-0.0139,0.0102,9.8066,-0.0805,-0.057,0.0378,-3.75,-27.19,23.56,336.08,-81.55,169.57
52.405643,-1.519874,143.8,10.6,4,253.31,26 / 27,180022,2019-09-08 10:10:46:646,-1.9529,0.5551,9.7521,-0.0066,0.0167,9.8065,0.1367,-0.0265,0.0044,-3.87,-27.06,23.88,337.1,-81.68,170.37
52.405643,-1.519874,143.8,10.6,4,253.31,26 / 27,180121,2019-09-08 10:10:46:745,-0.1608,-2.6979,9.9252,0.0186,-0.0502,9.8065,0.109,-0.0478,0.0027,-3.75,-27.12,23.13,336.89,-81.83,170.67
52.405643,-1.519874,143.8,10.6,4,253.31,26 / 27,180222,2019-09-08 10:10:46:846,-1.8603,-0.3909,9.0019,0.0101,-0.0247,9.8066,0.1262,-0.0811,-0.0511,-3.87,-26.81,22.69,336.86,-81.69,170.72
52.405643,-1.519874,143.8,10.6,4,253.31,26 / 27,180321,2019-09-08 10:10:46:945,-0.041,-0.5109,9.9193,0.0062,0.0097,9.8066,0.1172,0.0382,-0.1037,-3.19,-26.94,22,337.63,-81.87,169.35
52.405643,-1.519874,143.8,10.6,4,253.31,26 / 27,180422,2019-09-08 10:10:47:046,-1.5582,1.2498,9.7828,0.0108,-0.0029,9.8066,0.0331,0.0003,-0.0661,-3.12,-28.5,21.81,337.01,-81.98,168.92
52.405643,-1.519874,143.8,10.6,4,253.31,26 / 27,180521,2019-09-08 10:10:47:145,-1.2557,-0.5372,9.8021,-0.0013,-0.0304,9.8065,0.0247,-0.0097,0.0131,-2.94,-27.94,22.5,336.95,-81.92,168.4
52.405643,-1.519874,143.8,10.6,4,253.31,26 / 27,180622,2019-09-08 10:10:47:246,-1.1636,0.2502,10.1493,-0.0032,-0.0011,9.8066,0.059,-0.0633,0.0431,-2.69,-27.69,22.81,337.96,-81.84,169.29
52.405643,-1.519874,143.8,10.6,4,253.31,26 / 27,180722,2019-09-08 10:10:47:346,-1.61,-0.7115,9.8457,-0.0114,-0.0232,9.8066,0.1232,-0.1081,0.1174,-3.19,-27.31,22.88,339.09,-81.94,170.06
52.405643,-1.519874,143.8,10.6,4,253.31,25 / 27,180822,2019-09-08 10:10:47:446,-1.3675,-1.1762,9.4292,-0.0061,-0.0141,9.8066,-0.0219,-0.0498,-0.0048,-2.56,-28.06,22.19,339.92,-81.89,171.37
52.405643,-1.519874,143.8,10.6,4,253.31,25 / 27,180922,2019-09-08 10:10:47:546,-2.3088,-0.0805,9.8104,-0.0115,0.0061,9.8066,0.0256,-0.132,0.0163,-3.19,-27.19,22.75,341.48,-82.04,172.02
52.405643,-1.519874,143.8,10.6,4,253.31,25 / 27,181021,2019-09-08 10:10:47:645,-1.2903,0.4379,9.7647,0.0022,0.0192,9.8066,0.0019,-0.0474,-0.0335,-3.37,-26.69,22.06,339.98,-82.16,171.18
52.405643,-1.519874,143.8,10.6,4,253.31,25 / 27,181122,2019-09-08 10:10:47:746,-1.0769,-0.7763,10.3514,0.0049,-0.0153,9.8066,-0.0357,-0.034,-0.0544,-2.06,-27.12,22.06,342.97,-82.17,171.11
52.405643,-1.519874,143.8,10.6,4,253.31,25 / 27,181221,2019-09-08 10:10:47:845,-0.8945,1.0711,10.3696,-0.006,0.0023,9.8066,0.1536,0.0033,-0.0004,-2.69,-26.87,21.75,340.24,-82.16,171.39
52.405643,-1.519874,143.8,10.6,4,253.31,25 / 27,181321,2019-09-08 10:10:47:945,0.1458,-0.734,9.5183,0.0025,-0.0299,9.8065,0.0243,0.0118,0.0079,-2.31,-26.69,21.94,344.9,-82.13,172.73
52.405643,-1.519874,143.8,10.6,4,253.31,25 / 27,181422,2019-09-08 10:10:48:046,-1.6915,1.3115,10.1244,-0.0174,0.0046,9.8066,0.0291,0.0285,0.0201,-2.69,-26.75,21.81,343.8,-82.08,174.39
52.405643,-1.519874,143.8,10.6,4,253.31,25 / 27,181521,2019-09-08 10:10:48:145,-1.4061,-0.0821,9.3675,-0.0002,0.0064,9.8066,-0.0713,-0.0415,0.0409,-2.69,-27.37,21.38,344.82,-82.1,175.71
52.405643,-1.519874,143.8,10.6,4,253.31,25 / 27,181621,2019-09-08 10:10:48:245,-1.228,1.369,9.5838,-0.0041,0.0197,9.8066,0.1521,-0.0435,0.0192,-3.19,-26.87,21.94,345.79,-82.15,176.02
52.405643,-1.519874,143.8,10.6,4,253.31,25 / 27,181721,2019-09-08 10:10:48:345,-2.2769,0.4574,9.6684,-0.0057,-0.0236,9.8066,0.0858,-0.0559,0.0612,-3.12,-27.44,21.06,345.42,-82.14,176.19
52.405643,-1.519874,143.8,10.6,4,253.31,25 / 27,181822,2019-09-08 10:10:48:446,-1.5051,0.9525,9.6957,0.0107,-0.0229,9.8065,-0.1079,-0.0708,-0.0109,-3.25,-27.44,20.88,345.67,-82.15,176.4
52.405643,-1.519874,143.8,10.6,4,253.31,24 / 26,181922,2019-09-08 10:10:48:546,-0.207,0.3649,9.5246,0.0025,0.0298,9.8065,0.0978,-0.0778,0.0631,-2.87,-27.12,20.88,344.64,-82,175.6
52.405643,-1.519874,143.8,10.6,4,253.31,24 / 26,182021,2019-09-08 10:10:48:645,-1.2121,0.6263,9.4337,-0.0103,0.0201,9.8066,0.1022,-0.0361,-0.0424,-2.5,-27.25,21.25,348.03,-82.14,175.66
52.405643,-1.519874,143.8,10.6,4,253.31,24 / 26,182122,2019-09-08 10:10:48:746,-1.621,0.9314,9.5959,0.0059,0.0092,9.8066,-0.0002,-0.0917,0.0166,-3.19,-27.5,20.94,344.21,-82.1,175.21
52.405643,-1.519874,143.8,10.6,4,253.31,24 / 26,182221,2019-09-08 10:10:48:845,-1.1644,0.8385,9.471,-0.0101,0.0191,9.8066,-0.0098,-0.0355,-0.0487,-2.31,-27.19,21.56,348.18,-82.21,175.42
52.405643,-1.519874,143.8,10.6,4,253.31,24 / 26,182321,2019-09-08 10:10:48:945,-0.3963,0.0304,9.7051,0.0014,0.0005,9.8066,-0.0516,-0.0395,-0.0212,-2.69,-26.5,20.56,344.93,-82.19,175.67
52.405643,-1.519874,143.8,10.6,4,253.31,24 / 26,182421,2019-09-08 10:10:49:045,-1.5129,0.3972,9.6942,-0.0041,-0.0036,9.8066,0.0256,-0.068,0.0343,-2.81,-27.31,19.69,344.06,-82.22,175.58
52.405643,-1.519874,143.8,10.6,4,253.31,24 / 26,182522,2019-09-08 10:10:49:146,-1.4239,1.8812,9.7007,-0.015,0.0223,9.8066,0.0904,-0.0118,-0.0139,-2.37,-27.12,20.81,348.95,-82.13,176.42
52.405643,-1.519874,143.8,10.6,4,253.31,24 / 26,182622,2019-09-08 10:10:49:246,-0.4829,-0.6225,10.3068,-0.0028,-0.0053,9.8066,0.0225,-0.1428,0.0996,-2.56,-27.06,20.63,347.09,-82.08,177.58
52.405643,-1.519874,143.8,10.6,4,253.31,24 / 26,182721,2019-09-08 10:10:49:345,-0.9513,1.194,9.8458,-0.0201,0.0141,9.8065,0.0696,-0.0733,-0.0133,-2.87,-26.75,20.31,349.33,-82.14,179.9
52.405643,-1.519874,143.8,10.6,4,253.31,24 / 26,182821,2019-09-08 10:10:49:445,-1.028,1.0151,10.5236,0,0.0027,9.8066,-0.0194,-0.0711,-0.0121,-2.94,-27.69,20.31,349.99,-82.07,-179.48
52.405643,-1.519874,143.8,10.6,4,253.31,26 / 27,182921,2019-09-08 10:10:49:545,-0.8722,0.3199,9.9541,-0.0052,0.0118,9.8066,0.0031,-0.0732,0.0076,-2.62,-27.5,20.19,350.81,-82.18,-178.91
52.405643,-1.519874,143.8,10.6,4,253.31,26 / 27,183022,2019-09-08 10:10:49:646,-0.6873,0.2579,10.0857,-0.0014,0.0257,9.8066,0.0947,-0.0419,-0.0133,-2.75,-26.75,20.75,351.3,-82.29,-179.02
52.405643,-1.519874,143.8,10.6,4,253.31,26 / 27,183122,2019-09-08 10:10:49:746,-0.6516,0.8977,10.4229,0.0087,-0.0236,9.8065,-0.0065,-0.0947,-0.0084,-2.44,-27.25,19.69,354.24,-82.23,-178.95
52.405643,-1.519874,143.8,10.6,4,253.31,26 / 27,183221,2019-09-08 10:10:49:845,-1.7689,0.1246,9.4945,0.0036,-0.0208,9.8066,-0.0958,-0.0697,0.0241,-2.31,-27.75,19.44,353.35,-82.02,-179.23
52.405643,-1.519874,143.8,10.6,4,253.31,26 / 27,183321,2019-09-08 10:10:49:945,-1.0568,-0.0395,9.8899,-0.0014,-0.0065,9.8066,-0.0291,0.0217,-0.0105,-2.87,-28,20,350.35,-82.05,-179.19
52.405643,-1.519874,143.8,10.6,4,253.31,26 / 27,183422,2019-09-08 10:10:50:046,-1.6553,1.4895,9.8575,0.0012,-0.0124,9.8065,-0.1008,-0.073,0.0645,-3.06,-27.56,19.56,350.36,-82.1,-179.19
52.405643,-1.519874,143.8,10.6,4,253.31,26 / 27,183522,2019-09-08 10:10:50:146,-0.6375,0.6584,9.8758,-0.0036,-0.0196,9.8066,0.0105,-0.0102,-0.0238,-2.69,-27.56,20.5,351.28,-82.24,-178.96
52.405643,-1.519874,143.8,10.6,4,253.31,26 / 27,183621,2019-09-08 10:10:50:245,-1.2644,1.7608,10.29,-0.0013,-0.0248,9.8066,-0.0221,-0.0699,0.0422,-2.69,-27.81,20.25,350.81,-81.99,-178.8
52.405643,-1.519874,143.8,10.6,4,253.31,26 / 27,183721,2019-09-08 10:10:50:345,-0.8399,0.7635,10.0449,-0.0034,-0.0034,9.8066,0.0098,-0.0923,0.0135,-2.81,-27.69,20.13,352.29,-81.88,-177.6
52.405643,-1.519874,143.8,10.6,4,253.31,26 / 27,183821,2019-09-08 10:10:50:445,-0.7116,0.4641,9.8394,-0.0028,0.0057,9.8065,0.0515,-0.1456,0.0249,-1.81,-27.06,20.13,356.34,-81.82,-177.21
52.405643,-1.519874,143.8,10.6,4,253.31,26 / 27,183922,2019-09-08 10:10:50:546,-3.2805,0.7942,9.9726,0.0053,-0.0163,9.8066,-0.1452,-0.0461,0.0435,-2.62,-27.12,20,353.48,-81.78,-176.68
52.405643,-1.519874,143.8,10.6,4,253.31,26 / 27,184021,2019-09-08 10:10:50:645,-0.3894,0.6808,9.45,-0.0124,0.0212,9.8066,0.0663,0.0123,-0.0036,-1.62,-26.69,19.88,356.98,-81.95,-176.71
52.405643,-1.519874,143.8,10.6,4,253.31,26 / 27,184122,2019-09-08 10:10:50:746,0.3422,1.8295,10.5077,0.0097,-0.0027,9.8066,-0.0446,-0.1236,0.0532,-2,-27.37,19.38,356.47,-81.83,-176.78
52.405643,-1.519874,143.8,10.6,4,253.31,26 / 27,184221,2019-09-08 10:10:50:845,-0.4433,1.1164,10.0713,-0.0073,0.0052,9.8066,0.0001,-0.0334,-0.0762,-1.75,-27.81,19.13,356.56,-81.83,-176.68
52.405643,-1.519874,143.8,10.6,4,253.31,26 / 27,184322,2019-09-08 10:10:50:946,-0.8423,0.0973,9.3753,-0.0067,-0.003,9.8066,-0.0463,-0.0915,-0.0204,-1.81,-27,19.25,356.03,-81.82,-177.12
52.405643,-1.519874,143.8,10.6,4,253.31,26 / 27,184421,2019-09-08 10:10:51:045,-2.0423,1.7183,10.0082,-0.0006,0.002,9.8066,-0.0188,-0.022,0.0282,-2.19,-27.44,18.69,356.59,-81.8,-176.68
52.405643,-1.519874,143.8,10.6,4,253.31,26 / 27,184521,2019-09-08 10:10:51:145,-0.8086,-0.2453,9.8884,0.0037,-0.0357,9.8066,-0.0581,-0.063,0.0226,-1.87,-27.75,19,356.58,-81.62,-176.64
52.405643,-1.519874,143.8,10.6,4,253.31,26 / 27,184621,2019-09-08 10:10:51:245,-1.4885,0.5291,9.9475,-0.0022,-0.0077,9.8065,0.0217,-0.0885,0.0467,-1.75,-27.69,19.81,357.52,-81.59,-176.24
52.405643,-1.519874,143.8,10.6,4,253.31,26 / 27,184721,2019-09-08 10:10:51:345,-0.2926,0.7463,10.3394,0.005,0.0015,9.8066,0.0146,-0.0235,-0.0202,-1.87,-28.19,19.06,357.39,-81.59,-176.02
52.405643,-1.519874,143.8,10.6,4,253.31,26 / 27,184821,2019-09-08 10:10:51:445,-0.4337,0.5719,9.6449,-0.0058,0.0059,9.8066,0.0063,-0.038,0.0149,-1.62,-27.37,19.31,357.4,-81.52,-176.02
52.405643,-1.519874,143.8,10.6,4,253.31,25 / 28,184921,2019-09-08 10:10:51:545,-0.6965,0.8657,10.4068,-0.004,-0.0033,9.8066,-0.0094,-0.0228,-0.0173,-2.19,-27.56,18.75,358.06,-81.57,-175.49
52.405643,-1.519874,143.8,10.6,4,253.31,25 / 28,185021,2019-09-08 10:10:51:645,-1.0438,1.5723,9.1587,-0.0007,0.0127,9.8066,0.0111,-0.0342,-0.0158,-1.5,-27.5,18.56,2.29,-81.61,-175.2
52.405643,-1.519874,143.8,10.6,4,253.31,25 / 28,185122,2019-09-08 10:10:51:746,-1.5011,1.082,9.3761,-0.0044,-0.0039,9.8066,-0.0337,-0.0627,0.0515,-1.56,-27.56,18.69,358.86,-81.53,-174.87
52.405643,-1.519874,143.8,10.6,4,253.31,25 / 28,185221,2019-09-08 10:10:51:845,-0.4335,0.3926,9.8092,-0.0019,0.0093,9.8066,0.0585,-0.0278,-0.0236,-1.06,-27.37,19.13,2.91,-81.59,-174.71
52.405643,-1.519874,143.8,10.6,4,253.31,25 / 28,185321,2019-09-08 10:10:51:945,-0.5739,0.9895,10.7416,-0.006,-0.0086,9.8066,-0.0294,-0.0289,-0.0247,-1.25,-26.69,18.63,2.64,-81.57,-174.93
52.405643,-1.519874,143.8,10.6,4,253.31,25 / 28,185421,2019-09-08 10:10:52:045,-1.1727,0.4552,9.7729,-0.0056,-0.0024,9.8066,0.0038,-0.0746,0.0008,-0.81,-27.12,17.69,3.31,-81.42,-174.28
52.405643,-1.519874,143.8,10.6,4,253.31,25 / 28,185521,2019-09-08 10:10:52:145,0.2031,0.0466,9.3115,0.0072,-0.0117,9.8066,-0.0802,-0.0956,0.0105,-1.25,-27,18.44,3.69,-81.37,-174
52.405643,-1.519874,143.8,10.6,4,253.31,25 / 28,185621,2019-09-08 10:10:52:245,-0.3675,1.0369,10.0694,0.0034,0.0115,9.8066,-0.0002,-0.0634,0.036,-0.87,-26.94,17.44,3.5,-81.51,-173.99
52.405643,-1.519874,143.8,10.6,4,253.31,25 / 28,185721,2019-09-08 10:10:52:345,-0.3759,1.7984,10.225,-0.0004,0.0107,9.8066,0.0755,0.0192,-0.0197,-1.12,-27.37,17.81,4.32,-81.67,-173.48
52.405643,-1.519874,143.8,10.6,4,253.31,25 / 28,185821,2019-09-08 10:10:52:445,-1.1512,0.6085,9.4774,-0.0089,-0.0002,9.8066,0.0814,-0.0177,0.0439,-1.12,-26.19,18.19,4.35,-81.61,-173.43
52.405594,-1.52145,142.98,10.12,4,278.75,24 / 27,185922,2019-09-08 10:10:52:546,0.209,1.2199,9.8682,0.0042,-0.007,9.8066,0.0232,-0.1049,0.0563,-1.69,-26.69,17.38,0.1,-81.6,-173.21
52.405594,-1.52145,142.98,10.12,4,278.75,24 / 27,186021,2019-09-08 10:10:52:645,-1.3202,2.1172,9.7843,-0.0037,0.0027,9.8066,-0.0183,-0.0815,0.069,-1.31,-25.81,17.69,5.44,-81.52,-172.6
52.405594,-1.52145,142.98,10.12,4,278.75,24 / 27,186122,2019-09-08 10:10:52:746,-0.5493,0.1878,9.4786,0.0113,-0.023,9.8066,-0.0732,-0.0984,-0.0222,-1.25,-26.81,17.31,5.79,-81.41,-172.28
52.405594,-1.52145,142.98,10.12,4,278.75,24 / 27,186221,2019-09-08 10:10:52:845,-0.5518,1.0145,10.045,-0.0108,-0.0381,9.8065,-0.1014,-0.0002,-0.0833,-1.75,-26.94,18.38,2.42,-81.31,-171.81
52.405594,-1.52145,142.98,10.12,4,278.75,24 / 27,186322,2019-09-08 10:10:52:946,0.2326,1.0032,9.4176,-0.0036,0.0167,9.8066,0.076,-0.019,-0.014,-1.69,-26.81,17.75,2.12,-81.32,-172.04
52.405594,-1.52145,142.98,10.12,4,278.75,24 / 27,186421,2019-09-08 10:10:53:045,0.1419,0.3304,9.8313,-0.0076,0.0217,9.8065,0.0508,0.0044,-0.0357,-1.19,-26.44,17.75,6,-81.3,-172.19
52.405594,-1.52145,142.98,10.12,4,278.75,24 / 27,186521,2019-09-08 10:10:53:145,-1.3146,1.7694,10.1315,-0.0092,0.001,9.8066,-0.03,0.074,-0.0624,-1.37,-27,17.38,6.08,-81.46,-172.05
52.405594,-1.52145,142.98,10.12,4,278.75,24 / 27,186621,2019-09-08 10:10:53:245,0.0283,1.4591,9.5137,-0.0019,0.02,9.8066,0.0608,-0.0307,-0.0145,-1.31,-27.12,18,6.81,-81.48,-171.59
52.405594,-1.52145,142.98,10.12,4,278.75,24 / 27,186722,2019-09-08 10:10:53:346,-0.1381,1.0618,8.9991,-0.0068,-0.0014,9.8066,-0.0224,0.0134,-0.0368,-1.06,-27.19,17.31,6.43,-81.41,-171.79
52.405594,-1.52145,142.98,10.12,4,278.75,24 / 27,186821,2019-09-08 10:10:53:445,-0.0662,-0.2141,9.6026,-0.0069,0.0182,9.8066,0.023,-0.0436,0.0179,-1.62,-27,17.44,2.62,-81.46,-171.31
52.405594,-1.52145,142.98,10.12,4,278.75,25 / 28,186922,2019-09-08 10:10:53:546,-0.6883,1.0141,9.484,-0.0018,0.0238,9.8066,0.0113,-0.0108,0.0054,-1.69,-26.87,17.06,3.3,-81.47,-170.8
52.405594,-1.52145,142.98,10.12,4,278.75,25 / 28,187021,2019-09-08 10:10:53:645,-0.2528,1.2512,9.7231,-0.0004,0.0293,9.8066,0.0756,-0.0272,0.0617,-1.81,-26.69,17.25,3.44,-81.65,-170.68
52.405594,-1.52145,142.98,10.12,4,278.75,25 / 28,187122,2019-09-08 10:10:53:746,0.0828,0.1658,9.7526,-0.0063,-0.0153,9.8065,0.0086,-0.0357,0.0242,-1.44,-26.5,16.25,8.17,-81.56,-170.28
52.405594,-1.52145,142.98,10.12,4,278.75,25 / 28,187221,2019-09-08 10:10:53:845,-0.688,1.0405,9.4366,-0.0087,0.0024,9.8065,0.0228,-0.0632,-0.0148,-2.44,-27.62,16.81,5.18,-81.42,-169.43
52.405594,-1.52145,142.98,10.12,4,278.75,25 / 28,187322,2019-09-08 10:10:53:946,-0.0953,0.6825,9.6194,-0.0041,-0.0065,9.8066,-0.0461,-0.0653,0.0131,-1.12,-27.62,17.13,10.02,-81.37,-169.19
52.405594,-1.52145,142.98,10.12,4,278.75,25 / 28,187422,2019-09-08 10:10:54:046,-0.4865,0.6856,9.8633,-0.0089,0.0122,9.8066,0.007,-0.0267,0.0012,-2.69,-27.81,16.88,2.18,-81.49,-168.36
52.405594,-1.52145,142.98,10.12,4,278.75,25 / 28,187521,2019-09-08 10:10:54:145,-0.1559,0.685,9.8316,0.0042,0.0027,9.8066,-0.0637,-0.059,0.0231,-1.56,-27.37,16.44,6.49,-81.63,-168.03
52.405594,-1.52145,142.98,10.12,4,278.75,25 / 28,187621,2019-09-08 10:10:54:245,-0.7654,0.9585,9.8253,0.0002,-0.0003,9.8066,-0.051,-0.0275,-0.0216,-2.06,-26.94,16.5,6.78,-81.66,-168.13
52.405594,-1.52145,142.98,10.12,4,278.75,25 / 28,187721,2019-09-08 10:10:54:345,0.1724,0.9018,10.4969,0.0039,-0.0285,9.8065,-0.0497,-0.0413,0.0113,-2.12,-27.69,15.75,5.67,-81.7,-168.68
52.405594,-1.52145,142.98,10.12,4,278.75,23 / 26,187821,2019-09-08 10:10:54:445,-0.9583,0.3708,9.7688,-0.0007,-0.0487,9.8065,-0.0976,-0.0551,0.0448,-2,-27.31,16.69,5.93,-81.44,-168.81
52.405594,-1.52145,142.98,10.12,4,278.75,23 / 26,187921,2019-09-08 10:10:54:545,-0.5115,1.146,9.5611,0.0024,0.0227,9.8066,0.1166,-0.0711,0.0226,-2.44,-28.19,17.56,7,-81.49,-168.33
52.405594,-1.52145,142.98,10.12,4,278.75,23 / 26,188021,2019-09-08 10:10:54:645,0.1459,-0.1288,10.1278,-0.0018,0.006,9.8066,0.0911,-0.0002,-0.0477,-2.44,-27.81,17.31,6.3,-81.58,-168.57
52.405594,-1.52145,142.98,10.12,4,278.75,23 / 26,188122,2019-09-08 10:10:54:746,0.1563,0.9587,10.3417,0.003,-0.0064,9.8066,-0.0415,-0.0261,0.0305,-2.62,-27.81,16.75,1.02,-81.67,-169.22
52.405594,-1.52145,142.98,10.12,4,278.75,23 / 26,188222,2019-09-08 10:10:54:846,-0.0298,0.8305,9.4479,0.0009,-0.0014,9.8066,-0.0773,-0.1021,0.035,-2.12,-27.12,16.38,5.29,-81.64,-168.93
52.405594,-1.52145,142.98,10.12,4,278.75,23 / 26,188322,2019-09-08 10:10:54:946,-0.186,0.1412,9.8118,0.0094,-0.0087,9.8066,-0.007,-0.07,0.0398,-2.87,-28,16.25,0.1,-81.72,-169.31
52.405594,-1.52145,142.98,10.12,4,278.75,23 / 26,188422,2019-09-08 10:10:55:046,-0.527,0.8556,9.9257,-0.0127,0.0025,9.8066,-0.0094,-0.0175,0.0529,-2.19,-28.31,15.69,6.19,-81.86,-168.27
52.405594,-1.52145,142.98,10.12,4,278.75,23 / 26,188522,2019-09-08 10:10:55:146,1.5763,1.2739,8.8877,-0.0053,0.041,9.8066,0.0008,-0.0691,0.0838,-2.44,-28.5,16.13,7.8,-81.97,-167.04
52.405594,-1.52145,142.98,10.12,4,278.75,23 / 26,188622,2019-09-08 10:10:55:246,-0.6573,-0.2901,10.107,-0.0187,0.0102,9.8066,-0.0325,0.0316,0.0064,-2.56,-27.75,15.75,6.68,-82.1,-164.34
52.405594,-1.52145,142.98,10.12,4,278.75,23 / 26,188722,2019-09-08 10:10:55:346,0.0725,1.0044,9.8706,-0.0067,-0.0199,9.8066,0.0718,-0.0521,0.0697,-3.19,-28.06,15.94,7.07,-82.12,-164.04
52.405594,-1.52145,142.98,10.12,4,278.75,23 / 26,188822,2019-09-08 10:10:55:446,0.2648,0.9506,9.2145,0.0153,0.0028,9.8066,-0.0803,-0.0551,-0.0085,-2.31,-28.12,15.88,11.38,-81.88,-164.38
52.405594,-1.52145,142.98,10.12,4,278.75,23 / 26,188921,2019-09-08 10:10:55:545,-2.3335,-0.6786,8.8758,-0.0404,0.0038,9.8065,-0.0537,-0.1634,0.0013,-3.31,-27.75,16.19,9.58,-81.63,-162.29
52.405594,-1.52145,142.98,10.12,4,278.75,23 / 26,189022,2019-09-08 10:10:55:646,-2.442,0.9263,9.5799,-0.0251,-0.0213,9.8065,-0.0483,0.0676,-0.0564,-2.87,-28.62,16.06,10.79,-81.68,-161.46
52.405594,-1.52145,142.98,10.12,4,278.75,23 / 26,189121,2019-09-08 10:10:55:745,2.1353,0.828,9.9626,0.0326,-0.0056,9.8065,0.0814,-0.0016,-0.0772,-2.5,-28.25,15.75,16.02,-82.02,-160.82
52.405594,-1.52145,142.98,10.12,4,278.75,23 / 26,189222,2019-09-08 10:10:55:846,-0.2284,0.2713,9.6787,0.0099,0.0049,9.8066,0.0197,-0.301,0.0967,-2.94,-28.06,15.69,9.31,-82.19,-162.32
52.405594,-1.52145,142.98,10.12,4,278.75,23 / 26,189322,2019-09-08 10:10:55:946,1.1865,0.5052,10.4083,-0.0122,-0.0302,9.8065,0.1503,-0.0654,-0.1571,-2.62,-27.62,15.13,7.41,-82.17,-163.19
52.405594,-1.52145,142.98,10.12,4,278.75,23 / 26,189421,2019-09-08 10:10:56:045,-1.5447,0.2909,9.5266,-0.0102,-0.0253,9.8065,-0.0257,0.0257,-0.0978,-2.56,-27.62,16.25,10.84,-81.96,-161.24
52.405594,-1.52145,142.98,10.12,4,278.75,23 / 26,189521,2019-09-08 10:10:56:145,0.8421,1.2328,8.8466,0.0231,0.0265,9.8065,-0.1589,0.0186,-0.1333,-2.75,-27.44,15.88,10.2,-82.02,-161.61
52.405594,-1.52145,142.98,10.12,4,278.75,23 / 26,189621,2019-09-08 10:10:56:245,-0.2838,1.5528,9.6949,0.0115,0.0128,9.8065,0.1297,-0.0404,0.0001,-1.62,-26.62,15.94,14.03,-81.99,-162.22
52.405594,-1.52145,142.98,10.12,4,278.75,23 / 26,189721,2019-09-08 10:10:56:345,-0.0558,1.2154,9.6975,0.0005,-0.0167,9.8066,0.0999,0.0168,-0.0304,-2.12,-27.37,15.19,13.69,-81.96,-162.24
52.405594,-1.52145,142.98,10.12,4,278.75,24 / 26,189822,2019-09-08 10:10:56:446,-1.4603,0.1169,10.1066,-0.0066,-0.0147,9.8066,-0.0016,-0.0299,0.001,-2.5,-27.94,14.69,14.75,-81.84,-161.64
52.405594,-1.52145,142.98,10.12,4,278.75,24 / 26,189922,2019-09-08 10:10:56:546,-0.7753,0.4354,9.4679,0.008,-0.0043,9.8066,0.0017,-0.016,-0.0416,-2.25,-27.94,15.06,14.95,-81.88,-161.47
52.405594,-1.52145,142.98,10.12,4,278.75,24 / 26,190021,2019-09-08 10:10:56:645,-0.0639,1.5141,9.884,0.0091,0.0032,9.8066,0.0078,-0.0301,-0.0394,-2.87,-28.94,14.25,8.23,-82.05,-162.05
52.405594,-1.52145,142.98,10.12,4,278.75,24 / 26,190121,2019-09-08 10:10:56:745,0.3772,1.2655,9.9333,-0.0033,-0.0019,9.8066,0.0261,-0.0214,-0.0144,-2.31,-27.5,14.38,13.3,-82.18,-162.12
52.405594,-1.52145,142.98,10.12,4,278.75,24 / 26,190221,2019-09-08 10:10:56:845,-0.3615,1.6481,9.557,-0.0063,-0.0011,9.8066,0.0134,0.018,-0.025,-2.62,-27.75,14.94,9.67,-82.14,-161.52
52.405594,-1.52145,142.98,10.12,4,278.75,24 / 26,190321,2019-09-08 10:10:56:945,-0.317,1.0244,10.093,-0.0002,-0.0035,9.8066,0.0038,-0.0041,-0.0197,-3.69,-28.37,15.19,5.46,-82.12,-161.01
52.405594,-1.52145,142.98,10.12,4,278.75,24 / 26,190421,2019-09-08 10:10:57:045,0.011,1.0439,9.1524,0.0042,0.0088,9.8065,0.0769,-0.016,0.0023,-3.19,-28.06,14.81,10.29,-82.16,-161.05
52.405594,-1.52145,142.98,10.12,4,278.75,24 / 26,190522,2019-09-08 10:10:57:146,-0.1239,1.4512,10.1723,0.0103,-0.0142,9.8066,0.0714,-0.0077,0.0109,-3.81,-28.19,15.06,4.96,-82.22,-161.36
52.405594,-1.52145,142.98,10.12,4,278.75,24 / 26,190622,2019-09-08 10:10:57:246,0.3821,1.3767,9.7695,0.0107,-0.0229,9.8065,-0.0393,0.005,0.0252,-3.06,-28.12,15.19,8.96,-82.31,-162
52.405594,-1.52145,142.98,10.12,4,278.75,24 / 26,190722,2019-09-08 10:10:57:346,0.15,1.4683,9.6426,-0.0028,0.0176,9.8066,0.0102,-0.0092,0.0293,-2.69,-28.12,15.25,10.07,-82.36,-161.15
52.405594,-1.52145,142.98,10.12,4,278.75,24 / 26,190821,2019-09-08 10:10:57:445,-0.0248,1.5871,9.8258,-0.0092,0.0019,9.8065,-0.0032,-0.0047,0.0246,-3,-28.12,15.5,11.82,-82.44,-160.32
52.405594,-1.52145,142.98,10.12,4,278.75,25 / 26,190921,2019-09-08 10:10:57:545,0.2324,1.1137,9.6452,0.0001,0.0115,9.8066,-0.0122,0.0119,-0.0109,-3,-28.44,15.56,11.76,-82.39,-160.39
52.405594,-1.52145,142.98,10.12,4,278.75,25 / 26,191022,2019-09-08 10:10:57:646,-0.5208,1.7503,10.0949,0.0013,0.0056,9.8066,-0.0131,0.0506,-0.0721,-2.94,-28.19,15.81,11.88,-82.47,-160.26
52.405594,-1.52145,142.98,10.12,4,278.75,25 / 26,191122,2019-09-08 10:10:57:746,0.2041,0.8892,9.5111,0.0089,-0.0037,9.8066,0.0336,0.0272,-0.028,-3.37,-27.37,15.75,10.77,-82.56,-161
52.405594,-1.52145,142.98,10.12,4,278.75,25 / 26,191221,2019-09-08 10:10:57:845,-0.2528,1.496,10.0638,-0.0029,-0.0132,9.8066,-0.0032,0.0335,-0.0101,-3.44,-27.87,15,10.61,-82.62,-160.65
52.405594,-1.52145,142.98,10.12,4,278.75,25 / 26,191321,2019-09-08 10:10:57:945,0.4412,1.4303,9.4763,0.0018,0.0094,9.8066,-0.0038,-0.0141,0.0052,-2.87,-27.69,14.94,10.67,-82.67,-160.58
52.405594,-1.52145,142.98,10.12,4,278.75,25 / 26,191422,2019-09-08 10:10:58:046,-0.0751,1.3097,9.706,-0.0072,-0.0003,9.8066,-0.0283,0.0085,0.0124,-3.06,-27.19,15.13,10.88,-82.67,-160.33
52.405594,-1.52145,142.98,10.12,4,278.75,25 / 26,191522,2019-09-08 10:10:58:146,-0.0301,1.5413,9.9521,0.0033,0.0061,9.8066,0.004,0.0191,-0.0305,-4.19,-29,15.38,7.03,-82.64,-159.78
52.405594,-1.52145,142.98,10.12,4,278.75,25 / 26,191622,2019-09-08 10:10:58:246,-0.4518,1.0527,9.9793,0.0001,-0.0029,9.8065,0.0223,0.0003,0.006,-3.69,-28.44,15.06,6.89,-82.7,-159.81
52.405594,-1.52145,142.98,10.12,4,278.75,25 / 26,191721,2019-09-08 10:10:58:345,0.338,1.1273,9.9313,0.002,-0.0004,9.8066,0.0272,0.0085,-0.0168,-2.56,-27.94,15.38,11.43,-82.75,-159.97
52.405594,-1.52145,142.98,10.12,4,278.75,23 / 25,191821,2019-09-08 10:10:58:445,-0.1774,1.3906,9.988,-0.0011,0.0056,9.8066,0.0052,-0.0006,-0.0105,-3.06,-28,15.56,12.23,-82.8,-159.86
52.405594,-1.52145,142.98,10.12,4,278.75,23 / 25,191922,2019-09-08 10:10:58:546,-0.204,1.3524,10.0299,0.0073,0.0014,9.8066,0.0113,0.0064,-0.0138,-3.5,-29.19,15,11.6,-82.88,-159.89
52.405594,-1.52145,142.98,10.12,4,278.75,23 / 25,192021,2019-09-08 10:10:58:645,0.1826,1.1893,9.5497,-0.0013,-0.0045,9.8066,-0.0074,-0.0135,-0.0013,-2.81,-28.31,15.5,11.62,-82.89,-160.31
52.405594,-1.52145,142.98,10.12,4,278.75,23 / 25,192121,2019-09-08 10:10:58:745,-0.2327,1.5166,9.6662,-0.0053,0.0064,9.8066,-0.0104,-0.0295,0.0107,-2.25,-28.31,15.5,16.71,-82.91,-159.82
52.405594,-1.52145,142.98,10.12,4,278.75,23 / 25,192221,2019-09-08 10:10:58:845,0.1633,0.8391,9.9715,0.0026,-0.0004,9.8066,0.0019,-0.0044,0.0027,-2.75,-28.12,15.5,12,-82.9,-160
52.405594,-1.52145,142.98,10.12,4,278.75,23 / 25,192321,2019-09-08 10:10:58:945,-0.0603,1.5063,9.9478,0.0032,0.0048,9.8066,0.0026,-0.0087,0.0132,-3.12,-28.81,16.06,12.21,-82.95,-159.91
52.405594,-1.52145,142.98,10.12,4,278.75,23 / 25,192421,2019-09-08 10:10:59:045,-0.1236,1.273,10.1201,-0.0019,0.0088,9.8066,-0.0065,-0.0046,0.0031,-3,-28.69,15.44,11.35,-83.03,-160.02
52.405594,-1.52145,142.98,10.12,4,278.75,23 / 25,192521,2019-09-08 10:10:59:145,-0.0106,0.9227,9.7653,0.0054,0.0034,9.8066,-0.0154,-0.0114,-0.0044,-3.25,-28.19,15.38,11.74,-83.05,-159.62
52.405594,-1.52145,142.98,10.12,4,278.75,23 / 25,192622,2019-09-08 10:10:59:246,-0.0861,1.0112,9.6742,0.002,0.0094,9.8066,-0.0233,0.0001,-0.0148,-2.87,-28.44,15,10.91,-83.15,-160.22
52.405594,-1.52145,142.98,10.12,4,278.75,23 / 25,192722,2019-09-08 10:10:59:346,0.4023,1.3431,9.8756,0.0034,0.0011,9.8066,-0.0204,0.0121,-0.0306,-2.31,-27.94,16.13,15.8,-83.23,-160.37
52.405594,-1.52145,142.98,10.12,4,278.75,23 / 25,192822,2019-09-08 10:10:59:446,-0.0781,1.6094,10.0213,-0.0045,0.0081,9.8066,-0.0269,-0.024,-0.0028,-3.06,-28.06,15.63,12,-83.28,-159.86
52.405594,-1.52145,142.98,10.12,4,278.75,23 / 26,192922,2019-09-08 10:10:59:546,-0.4913,1.1004,9.9263,0.0018,0.0053,9.8066,0.0039,0.0273,-0.0443,-2.87,-27.94,15.75,11.79,-83.25,-160.04
52.405594,-1.52145,142.98,10.12,4,278.75,23 / 26,193021,2019-09-08 10:10:59:645,-0.0531,0.861,9.8264,-0.0011,0.0021,9.8066,-0.0095,-0.0175,0.0059,-2.62,-27.94,15.56,11.29,-83.29,-160.42
52.405594,-1.52145,142.98,10.12,4,278.75,23 / 26,193122,2019-09-08 10:10:59:746,0.0213,1.2394,9.7735,0.004,0.0034,9.8066,0.0091,-0.0102,-0.0211,-2.69,-28.81,15.81,11.45,-83.34,-160.35
52.405594,-1.52145,142.98,10.12,4,278.75,23 / 26,193222,2019-09-08 10:10:59:846,0.0535,0.8275,10.0127,-0.0002,0.0034,9.8066,0.0018,-0.0005,-0.0165,-2.31,-28.37,15.69,15.55,-83.38,-160.5
52.405594,-1.52145,142.98,10.12,4,278.75,23 / 26,193321,2019-09-08 10:10:59:945,-0.061,0.9002,9.8988,-0.0023,0.0049,9.8066,0.0115,-0.025,-0.0121,-2.31,-28,15.5,15.93,-83.43,-160.17
52.405594,-1.52145,142.98,10.12,4,278.75,23 / 26,193422,2019-09-08 10:11:00:046,0.1865,0.9588,9.7209,-0.0021,0.0024,9.8066,-0.0273,-0.0113,0.0046,-2.31,-27.94,15.94,15.97,-83.48,-160.12
52.405594,-1.52145,142.98,10.12,4,278.75,23 / 26,193521,2019-09-08 10:11:00:145,-0.0165,0.7747,9.5958,-0.003,0.0075,9.8066,-0.0105,0.0036,0.0128,-2.5,-27.87,15.69,16.74,-83.57,-159.45
52.405594,-1.52145,142.98,10.12,4,278.75,23 / 26,193621,2019-09-08 10:11:00:245,0.2863,1.0945,10.1983,0.003,0.0081,9.8066,0.0348,-0.028,0.0039,-2.69,-28.31,15.94,12.44,-83.67,-159.36
52.405594,-1.52145,142.98,10.12,4,278.75,23 / 26,193721,2019-09-08 10:11:00:345,-0.1649,0.9485,9.93,0.0022,0.0092,9.8066,0.0455,-0.0119,0.0119,-2.62,-27.87,15.69,12.39,-83.7,-159.38
52.405594,-1.52145,142.98,10.12,4,278.75,23 / 26,193822,2019-09-08 10:11:00:446,-0.0907,0.3692,9.4498,-0.0033,0.0037,9.8066,-0.0296,0.0126,-0.0065,-2.81,-27.87,15.88,12.54,-83.68,-159.27
52.405594,-1.52145,142.98,10.12,4,278.75,24 / 27,193922,2019-09-08 10:11:00:546,0.159,1.212,10.1078,0.0022,0.0125,9.8066,-0.0473,-0.004,0.0059,-2.19,-27.69,15.63,16.94,-83.82,-159.15
52.405594,-1.52145,142.98,10.12,4,278.75,24 / 27,194021,2019-09-08 10:11:00:645,-0.1586,0.8486,10.1534,-0.0007,0.0072,9.8066,-0.0216,0.0194,0.0062,-2.19,-28.25,15.13,16.82,-83.86,-158.96
52.405594,-1.52145,142.98,10.12,4,278.75,24 / 27,194121,2019-09-08 10:11:00:745,0.0879,0.8401,9.8961,0.0022,0.0028,9.8066,-0.0197,0.006,0.0135,-2.19,-27.69,15.56,17.18,-83.92,-158.9
52.405594,-1.52145,142.98,10.12,4,278.75,24 / 27,194222,2019-09-08 10:11:00:846,0.1237,0.6699,9.7293,-0.0003,0.0044,9.8066,-0.0005,0.0066,0.004,-2.12,-27.87,15.31,16.71,-83.99,-158.98
52.405594,-1.52145,142.98,10.12,4,278.75,24 / 27,194322,2019-09-08 10:11:00:946,-0.0474,0.4987,9.8333,0.0012,0.0021,9.8066,-0.0011,0.0039,-0.0001,-1.62,-27.19,14.63,16.72,-83.99,-158.85
52.405594,-1.52145,142.98,10.12,4,278.75,24 / 27,194422,2019-09-08 10:11:01:046,-0.15,0.3572,9.9436,-0.001,0.0052,9.8066,-0.0101,0.0061,0.0134,-1.87,-27.81,15.13,16.94,-84.05,-158.76
52.405594,-1.52145,142.98,10.12,4,278.75,24 / 27,194522,2019-09-08 10:11:01:146,0.0203,0.2776,9.8422,0.0014,0.0027,9.8066,0.0049,0.0114,0.0133,-1.81,-27.75,14.75,17.04,-84.11,-158.64
52.405594,-1.52145,142.98,10.12,4,278.75,24 / 27,194621,2019-09-08 10:11:01:245,-0.0568,0.4861,9.7041,0.0012,0.0023,9.8066,0.0112,-0.0125,0.0077,-1.94,-28.12,15.19,17,-84.17,-158.64
52.405594,-1.52145,142.98,10.12,4,278.75,24 / 27,194721,2019-09-08 10:11:01:345,0.113,0.7741,10.0257,0.0003,0.0081,9.8066,0.008,0.0018,-0.0176,-2.94,-27.87,15.25,12.6,-84.21,-158.47
52.405594,-1.52145,142.98,10.12,4,278.75,24 / 27,194821,2019-09-08 10:11:01:445,-0.0874,0.521,9.8825,-0.0006,0.0029,9.8066,0.0056,-0.0052,-0.0163,-2.87,-28.62,15.06,12.89,-84.26,-158.29
52.405693,-1.522239,142.87,1.01,4,286.22,24 / 26,194922,2019-09-08 10:11:01:546,-0.1434,0.674,9.7525,-0.0022,0.0024,9.8066,0.0075,-0.0021,0.0063,-3.06,-28.12,15.06,13.34,-84.3,-157.82
52.405693,-1.522239,142.87,1.01,4,286.22,24 / 26,195021,2019-09-08 10:11:01:645,-0.0992,0.5304,9.766,-0.0001,0.0022,9.8066,-0.0008,0.0063,0.004,-2.81,-28.44,15.13,13.88,-84.36,-157.35
52.405693,-1.522239,142.87,1.01,4,286.22,24 / 26,195121,2019-09-08 10:11:01:745,0.0368,0.1778,9.7951,-0.001,0.0018,9.8066,0.0267,-0.0091,0.0045,-3.06,-28.25,14.63,14.16,-84.4,-157.1
52.405693,-1.522239,142.87,1.01,4,286.22,24 / 26,195221,2019-09-08 10:11:01:845,0.1131,0.5169,9.8096,-0.0013,0.003,9.8066,-0.0144,0.0073,0.0075,-2.69,-28.44,15.31,14.52,-84.44,-156.78
52.405693,-1.522239,142.87,1.01,4,286.22,24 / 26,195322,2019-09-08 10:11:01:946,0.1885,0.2112,9.9717,-0.0005,0.0037,9.8066,-0.0054,-0.0104,0.0004,-3.44,-28.19,14.63,14.68,-84.47,-156.64
52.405693,-1.522239,142.87,1.01,4,286.22,24 / 26,195421,2019-09-08 10:11:02:045,0.0689,0.1451,9.8529,-0.0015,0.0021,9.8066,0.0215,-0.0084,-0.0027,-2.81,-28.5,14.94,14.81,-84.5,-156.51
52.405693,-1.522239,142.87,1.01,4,286.22,24 / 26,195521,2019-09-08 10:11:02:145,0.0322,-0.0772,9.7289,-0.0009,0.0038,9.8066,-0.0063,0.0007,0.005,-2.87,-28.31,14.88,14.77,-84.51,-156.55
52.405693,-1.522239,142.87,1.01,4,286.22,24 / 26,195621,2019-09-08 10:11:02:245,0.2431,0.5422,10.234,0,0.0077,9.8065,-0.0272,0.0068,-0.0071,-3.31,-28.69,14.81,15.15,-84.59,-156.28
52.405693,-1.522239,142.87,1.01,4,286.22,24 / 26,195722,2019-09-08 10:11:02:346,0.0116,0.125,9.6437,0.0016,-0.0011,9.8066,-0.028,-0.0006,-0.0116,-2.37,-28.12,14.44,19.12,-84.61,-156.32
52.405693,-1.522239,142.87,1.01,4,286.22,26 / 28,195821,2019-09-08 10:11:02:445,0.0903,-0.1118,9.735,0.0013,0.0005,9.8066,0.014,-0.0152,-0.0056,-3.44,-28.31,14.69,14.87,-84.65,-156.4
52.405693,-1.522239,142.87,1.01,4,286.22,26 / 28,195921,2019-09-08 10:11:02:545,0.1593,0.6787,10.2537,-0.0015,0.0016,9.8066,0.0504,-0.0231,0.0137,-3,-28.69,14.25,14.31,-84.63,-156.34
52.405693,-1.522239,142.87,1.01,4,286.22,26 / 28,196021,2019-09-08 10:11:02:645,0.002,0.0161,9.5374,-0.0004,-0.0009,9.8066,-0.0006,0.0093,0.0027,-3.12,-28.31,15.19,15.09,-84.65,-156.21
52.405693,-1.522239,142.87,1.01,4,286.22,26 / 28,196122,2019-09-08 10:11:02:746,0.118,0.1199,9.9955,-0.0004,0.0067,9.8066,-0.0284,0.0093,-0.0031,-2.62,-28.69,14.69,15.41,-84.68,-156.02
52.405693,-1.522239,142.87,1.01,4,286.22,26 / 28,196221,2019-09-08 10:11:02:845,0.3442,0.1238,10.171,-0.0004,0.0054,9.8066,-0.0385,0.0076,-0.0142,-2.69,-28.62,14.69,15.57,-84.76,-155.85
52.405693,-1.522239,142.87,1.01,4,286.22,26 / 28,196321,2019-09-08 10:11:02:945,0.1165,-1.2148,9.3735,0.0016,-0.0091,9.8065,0.0044,-0.0016,-0.0047,-3.56,-27.69,15.06,10.68,-84.68,-156.21
52.405693,-1.522239,142.87,1.01,4,286.22,26 / 28,196422,2019-09-08 10:11:03:046,0.2865,-0.6474,9.7578,-0.0002,-0.0089,9.8066,0.0555,-0.0144,0.0154,-3.31,-28.37,14.81,14.82,-84.62,-156.45
52.405693,-1.522239,142.87,1.01,4,286.22,26 / 28,196522,2019-09-08 10:11:03:146,0.3415,0.1768,10.3474,0.0002,-0.0007,9.8066,0.075,-0.0218,0.0157,-2.94,-28.56,14.69,14.91,-84.57,-156.49
52.405693,-1.522239,142.87,1.01,4,286.22,26 / 28,196621,2019-09-08 10:11:03:245,0.1115,-0.4992,10.0937,0.0002,0.0026,9.8066,0.0529,-0.0279,0.0072,-2.81,-28.12,14.13,13.94,-84.59,-156.58
52.405693,-1.522239,142.87,1.01,4,286.22,26 / 28,196722,2019-09-08 10:11:03:346,0.061,-0.8839,9.3328,0,0.0012,9.8066,0.0213,-0.0186,0.0056,-3.5,-28.12,15.06,14.73,-84.6,-156.53
52.405693,-1.522239,142.87,1.01,4,286.22,24 / 27,196825,2019-09-08 10:11:03:449,0.4228,0.1154,10.3186,-0.0008,0.006,9.8066,-0.0034,-0.003,0.0023,-2.81,-28,14.88,14.86,-84.65,-156.41
52.405693,-1.522239,142.87,1.01,4,286.22,24 / 27,196922,2019-09-08 10:11:03:546,0.1238,-0.7387,9.4278,-0.0006,0.004,9.8066,-0.0362,0.0239,-0.0075,-3,-27.87,14.25,14.17,-84.66,-156.35
52.405693,-1.522239,142.87,1.01,4,286.22,24 / 27,197022,2019-09-08 10:11:03:646,0.1638,-0.4967,9.7796,0.0005,-0.0011,9.8066,-0.052,0.0156,-0.0089,-3.37,-27.75,14.75,15.1,-84.69,-156.18
52.405693,-1.522239,142.87,1.01,4,286.22,24 / 27,197122,2019-09-08 10:11:03:746,0.3387,-0.1718,10.2106,0.0007,0.004,9.8066,-0.0223,-0.0029,-0.0101,-2.75,-27.94,14.63,15.01,-84.7,-156.25
52.405693,-1.522239,142.87,1.01,4,286.22,24 / 27,197221,2019-09-08 10:11:03:845,0.1427,-0.8287,9.3434,-0.001,0.0011,9.8066,0.03,-0.0237,0.0058,-2.81,-27.44,14.5,14.93,-84.72,-156.22
52.405693,-1.522239,142.87,1.01,4,286.22,24 / 27,197321,2019-09-08 10:11:03:945,0.1213,-0.5542,9.8878,0.0001,0.0001,9.8066,0.036,-0.0192,0.019,-3.19,-27.87,14.25,14.39,-84.71,-156.14
52.405693,-1.522239,142.87,1.01,4,286.22,24 / 27,197422,2019-09-08 10:11:04:046,0.2546,-0.2613,9.9634,-0.0004,0.0022,9.8066,0.0081,0.0134,0.0085,-2.87,-28.31,13.75,14.57,-84.75,-155.98
52.405693,-1.522239,142.87,1.01,4,286.22,24 / 27,197522,2019-09-08 10:11:04:146,0.1894,-0.6311,9.6618,0.0012,0.0002,9.8066,-0.0167,0.0032,0.0032,-3.19,-28.25,14.31,14.7,-84.78,-155.86
52.405693,-1.522239,142.87,1.01,4,286.22,24 / 27,197621,2019-09-08 10:11:04:245,0.2083,-0.3192,10.1458,0.0007,-0.0013,9.8065,0.0019,-0.0109,-0.0113,-3.06,-28.06,14.44,14.5,-84.79,-156.02
52.405693,-1.522239,142.87,1.01,4,286.22,24 / 27,197721,2019-09-08 10:11:04:345,0.1087,-0.5773,9.572,-0.0015,0.0035,9.8066,0.0219,-0.0141,0.0069,-3.25,-27.75,13.94,14.32,-84.77,-156.16
52.405693,-1.522239,142.87,1.01,4,286.22,25 / 26,197821,2019-09-08 10:11:04:445,0.2759,-0.3925,10.0152,-0.0005,0.004,9.8066,0.004,0.004,0.004,-3,-28.31,14.5,15.25,-84.8,-156
52.405693,-1.522239,142.87,1.01,4,286.22,25 / 26,197922,2019-09-08 10:11:04:546,0.242,-0.22,10.2634,0.0002,0.0034,9.8066,-0.0208,0.0072,0.0074,-3.12,-28.19,14.69,15.41,-84.82,-155.85
52.405693,-1.522239,142.87,1.01,4,286.22,25 / 26,198021,2019-09-08 10:11:04:645,0.0555,-0.7846,9.3963,0.0007,0.0039,9.8066,-0.0259,0.0113,-0.0147,-3.19,-27.62,13.63,14.71,-84.86,-155.8
52.405693,-1.522239,142.87,1.01,4,286.22,25 / 26,198121,2019-09-08 10:11:04:745,0.2663,-0.2778,10.172,0.0001,-0.0025,9.8066,0.0092,-0.0196,-0.0019,-2.69,-27.81,13.81,14.65,-84.86,-155.85
52.405693,-1.522239,142.87,1.01,4,286.22,25 / 26,198221,2019-09-08 10:11:04:845,0.2093,-0.4048,10.0247,0.0002,0.0001,9.8066,0.024,-0.0125,0.0055,-3,-28.06,14.19,14.57,-84.86,-155.92
52.405693,-1.522239,142.87,1.01,4,286.22,25 / 26,198322,2019-09-08 10:11:04:946,0.1697,-0.6901,9.5714,0.0002,0.0028,9.8066,0.0176,0.0098,0.0058,-2.87,-27.5,13.69,14.55,-84.87,-155.84
52.405693,-1.522239,142.87,1.01,4,286.22,25 / 26,198421,2019-09-08 10:11:05:045,0.2077,-0.2893,10.1653,0.0008,0.003,9.8066,-0.0346,0.0185,-0.0031,-2.75,-27.81,14.56,15.5,-84.92,-155.73
52.405693,-1.522239,142.87,1.01,4,286.22,25 / 26,198521,2019-09-08 10:11:05:145,0.1426,-0.593,9.6733,-0.0003,0.0007,9.8066,-0.0258,0.0003,-0.0063,-2.94,-28.12,14.38,14.8,-84.94,-155.69
52.405693,-1.522239,142.87,1.01,4,286.22,25 / 26,198622,2019-09-08 10:11:05:246,0.2186,-0.5567,9.8407,-0.0002,-0.0001,9.8066,0.0156,-0.0129,0.0032,-3,-28.06,14.38,14.76,-84.94,-155.72
52.405693,-1.522239,142.87,1.01,4,286.22,25 / 26,198722,2019-09-08 10:11:05:346,0.1913,-0.3256,10.0247,-0.0002,0.0013,9.8066,0.0365,-0.0131,0.0051,-2.81,-28.12,13.81,14.78,-84.92,-155.71
52.405693,-1.522239,142.87,1.01,4,286.22,25 / 26,198821,2019-09-08 10:11:05:445,0.1766,-0.7076,9.4808,-0.0002,0.0029,9.8066,-0.0166,-0.0041,-0.0075,-2.56,-27.5,14.25,14.72,-84.93,-155.67
52.405693,-1.522239,142.87,1.01,4,286.22,25 / 26,198921,2019-09-08 10:11:05:545,0.2514,-0.4334,10.0987,-0.0001,-0.0001,9.8066,-0.02,0.0061,-0.0026,-3,-28.06,14.06,14.99,-84.99,-155.51
52.405693,-1.522239,142.87,1.01,4,286.22,25 / 26,199022,2019-09-08 10:11:05:646,0.1924,-0.5894,9.7287,0,0.0005,9.8066,-0.0184,0.003,-0.0121,-2.37,-28.19,14.06,19.81,-85,-155.48
52.405693,-1.522239,142.87,1.01,4,286.22,25 / 26,199121,2019-09-08 10:11:05:745,0.0716,-0.7915,9.4195,-0.0012,-0.0015,9.8065,0.0079,-0.0111,-0.0023,-2.56,-28.31,14.44,14.91,-84.98,-155.58
52.405693,-1.522239,142.87,1.01,4,286.22,25 / 26,199222,2019-09-08 10:11:05:846,0.3187,-0.1543,10.2984,-0.0004,0.0013,9.8066,0.0382,-0.0168,0.0128,-2.56,-27.75,14.88,15.62,-84.98,-155.6
52.405693,-1.522239,142.87,1.01,4,286.22,25 / 26,199322,2019-09-08 10:11:05:946,0.0779,-0.7958,9.5542,0,0.0017,9.8066,0.0099,0.0012,0.0093,-2.56,-28.81,14.38,15.14,-84.99,-155.47
52.405693,-1.522239,142.87,1.01,4,286.22,25 / 26,199422,2019-09-08 10:11:06:046,0.1003,-0.8327,9.3868,0.0004,0.0039,9.8066,-0.0279,0.0201,-0.0007,-3.25,-28.31,14.25,15.06,-85.02,-155.43
52.405693,-1.522239,142.87,1.01,4,286.22,25 / 26,199522,2019-09-08 10:11:06:146,0.391,-0.1721,10.3388,0.0009,-0.0021,9.8066,-0.0318,0.0079,-0.0136,-2.5,-28,13.44,19.34,-85.03,-155.48
52.405693,-1.522239,142.87,1.01,4,286.22,25 / 26,199622,2019-09-08 10:11:06:246,0.0874,-0.7972,9.5009,0.0001,-0.0029,9.8066,-0.0044,-0.0123,-0.0019,-2.81,-27.62,13.88,14.83,-85.01,-155.62
52.405693,-1.522239,142.87,1.01,4,286.22,25 / 26,199721,2019-09-08 10:11:06:345,0.1494,-0.7465,9.5067,-0.0005,-0.0001,9.8066,-0.0297,0.0197,-0.0012,-2.69,-28.5,14.13,14.73,-84.99,-155.72
52.405693,-1.522239,142.87,1.01,4,286.22,25 / 26,199821,2019-09-08 10:11:06:445,0.1748,-0.5988,9.8357,0,0,9.8066,-0.0301,0.0056,-0.0128,-2.12,-28.37,14.44,19.57,-84.97,-155.7
52.405693,-1.522239,142.87,1.01,4,286.22,24 / 26,199922,2019-09-08 10:11:06:546,0.3141,-0.1361,10.3175,0.0018,0.0017,9.8066,0.0077,-0.0223,0.0005,-2.56,-28.12,14,14.84,-85,-155.63
52.405693,-1.522239,142.87,1.01,4,286.22,24 / 26,200022,2019-09-08 10:11:06:646,0.1843,-0.7289,9.4561,0.0006,-0.0002,9.8066,0.0309,-0.0095,-0.0014,-2.62,-27.87,14.31,14.84,-85.01,-155.62
52.405693,-1.522239,142.87,1.01,4,286.22,24 / 26,200121,2019-09-08 10:11:06:745,0.217,-0.4478,10.0256,0.0012,-0.0036,9.8066,0.0108,-0.0004,0.0152,-2.62,-28.31,14.5,15.58,-85.03,-155.61
52.405693,-1.522239,142.87,1.01,4,286.22,24 / 26,200222,2019-09-08 10:11:06:846,0.2857,-0.0731,10.3324,-0.0001,-0.0044,9.8066,-0.0312,0.0118,-0.0008,-2.87,-28.25,14.13,14.71,-84.98,-155.74
52.405693,-1.522239,142.87,1.01,4,286.22,24 / 26,200322,2019-09-08 10:11:06:946,0.1221,-0.8055,9.3772,0.0001,0.0012,9.8066,-0.023,-0.0051,-0.0077,-2.44,-28.31,13.81,19.42,-84.97,-155.83
52.405693,-1.522239,142.87,1.01,4,286.22,24 / 26,200422,2019-09-08 10:11:07:046,0.2732,-0.287,10.1751,-0.0019,0.0008,9.8066,-0.0065,-0.0022,-0.0114,-1.62,-28.31,13.44,19.08,-84.97,-155.74
52.405693,-1.522239,142.87,1.01,4,286.22,24 / 26,200521,2019-09-08 10:11:07:145,0.2607,-0.256,10.1933,0.0013,0.0008,9.8066,0.0387,-0.0176,0.0051,-2.56,-28,14,14.63,-85,-155.79
52.405693,-1.522239,142.87,1.01,4,286.22,24 / 26,200622,2019-09-08 10:11:07:246,0.1583,-0.7523,9.4279,0.0001,-0.0001,9.8066,0.0259,0.0038,0.01,-2.69,-27.94,13.63,14.42,-85,-155.97
52.405693,-1.522239,142.87,1.01,4,286.22,24 / 26,200721,2019-09-08 10:11:07:345,0.3031,-0.1439,10.3106,0.0011,-0.0041,9.8066,-0.0177,0.0042,0.0031,-3.44,-28,13.63,14.28,-84.99,-156.1
52.405693,-1.522239,142.87,1.01,4,286.22,25 / 27,200821,2019-09-08 10:11:07:445,0.1863,-0.3671,10.0079,-0.0001,-0.0039,9.8066,-0.0475,0.0102,-0.0101,-2.25,-28.12,14.63,19.25,-84.95,-156.3
52.405693,-1.522239,142.87,1.01,4,286.22,25 / 27,200921,2019-09-08 10:11:07:545,0.2649,-0.2566,10.2074,0,0.0026,9.8066,-0.0081,-0.0098,-0.0025,-2.44,-27.69,14.19,18.74,-84.93,-156.43
52.405693,-1.522239,142.87,1.01,4,286.22,25 / 27,201021,2019-09-08 10:11:07:645,0.2132,-0.5515,9.7312,-0.0005,0,9.8066,0.0253,-0.0159,-0.0035,-3.12,-28.19,14.31,14.06,-84.95,-156.29
52.405693,-1.522239,142.87,1.01,4,286.22,25 / 27,201122,2019-09-08 10:11:07:746,0.2435,-0.6915,9.7787,0.0015,0.0015,9.8066,0.035,0.0004,0.0114,-2.81,-28.44,13.44,12.99,-84.97,-156.43
52.405693,-1.522239,142.87,1.01,4,286.22,25 / 27,201222,2019-09-08 10:11:07:846,0.2376,-0.1413,10.2668,0.0008,-0.0025,9.8066,-0.0036,0.0111,0.0106,-2.87,-27.87,14.25,13.57,-84.94,-156.71
52.405693,-1.522239,142.87,1.01,4,286.22,25 / 27,201321,2019-09-08 10:11:07:945,0.1194,-0.7089,9.5044,-0.0009,-0.0009,9.8066,-0.0335,0.0149,0.0027,-2.25,-27.62,14.5,18.67,-84.91,-156.82
52.405693,-1.522239,142.87,1.01,4,286.22,25 / 27,201422,2019-09-08 10:11:08:046,0.2745,-0.3665,10.1093,-0.0003,-0.001,9.8066,-0.0142,-0.0043,-0.0024,-2.56,-27.25,13.69,13.55,-84.89,-156.66
52.405693,-1.522239,142.87,1.01,4,286.22,25 / 27,201521,2019-09-08 10:11:08:145,0.1944,-0.2284,10.1907,0.0006,0.0023,9.8066,0.0364,-0.0165,0.0036,-2.31,-27.94,13.81,18.64,-84.91,-156.52
52.405693,-1.522239,142.87,1.01,4,286.22,25 / 27,201621,2019-09-08 10:11:08:245,0.1391,-0.788,9.4393,0.0009,-0.0013,9.8066,0.03,-0.0101,0.0152,-2.87,-28,13.63,13.62,-84.92,-156.68
52.405693,-1.522239,142.87,1.01,4,286.22,25 / 27,201721,2019-09-08 10:11:08:345,0.2288,-0.2153,10.2862,0.0007,-0.004,9.8066,-0.0164,0.0108,-0.0032,-3.25,-27.69,13.88,13.5,-84.86,-156.8
52.405693,-1.522239,142.87,1.01,4,286.22,23 / 25,201822,2019-09-08 10:11:08:446,0.1182,-0.5238,9.7217,0.0022,-0.0007,9.8066,-0.0313,0.004,-0.0007,-2.75,-27.81,13.94,13.18,-84.85,-157.07
52.405693,-1.522239,142.87,1.01,4,286.22,23 / 25,201921,2019-09-08 10:11:08:545,0.1798,-0.5481,9.8115,0.0002,0.002,9.8066,0.0241,-0.0129,-0.0059,-2.56,-28.25,14.31,13.08,-84.85,-157.15
52.405693,-1.522239,142.87,1.01,4,286.22,23 / 25,202021,2019-09-08 10:11:08:645,0.2236,-0.3228,10.0992,0.0028,-0.0002,9.8066,0.0389,-0.0187,0.0131,-2.69,-27.94,13.75,12.74,-84.86,-157.43
52.405693,-1.522239,142.87,1.01,4,286.22,23 / 25,202121,2019-09-08 10:11:08:745,-0.0348,-0.7291,9.4403,-0.0001,-0.0019,9.8066,-0.0042,0.0078,0.0005,-2.44,-27.56,14.38,17.33,-84.85,-157.64
52.405693,-1.522239,142.87,1.01,4,286.22,23 / 25,202221,2019-09-08 10:11:08:845,0.3243,-0.1849,10.1531,0.0026,-0.0005,9.8066,-0.0272,0.011,-0.005,-2.87,-27.87,13.69,12.1,-84.82,-157.97
52.405693,-1.522239,142.87,1.01,4,286.22,23 / 25,202321,2019-09-08 10:11:08:945,0.1395,-0.6348,9.6197,-0.0025,-0.0015,9.8066,-0.0012,-0.0054,0.0034,-3.12,-28.25,13.94,12.03,-84.78,-158.05
52.405693,-1.522239,142.87,1.01,4,286.22,23 / 25,202421,2019-09-08 10:11:09:045,-0.0286,-0.7845,9.486,-0.0011,0.0001,9.8066,0.0405,-0.0164,0.0078,-2.31,-28.19,13.69,17.18,-84.78,-157.81
52.405693,-1.522239,142.87,1.01,4,286.22,23 / 25,202521,2019-09-08 10:11:09:145,0.1692,-0.1447,10.3494,0.0001,-0.0003,9.8066,0.0278,-0.0093,0.0032,-2.81,-28.56,14,12.35,-84.77,-157.87
52.405693,-1.522239,142.87,1.01,4,286.22,23 / 25,202621,2019-09-08 10:11:09:245,0.0119,-0.77,9.3515,0.0024,0.0001,9.8066,0.0093,0.0017,0.0008,-2.69,-27.87,14.19,11.86,-84.76,-158.2
52.405693,-1.522239,142.87,1.01,4,286.22,23 / 25,202722,2019-09-08 10:11:09:346,0.1226,-0.8419,9.5069,0.0002,-0.0054,9.8066,-0.0528,0.0143,-0.0065,-2.25,-27.87,13.94,16.28,-84.72,-158.58
